# File generated by ImageToStl.com - Free Image and 3D model conversion tools

mtllib gravehound.mtl

o obj1
v -0.05909477 0.08484525 0.14368057
v -0.05879228 0.08529064 0.14426999
v -0.05856317 0.08448947 0.14347628
v -0.06168287 0.0836643 0.13967635
v -0.06113961 0.08238681 0.14001292
v -0.06001328 0.08412462 0.14172781
v -0.05909477 0.08484525 0.14368057
v -0.05856317 0.08448947 0.14347628
v -0.06001328 0.08412462 0.14172781
v -0.05913076 0.08345201 0.1414835
v -0.06168287 0.0836643 0.13967635
v -0.0605664 0.08281353 0.13927096
v -0.05978571 0.08331866 0.14198117
v -0.05875046 0.08434065 0.14368431
v -0.05909477 0.08484525 0.14368057
v -0.05879228 0.08529064 0.14426999
v -0.05960957 0.10452237 0.10819241
v -0.05804275 0.1012025 0.11620251
v -0.05938233 0.10164361 0.11705276
v -0.05686613 0.10266882 0.11678978
v -0.0756083 0.09399894 0.13632715
v -0.07554782 0.09349381 0.13601619
v -0.07608239 0.09444486 0.13627383
v -0.07648597 0.09434619 0.13556974
v -0.07926917 0.09987966 -0.02910268
v -0.08248416 0.09985247 -0.0244002
v -0.07733193 0.10132677 -0.02696327
v -0.07979971 0.1017439 -0.02289849
v -0.07859199 0.10437623 -0.02353301
v -0.07893421 0.10640048 -0.02307418
v -0.07365446 0.10603349 -0.02852451
v -0.0773235 0.10931606 -0.02397434
v -0.07624603 0.11098984 -0.02404981
v -0.07945124 0.11333841 -0.01722781
v -0.07925121 0.11579686 -0.0172958
v -0.08177392 0.11611955 -0.01202662
v -0.08104626 0.11893484 -0.01200651
v -0.08145607 0.11707169 -0.00816769
v -0.07879488 0.11666951 -0.00789874
v -0.08117891 0.11514611 -0.00550495
v -0.07866815 0.11499622 -0.00460403
v -0.08078016 0.11258846 -0.00335188
v -0.07891048 0.11421216 -0.00179691
v -0.08062413 0.11069541 -0.00199091
v -0.05668609 0.09227873 0.1337124
v -0.05683433 0.0916205 0.13255708
v -0.05744538 0.09158797 0.13281684
v -0.05642365 0.09230166 0.133674
v -0.05648084 0.09136767 0.13260189
v -0.05649786 0.09280785 0.13411832
v -0.05795866 0.09059051 0.13162257
v -0.05817507 0.08992269 0.13223277
v -0.05848423 0.09096176 0.13183644
v -0.05815059 0.09028274 0.13283922
v -0.05744538 0.09158797 0.13281684
v -0.05720397 0.09119165 0.13353051
v -0.05668609 0.09227873 0.1337124
v -0.05660788 0.09212884 0.13406873
v -0.05631506 0.09210537 0.13405806
v -0.05658485 0.09092335 0.13322917
v -0.05691556 0.09046356 0.13183111
v -0.05795866 0.09059051 0.13162257
v -0.05848423 0.09096176 0.13183644
v -0.05709233 0.08997604 0.13259816
v -0.07732862 0.00627445 -0.0283913
v -0.07616927 0.00654285 -0.0274515
v -0.07681452 0.00816919 -0.02796192
v -0.07814114 0.00719461 -0.02994675
v -0.07823022 0.00457849 -0.03020315
v -0.07875274 0.00480045 -0.03123123
v -0.07889057 0.00191698 -0.03161336
v -0.07829631 0.00160926 -0.02933942
v -0.07757691 0.00410128 -0.02875204
v -0.07638976 0.00458757 -0.02647152
v -0.07499786 0.00609789 -0.02811038
v -0.07527646 0.00827315 -0.02845092
v -0.07708438 0.00868878 -0.03004058
v -0.06204512 0.07721869 0.14785923
v -0.06257349 0.07735471 0.14781977
v -0.06234 0.07806146 0.14739357
v -0.05641304 0.1297282 0.03182558
v -0.05329089 0.12958311 0.03746147
v -0.05213298 0.12687664 0.03296865
v -0.05172957 0.12672195 0.03602771
v -0.051877 0.12950365 0.03736281
v -0.05132803 0.12696305 0.03659632
v -0.05060309 0.12955911 0.03802636
v -0.0498079 0.12620938 0.03722093
v -0.04812177 0.12558421 0.0396719
v -0.04716234 0.1233578 0.0389598
v -0.04710041 0.12482785 0.04466663
v -0.04366606 0.11925061 0.04243597
v -0.04518577 0.12325165 0.05065353
v -0.04206502 0.11491833 0.04800307
v -0.04320435 0.12103162 0.05347306
v -0.04230722 0.1147738 0.05186381
v -0.04196105 0.11465484 0.05271352
v -0.042663 0.11242417 0.05163339
v -0.04296657 0.11096745 0.0515091
v -0.04038453 0.11179794 0.05415635
v -0.03919713 0.10865568 0.05525195
v -0.0421997 0.10885892 0.05214545
v -0.04397362 0.10836124 0.05045884
v -0.04378971 0.10523181 0.04805374
v -0.04179165 0.10148892 0.04776624
v -0.04352178 0.10162228 0.0467341
v -0.04186901 0.10511711 0.04903946
v -0.04024319 0.10535128 0.05488925
v -0.03946826 0.10962595 0.05854784
v -0.04034634 0.11517224 0.05776802
v -0.04302566 0.12078201 0.05479323
v -0.04490633 0.12476809 0.05593151
v -0.04631547 0.12795465 0.05880281
v -0.04669701 0.12931907 0.05813232
v -0.04774882 0.13086805 0.05955169
v -0.04856391 0.13303049 0.05965146
v -0.04992499 0.13195993 0.06281929
v -0.04330042 0.12179547 0.05923913
v -0.04637685 0.12749112 0.06176798
v -0.04698141 0.126819 0.06684754
v -0.04412522 0.12192615 0.06513745
v -0.04139432 0.1162145 0.06356873
v -0.03982692 0.10884771 0.06327911
v -0.04062062 0.10457198 0.06127777
v -0.06467707 0.07809191 0.15931027
v -0.0640708 0.07816817 0.15915026
v -0.06433684 0.07794734 0.15886116
v -0.06401682 0.07637806 0.14891857
v -0.06428052 0.07558116 0.1494461
v -0.06342756 0.07703574 0.15095936
v -0.06295542 0.0770192 0.15287319
v -0.06339749 0.07599668 0.15160583
v -0.06258739 0.07734992 0.15259156
v -0.06277812 0.07623404 0.15096256
v -0.06342756 0.07703574 0.15095936
v -0.06306072 0.07763422 0.15248114
v -0.06249288 0.07860233 0.15331805
v -0.06306072 0.07763422 0.15248114
v -0.06377886 0.07644206 0.15141435
v -0.06393614 0.07505095 0.1500355
v -0.06312407 0.0756601 0.14925408
v -0.06401682 0.07637806 0.14891857
v -0.06188286 0.07847806 0.14874467
v -0.06227189 0.07800439 0.1491906
v -0.06193515 0.0791112 0.14986695
v -0.06234 0.07806146 0.14739357
v -0.06257349 0.07735471 0.14781977
v -0.06204512 0.07721869 0.14785923
v -0.06181904 0.07779317 0.14932661
v -0.06145795 0.07802573 0.14893083
v -0.0615791 0.07753394 0.14784376
v -0.06234 0.07806146 0.14739357
v -0.06188286 0.07847806 0.14874467
v -0.06163946 0.07876716 0.1500403
v -0.06175196 0.07859434 0.15014164
v -0.06209854 0.07877516 0.15022381
v -0.06194447 0.07915547 0.15049423
v -0.06196021 0.07946698 0.15022433
v -0.0619214 0.07991449 0.15061904
v -0.0617331 0.07917894 0.15042701
v -0.06196021 0.07946698 0.15022433
v -0.06193515 0.0791112 0.14986695
v -0.06110536 0.08111893 0.14642599
v -0.06114932 0.08094503 0.14701752
v -0.06084138 0.08216545 0.14736103
v -0.06086916 0.07953739 0.14607236
v -0.06066376 0.08107731 0.14652626
v -0.06077385 0.08081809 0.14707887
v -0.06172372 0.08001105 0.14615716
v -0.06124239 0.07863275 0.14528878
v -0.06245976 0.07912026 0.14506423
v -0.06219831 0.07868875 0.14435105
v -0.06211134 0.07948245 0.14380646
v -0.06152836 0.08051991 0.14518316
v -0.06110536 0.08111893 0.14642599
v -0.06050316 0.08027135 0.14529677
v -0.06152836 0.08051991 0.14518316
v -0.06090225 0.07949365 0.14413984
v -0.06211134 0.07948245 0.14380646
v -0.06316839 0.07514059 0.16005969
v -0.06298599 0.07515553 0.16029012
v -0.06340005 0.07426368 0.16035041
v -0.0634028 0.07522753 0.16046456
v -0.06321972 0.07718457 0.15989809
v -0.06420385 0.07714404 0.16036694
v -0.0640708 0.07816817 0.15915026
v -0.06369834 0.07682187 0.15919185
v -0.06433684 0.07794734 0.15886116
v -0.06352673 0.07523233 0.16022879
v -0.06467707 0.07809191 0.15931027
v -0.06467355 0.07690401 0.15957965
v -0.06352673 0.07523233 0.16022879
v -0.06467355 0.07690401 0.15957965
v -0.06467707 0.07809191 0.15931027
v -0.06665891 0.08338535 0.15834859
v -0.06672475 0.08276021 0.15817733
v -0.06665891 0.08274527 0.1582088
v -0.06665891 0.08149017 0.15876193
v -0.06749314 0.08152912 0.15864033
v -0.06717221 0.08004946 0.15952736
v -0.07485402 0.08304076 0.14075541
v -0.07337249 0.08073594 0.1440513
v -0.07430621 0.08350268 0.14070155
v -0.07583295 0.08535199 0.13749315
v -0.0751676 0.08588804 0.13749208
v -0.07646616 0.08736344 0.13386284
v -0.0759596 0.08803178 0.13433221
v -0.07727726 0.09067692 0.1316759
v -0.07840694 0.09010405 0.12990074
v -0.07824211 0.09216671 0.1290313
v -0.08005227 0.09198802 0.12675206
v -0.07744175 0.09671129 0.11544775
v -0.08078094 0.09910678 0.11494424
v -0.07723304 0.10037789 0.11466366
v -0.07348066 0.08964105 0.12799652
v -0.07692105 0.09210004 0.12258889
v -0.07300568 0.09258703 0.12281079
v -0.07350317 0.09473769 0.11871108
v -0.07807597 0.09332365 0.11908819
v -0.07403487 0.098224 0.11510796
v -0.07578673 0.10182553 0.113519
v -0.07797581 0.10284752 0.11441883
v -0.08117796 0.10260963 0.1136678
v -0.0666589 0.09310869 0.12332874
v -0.06665891 0.09452541 0.11965521
v -0.06665891 0.09663447 0.11583874
v -0.07222595 0.10126225 0.11235349
v -0.07532651 0.10379964 0.11264154
v -0.07804653 0.10542331 0.11520934
v -0.08040031 0.10492618 0.11503702
v -0.08315895 0.10244747 0.11539174
v -0.08304638 0.09876914 0.11630707
v -0.08241417 0.09583224 0.11703301
v -0.06665891 0.10082487 0.11218763
v -0.06893007 0.07974436 0.15791383
v -0.0692534 0.07992839 0.15750098
v -0.06932174 0.07984037 0.15829042
v -0.06961796 0.080122 0.15776131
v -0.0724631 0.08282634 0.15338686
v -0.0718608 0.08229829 0.15328713
v -0.07207263 0.08329573 0.15261878
v -0.07140785 0.08241028 0.15260014
v -0.07281557 0.08788512 0.14671351
v -0.07386895 0.0866855 0.1457358
v -0.07264847 0.08791231 0.14589849
v -0.07376477 0.08789845 0.14689595
v -0.07461171 0.08710847 0.14592889
v -0.07437269 0.08682579 0.14661111
v -0.07400603 0.08659962 0.14654069
v -0.07477257 0.08566083 0.14589901
v -0.07506251 0.0857563 0.14557524
v -0.07468126 0.08570831 0.1455891
v -0.07386895 0.0866855 0.1457358
v -0.07352746 0.08832784 0.14601371
v -0.07468126 0.08570831 0.1455891
v -0.07483598 0.08503568 0.14558324
v -0.07264847 0.08791231 0.14589849
v -0.07981385 0.11171423 0.11444017
v -0.07593869 0.1095977 0.11210334
v -0.0797478 0.10695364 0.11442951
v -0.07804653 0.10542331 0.11520934
v -0.07532651 0.10379964 0.11264154
v -0.07222596 0.10762733 0.11078744
v -0.07222595 0.10126225 0.11235349
v -0.06606289 0.10607939 0.11158701
v -0.06665891 0.10082487 0.11218763
v -0.06109187 0.10126226 0.1123535
v -0.05663132 0.10766732 0.11276156
v -0.05663132 0.10461148 0.11392544
v -0.05357004 0.10695364 0.11442951
v -0.05383482 0.11018231 0.11339151
v -0.05720194 0.11170837 0.11221536
v -0.05459486 0.11523467 0.11448871
v -0.05869457 0.11602196 0.11428069
v -0.065757 0.11157555 0.11252367
v -0.06563716 0.11526029 0.11479916
v -0.0723639 0.1117473 0.11132725
v -0.07701516 0.11245512 0.11302932
v -0.07252233 0.11647965 0.11397344
v -0.05520628 0.11861537 0.11764377
v -0.05950528 0.11861322 0.11559979
v -0.06584976 0.11855348 0.11674181
v -0.0600972 0.12120608 0.11924236
v -0.07252233 0.11886926 0.11573367
v -0.05566437 0.11988164 0.12137117
v -0.0592205 0.12004755 0.12457849
v -0.06192604 0.12011635 0.12478814
v -0.0660073 0.12051266 0.11978804
v -0.07252233 0.12098525 0.11954746
v -0.07763113 0.11781045 0.11798622
v -0.07795645 0.11495303 0.11513997
v -0.08003222 0.11553285 0.11640627
v -0.07991968 0.11787927 0.11902206
v -0.07742658 0.11960748 0.11977577
v -0.07679417 0.12011955 0.12244065
v -0.07252233 0.12064442 0.12424779
v -0.06657725 0.12018196 0.12378748
v -0.04851949 0.10474589 0.12469851
v -0.04827636 0.10546865 0.12544955
v -0.04939414 0.10361402 0.12680705
v -0.04879088 0.10690403 0.12277935
v -0.04946035 0.10836554 0.12445795
v -0.05172079 0.10998817 0.12081803
v -0.05064482 0.10963771 0.12513804
v -0.05345966 0.1129704 0.12248545
v -0.05130579 0.11157607 0.12685025
v -0.05073006 0.11004631 0.12687585
v -0.05221429 0.11089548 0.13009706
v -0.05147681 0.10869412 0.12806906
v -0.05259418 0.11035033 0.12976421
v -0.05229669 0.10760918 0.12937962
v -0.05053317 0.10548785 0.12808028
v -0.05215978 0.104061 0.13081715
v -0.05099121 0.10248001 0.13016801
v -0.05248264 0.10146175 0.13221252
v -0.05103222 0.10206769 0.12963887
v -0.05266715 0.1000589 0.13104811
v -0.07315142 0.08105333 0.15594347
v -0.07358158 0.08224869 0.1548516
v -0.07280166 0.08044044 0.15509802
v -0.07363185 0.08115897 0.15358852
v -0.07391517 0.08387234 0.15315911
v -0.07326298 0.08214518 0.15194829
v -0.07399568 0.08323652 0.15001258
v -0.07364079 0.08579633 0.1511402
v -0.07375415 0.08478073 0.14885673
v -0.07312329 0.08813954 0.14855322
v -0.07378764 0.08697727 0.14769283
v -0.07403951 0.09014032 0.14506158
v -0.07460343 0.08963466 0.14488555
v -0.07555053 0.09169518 0.14277969
v -0.07613097 0.09042357 0.1422319
v -0.07671037 0.09163918 0.14083757
v -0.07679379 0.09067106 0.14068504
v -0.0770727 0.09154531 0.13954729
v -0.07683458 0.09241155 0.13933392
v -0.07746219 0.09235874 0.13792148
v -0.07629932 0.09005926 0.1417609
v -0.07520538 0.08882815 0.14446524
v -0.0751139 0.08882762 0.14468552
v -0.07440271 0.08644069 0.1470373
v -0.07432733 0.08656549 0.1471397
v -0.07390722 0.08474338 0.14835212
v -0.07614656 0.09444113 0.14028817
v -0.07566613 0.09299775 0.14054155
v -0.07551838 0.09455369 0.13941127
v -0.07481583 0.09339301 0.1425578
v -0.07556861 0.0954802 0.14067917
v -0.07667036 0.09588078 0.13879892
v -0.07705583 0.09503747 0.13845116
v -0.0777969 0.09589466 0.13700885
v -0.0777225 0.09652992 0.13673146
v -0.07701312 0.09682223 0.13910724
v -0.0757646 0.09589038 0.14133152
v -0.07614544 0.09293374 0.14127177
v -0.07701494 0.09301802 0.13973451
v -0.07773677 0.09428645 0.13788575
v -0.07822507 0.09548447 0.13638744
v -0.07786923 0.09640297 0.13500646
v -0.07863007 0.09707347 0.13478936
v -0.07882102 0.095549 0.13216823
v -0.07983716 0.0965918 0.13207595
v -0.0796231 0.09492441 0.12989277
v -0.08049548 0.09643872 0.12937163
v -0.0791863 0.09616668 0.12834591
v -0.07984519 0.09783409 0.12811495
v -0.07989968 0.09752632 0.12525272
v -0.08081813 0.09903477 0.1268577
v -0.08050053 0.10025839 0.12384242
v -0.07216052 0.08999046 0.15021688
v -0.07734149 0.09358503 0.13640396
v -0.07731102 0.09550741 0.13527849
v -0.07795868 0.09473771 0.13501659
v -0.0763613 0.09416538 0.1368915
v -0.07755563 0.09520923 0.13608713
v -0.07720748 0.09412378 0.13741742
v -0.07694659 0.09268731 0.13942994
v -0.07503293 0.09194855 0.14232151
v -0.07348058 0.0914669 0.14603449
v -0.07199648 0.09302069 0.14659297
v -0.07239612 0.0927604 0.14810888
v -0.07715158 0.09284519 0.1379775
v -0.07776611 0.09295561 0.13615167
v -0.07663201 0.0930511 0.13815032
v -0.07816175 0.09397601 0.13460481
v -0.07742602 0.09318978 0.13518354
v -0.07782297 0.09346021 0.1338319
v -0.07840092 0.09462889 0.13229199
v -0.07819188 0.09428752 0.13170898
v -0.07873057 0.09404003 0.12937909
v -0.07984519 0.09535592 0.12767754
v -0.08113673 0.09627122 0.12575516
v -0.08093872 0.09478465 0.1250767
v -0.08197998 0.09762019 0.12392989
v -0.08273479 0.09587651 0.12242514
v -0.07807928 0.0952263 0.13342546
v -0.07337172 0.10463602 0.13602898
v -0.07475049 0.10620634 0.13501179
v -0.07201186 0.10447759 0.1346176
v -0.07418642 0.10229758 0.13412528
v -0.07163527 0.10356922 0.13208982
v -0.07395808 0.10375857 0.13033976
v -0.07267802 0.10653332 0.13328998
v -0.07430825 0.10713235 0.13161778
v -0.07621169 0.10493365 0.13087207
v -0.07580785 0.10632103 0.13139161
v -0.07705814 0.10559026 0.1309841
v -0.07704826 0.10205222 0.13499312
v -0.07737173 0.10161323 0.13594045
v -0.07602391 0.10259309 0.13639489
v -0.0754028 0.10246667 0.13567001
v -0.07663167 0.10174552 0.1342469
v -0.07593065 0.10265336 0.13269897
v -0.07603199 0.10368977 0.13138947
v -0.07780489 0.10444345 0.13107796
v -0.07779685 0.10594124 0.13177407
v -0.07633346 0.10679255 0.13323183
v -0.07941363 0.10556573 0.13106303
v -0.07841942 0.10679574 0.13149935
v -0.07853346 0.10463228 0.1314092
v -0.0777018 0.10301021 0.13189568
v -0.0776301 0.10184953 0.13297687
v -0.07826432 0.10234559 0.13358708
v -0.07893059 0.10211996 0.13410716
v -0.08004612 0.10310301 0.1325395
v -0.07939132 0.10120359 0.13384846
v -0.08083519 0.10146175 0.1322125
v -0.07972471 0.09852911 0.1321677
v -0.08065068 0.10005889 0.1310481
v -0.0808272 0.09815414 0.12895024
v -0.08234222 0.10133213 0.12886648
v -0.06099057 0.09848484 0.14149846
v -0.05918444 0.09863526 0.14151233
v -0.05978451 0.10005357 0.14033139
v -0.05859237 0.10004719 0.14004442
v -0.05833415 0.10072193 0.13909924
v -0.05671299 0.0993036 0.13892536
v -0.05709491 0.09998903 0.13838768
v -0.05515892 0.09918734 0.13599537
v -0.05565686 0.10072298 0.13635916
v -0.05392651 0.1012036 0.13384846
v -0.05594612 0.10161324 0.13594045
v -0.05438726 0.10211997 0.13410716
v -0.05626957 0.10205222 0.13499312
v -0.05505347 0.10234559 0.13358708
v -0.05668616 0.10174552 0.1342469
v -0.05568769 0.10184953 0.13297689
v -0.05738719 0.10265336 0.13269898
v -0.05561604 0.10301021 0.13189568
v -0.05728587 0.10368977 0.13138948
v -0.05551295 0.10444345 0.13107798
v -0.05935732 0.09458676 0.14317174
v -0.0575532 0.09589039 0.14133152
v -0.0591382 0.09514096 0.14373556
v -0.05866214 0.09692144 0.14238657
v -0.05745168 0.09798611 0.14042313
v -0.06115732 0.08999046 0.15021688
v -0.05983727 0.0914669 0.14603449
v -0.06132135 0.09302069 0.14659297
v -0.06006087 0.09410776 0.1459657
v -0.06010611 0.09601093 0.1442828
v -0.06001164 0.09744738 0.14304745
v -0.05630472 0.09682223 0.13910724
v -0.05774922 0.0954802 0.14067917
v -0.05850201 0.09339301 0.1425578
v -0.05828492 0.09194856 0.1423215
v -0.0656089 0.09535699 0.14907487
v -0.06506918 0.09607334 0.14907061
v -0.06575464 0.09631284 0.14814089
v -0.06616168 0.09906572 0.14624038
v -0.0656089 0.09794664 0.14763044
v -0.06532527 0.09886622 0.1463716
v -0.06665891 0.09844751 0.1463156
v -0.06603102 0.097146 0.14737813
v -0.06665891 0.09674436 0.14792326
v -0.0649958 0.09703133 0.14820224
v -0.06359944 0.09487426 0.14962748
v -0.06229929 0.09511802 0.14802994
v -0.0620027 0.09449821 0.14799848
v -0.06173031 0.09561887 0.14632572
v -0.06090071 0.09508335 0.14611185
v -0.0616891 0.09638005 0.14458418
v -0.06174138 0.09704733 0.14269434
v -0.06245799 0.09805439 0.14542748
v -0.06187022 0.09626964 0.14638279
v -0.06167102 0.0971268 0.14500503
v -0.06378669 0.0980432 0.14698127
v -0.06443496 0.09847629 0.14676099
v -0.06155342 0.09803946 0.14360914
v -0.06245799 0.0986214 0.14516398
v -0.06298565 0.09913293 0.14527546
v -0.06423697 0.09997622 0.14511171
v -0.06108105 0.09905931 0.14292479
v -0.0598297 0.10050376 0.14109041
v -0.05865179 0.10195515 0.13902615
v -0.05911711 0.10289767 0.13972063
v -0.05870908 0.10389192 0.13826606
v -0.06117851 0.10456027 0.13936858
v -0.06009805 0.10443065 0.13846502
v -0.06209615 0.10489313 0.13930728
v -0.06153833 0.1000637 0.14355792
v -0.06037947 0.101298 0.14163288
v -0.06151724 0.10374523 0.1406493
v -0.06276564 0.10172845 0.14318828
v -0.06482493 0.10505687 0.13984279
v -0.06490636 0.10409195 0.14097467
v -0.06549674 0.10210556 0.14298505
v -0.06600189 0.10038535 0.14462419
v -0.06665891 0.10013092 0.14415053
v -0.06715615 0.09906572 0.14624038
v -0.06731595 0.10038535 0.14462419
v -0.06908087 0.09997623 0.14511171
v -0.06782111 0.10210556 0.14298505
v -0.07055219 0.10172845 0.14318828
v -0.06841149 0.10409195 0.14097467
v -0.06665891 0.10408501 0.14084399
v -0.06665891 0.10205168 0.1426122
v -0.05999857 0.10583563 0.13902615
v -0.05962268 0.10502486 0.13872746
v -0.05850511 0.10749557 0.13791668
v -0.06199365 0.10517261 0.13944381
v -0.06487338 0.10580949 0.13925713
v -0.06665891 0.1050958 0.13957183
v -0.06849288 0.10505687 0.13984279
v -0.07180059 0.10374523 0.1406493
v -0.07293832 0.101298 0.14163288
v -0.07177948 0.1000637 0.14355792
v -0.07223678 0.09905931 0.14292479
v -0.07085985 0.0986214 0.14516398
v -0.07176442 0.09803946 0.14360914
v -0.07157645 0.09704733 0.14269434
v -0.07162872 0.09638004 0.14458418
v -0.06435417 0.10664213 0.13920964
v -0.06665891 0.10633115 0.13895363
v -0.0616891 0.10606498 0.13939899
v -0.06085761 0.10847116 0.13793163
v -0.05626472 0.10931926 0.13634317
v -0.05749564 0.10640956 0.13749585
v -0.05889801 0.10443972 0.1374217
v -0.05883773 0.10375537 0.13748518
v -0.05803464 0.10296007 0.13749902
v -0.05852815 0.10225864 0.13711552
v -0.0591553 0.10121159 0.13846609
v -0.05820853 0.10137106 0.13852157
v -0.05860928 0.1032465 0.13618261
v -0.05805977 0.10291526 0.13659972
v -0.0570326 0.10202128 0.13747397
v -0.05700342 0.10091182 0.13833967
v -0.0580658 0.10179032 0.13721794
v -0.05793211 0.1023328 0.13642263
v -0.05791504 0.10246667 0.13567001
v -0.05913137 0.10229758 0.13412528
v -0.05994609 0.10463602 0.13602898
v -0.05811535 0.10606232 0.1365816
v -0.05729391 0.10259309 0.13639489
v -0.05935972 0.10375857 0.13033976
v -0.05710616 0.10493365 0.13087209
v -0.0590096 0.10713235 0.13161778
v -0.05750998 0.10632103 0.13139161
v -0.05698433 0.10679255 0.13323185
v -0.0562597 0.10559026 0.13098411
v -0.05552093 0.10594124 0.13177407
v -0.05489842 0.10679574 0.13149936
v -0.05535008 0.10747209 0.13256723
v -0.05476414 0.10846797 0.13130307
v -0.05454605 0.10809511 0.13318864
v -0.05388842 0.10939448 0.13144387
v -0.05397413 0.10873253 0.13385591
v -0.0530953 0.11027618 0.13205357
v -0.05341741 0.11131097 0.13254482
v -0.05238013 0.11176064 0.13015839
v -0.05332684 0.11289411 0.12964153
v -0.0524954 0.11251539 0.12674408
v -0.05338467 0.11301731 0.12729618
v -0.05373596 0.11318374 0.12613283
v -0.05358688 0.10653225 0.13024588
v -0.05318316 0.10442372 0.1314055
v -0.0532717 0.10310302 0.1325395
v -0.05377011 0.10347587 0.13226159
v -0.05433998 0.10301554 0.13159217
v -0.05478432 0.10463228 0.13140923
v -0.05390419 0.10556573 0.13106304
v -0.05387365 0.1043213 0.13115533
v -0.07281557 0.08788512 0.14671351
v -0.07264847 0.08791231 0.14589849
v -0.07352746 0.08832784 0.14601371
v -0.06932174 0.07984037 0.15829042
v -0.06876466 0.07903494 0.15798691
v -0.06893007 0.07974436 0.15791383
v -0.06937819 0.0790056 0.15869153
v -0.07008193 0.07806469 0.15757726
v -0.07055558 0.07799801 0.1581144
v -0.07107878 0.07707683 0.15712813
v -0.07096648 0.07821243 0.15820561
v -0.07038001 0.07936298 0.158659
v -0.06961796 0.080122 0.15776131
v -0.07131228 0.07702617 0.15728924
v -0.07133637 0.07639034 0.15687317
v -0.07122415 0.07858528 0.15749939
v -0.07063628 0.0797657 0.15777834
v -0.06965561 0.07953313 0.15709136
v -0.0692534 0.07992839 0.15750098
v -0.06893007 0.07974436 0.15791383
v -0.06876466 0.07903494 0.15798691
v -0.07008193 0.07806469 0.15757726
v -0.07070346 0.0783266 0.15695105
v -0.07107878 0.07707683 0.15712813
v -0.07133888 0.0771627 0.15680115
v -0.07162291 0.0771515 0.15694359
v -0.07324315 0.08412252 0.14795206
v -0.07395086 0.08359604 0.1470373
v -0.07342851 0.08459029 0.14779578
v -0.07219961 0.08498928 0.14904821
v -0.07266101 0.08550242 0.14897034
v -0.07345501 0.08551574 0.14901087
v -0.07408639 0.0845743 0.14803049
v -0.07444041 0.08380034 0.14728157
v -0.07407136 0.0832248 0.14684048
v -0.07395086 0.08359604 0.1470373
v -0.07430696 0.08325306 0.14716689
v -0.07417592 0.08265353 0.14655189
v -0.07444298 0.08337469 0.14693382
v -0.07407136 0.0832248 0.14684048
v -0.07432174 0.08361365 0.14753334
v -0.07396212 0.08425372 0.14855374
v -0.07325366 0.08497221 0.14956081
v -0.07270602 0.0846223 0.14949572
v -0.07219961 0.08498928 0.14904821
v -0.07324315 0.08412252 0.14795206
v -0.07363617 0.08403929 0.14852548
v -0.07378034 0.08197451 0.15238728
v -0.07393423 0.08241883 0.15181442
v -0.07424689 0.08130722 0.15145224
v -0.07439486 0.08156379 0.15124582
v -0.07403284 0.08152324 0.1508799
v -0.07439759 0.08086663 0.15089431
v -0.07429799 0.08099466 0.15066226
v -0.07418597 0.08009 0.15031131
v -0.07387127 0.08055833 0.15057425
v -0.07360938 0.08099519 0.15105325
v -0.07286711 0.0816502 0.15172748
v -0.07140785 0.08241028 0.15260014
v -0.0718608 0.08229829 0.15328713
v -0.07286711 0.0816502 0.15172748
v -0.07337622 0.08238521 0.15146823
v -0.07306068 0.08337042 0.15279374
v -0.0724631 0.08282634 0.15338686
v -0.07337336 0.08163793 0.15232274
v -0.07386521 0.08109172 0.15140317
v -0.07360938 0.08099519 0.15105325
v -0.07399598 0.08071248 0.15097377
v -0.07387127 0.08055833 0.15057425
v -0.07207263 0.08329573 0.15261878
v -0.07140785 0.08241028 0.15260014
v -0.07632022 0.09279719 0.13789801
v -0.07602436 0.09222486 0.13792522
v -0.07631136 0.09273158 0.13726808
v -0.07348579 0.07860768 0.15402853
v -0.07285041 0.07977209 0.15417846
v -0.0732257 0.07852181 0.15435551
v -0.073485 0.07786573 0.15410377
v -0.07367009 0.07859702 0.15417098
v -0.07345924 0.07847115 0.15451662
v -0.0732257 0.07852181 0.15435551
v -0.07250573 0.07944246 0.15534337
v -0.07222888 0.07950967 0.15480465
v -0.07152513 0.08045059 0.15591893
v -0.07091161 0.08047992 0.15521429
v -0.07142774 0.08135416 0.15509428
v -0.07252695 0.08080796 0.15588638
v -0.0729166 0.07965689 0.15543459
v -0.0733711 0.08003026 0.15472679
v -0.07180256 0.08097813 0.15431872
v -0.07278325 0.08121068 0.15500572
v -0.07091161 0.08047992 0.15521429
v -0.07222888 0.07950967 0.15480465
v -0.07554782 0.09349381 0.13601619
v -0.07700315 0.09240301 0.13511899
v -0.07648597 0.09434619 0.13556974
v -0.07690191 0.09396587 0.13683015
v -0.07748768 0.09251288 0.13585989
v -0.07623014 0.09347408 0.13685149
v -0.07788747 0.09281 0.1358327
v -0.07843659 0.09141301 0.1345792
v -0.07804403 0.09304629 0.13508594
v -0.07859453 0.09156078 0.13427196
v -0.07806428 0.09125727 0.13411248
v -0.07751329 0.09295988 0.13478351
v -0.07714285 0.09447367 0.13598046
v -0.07608239 0.09444486 0.13627383
v -0.0756083 0.09399894 0.13632715
v -0.07554782 0.09349381 0.13601619
v -0.07700315 0.09240301 0.13511899
v -0.07806428 0.09125727 0.13411248
v -0.07833765 0.09021288 0.13388206
v -0.07602436 0.09222486 0.13792522
v -0.07755669 0.0909623 0.13706325
v -0.07631136 0.09273158 0.13726808
v -0.07775924 0.09126473 0.13654052
v -0.078079 0.09008965 0.13654906
v -0.07835366 0.09032701 0.13635276
v -0.07831009 0.08955999 0.1363965
v -0.07843191 0.09031582 0.1365613
v -0.078079 0.09008965 0.13654906
v -0.07755669 0.0909623 0.13706325
v -0.07799803 0.09129781 0.13717899
v -0.07708156 0.09288733 0.13737315
v -0.07811148 0.09142849 0.13678534
v -0.07691982 0.09253049 0.1380495
v -0.07602436 0.09222486 0.13792522
v -0.07632022 0.09279719 0.13789801
v -0.07595725 0.09094203 0.14085464
v -0.07566041 0.08996324 0.14042901
v -0.0762214 0.09117889 0.1401799
v -0.0763724 0.09028009 0.13962677
v -0.07715426 0.08881803 0.1400284
v -0.07732415 0.09018674 0.14018683
v -0.07746116 0.08882336 0.14026152
v -0.076184 0.09011102 0.14109254
v -0.07779797 0.08892577 0.13987106
v -0.07753675 0.0888415 0.13967051
v -0.07771268 0.08776138 0.13983373
v -0.07715426 0.08881803 0.1400284
v -0.07566041 0.08996324 0.14042901
v -0.07595725 0.09094203 0.14085464
v -0.07644547 0.09574263 0.13119265
v -0.07758925 0.09518097 0.12973806
v -0.07703505 0.09654113 0.13133027
v -0.07809167 0.09611814 0.12950177
v -0.07879653 0.09628562 0.12998237
v -0.0796438 0.09501186 0.1290852
v -0.07864425 0.0957853 0.13058297
v -0.07894878 0.09489187 0.12946604
v -0.07827535 0.09526898 0.13050991
v -0.08005286 0.09410883 0.12780343
v -0.07976323 0.09536871 0.12877475
v -0.07939919 0.09525777 0.1284238
v -0.07900999 0.0945958 0.12864247
v -0.07767768 0.09710067 0.13091156
v -0.07644547 0.09574263 0.13119265
v -0.07758925 0.09518097 0.12973806
v -0.07900999 0.0945958 0.12864247
v -0.07856903 0.09327565 0.13273311
v -0.07602271 0.09430778 0.13366656
v -0.07639996 0.09414189 0.1345088
v -0.07968071 0.09243235 0.13126414
v -0.07842487 0.09337965 0.13209891
v -0.07689524 0.09543058 0.13374284
v -0.07889575 0.09403416 0.13212557
v -0.07761768 0.09561515 0.13431196
v -0.07939665 0.09417284 0.13256028
v -0.07928011 0.09375998 0.13293847
v -0.07746149 0.09478251 0.13488752
v -0.07968071 0.09243235 0.13126414
v -0.07856903 0.09327565 0.13273311
v -0.08007509 0.09268998 0.1314332
v -0.0800942 0.09190749 0.13067418
v -0.08023597 0.09292574 0.13134362
v -0.08003727 0.09292947 0.13112064
v -0.07967026 0.09244354 0.13093449
v -0.07639996 0.09414189 0.1345088
v -0.07638552 0.09522257 0.13454933
v -0.07639996 0.09414189 0.1345088
v -0.07602271 0.09430778 0.13366656
v -0.07638552 0.09522257 0.13454933
v -0.07689524 0.09543058 0.13374284
v -0.07359755 0.08919514 0.14386089
v -0.07415922 0.08947144 0.14323735
v -0.07427268 0.08939943 0.14435324
v -0.07475736 0.08974934 0.1436646
v -0.07359755 0.08919514 0.14386089
v -0.07441685 0.0882729 0.14379849
v -0.07415922 0.08947144 0.14323735
v -0.07427268 0.08939943 0.14435324
v -0.07559127 0.08901272 0.14371848
v -0.07513026 0.08844358 0.14449671
v -0.07475736 0.08974934 0.1436646
v -0.07500594 0.08866815 0.14313386
v -0.07549586 0.08741625 0.1434779
v -0.07441685 0.0882729 0.14379849
v -0.07574032 0.08762161 0.14385076
v -0.07549586 0.08741625 0.1434779
v -0.07606591 0.08648548 0.14323413
v -0.07619221 0.087612 0.1433339
v -0.07590161 0.08745573 0.14306933
v -0.07359755 0.08919514 0.14386089
v -0.06844591 0.07672425 0.16123852
v -0.06783383 0.07656956 0.16043149
v -0.06839192 0.07747368 0.1601173
v -0.06867003 0.07491389 0.1609537
v -0.06876735 0.07380442 0.16128652
v -0.0691489 0.07464986 0.16078992
v -0.06883805 0.07637647 0.1600437
v -0.06938349 0.07478748 0.16107637
v -0.06942029 0.07665439 0.1607286
v -0.06885369 0.07502966 0.1613116
v -0.06844591 0.07672425 0.16123852
v -0.06783383 0.07656956 0.16043149
v -0.06867003 0.07491389 0.1609537
v -0.0698525 0.07740914 0.15883875
v -0.07042091 0.07623512 0.15954497
v -0.07049277 0.07776172 0.15969752
v -0.07073789 0.07660745 0.16009864
v -0.07084906 0.07515553 0.16029012
v -0.07043226 0.07522754 0.16046456
v -0.07002904 0.07663783 0.16056858
v -0.06966347 0.07647302 0.16039576
v -0.07030834 0.07523233 0.16022879
v -0.06963309 0.07634393 0.15984848
v -0.06988101 0.07781452 0.16039096
v -0.06895137 0.07765076 0.16011305
v -0.0695169 0.07817617 0.15933533
v -0.06868992 0.07746354 0.1593108
v -0.06927231 0.07797347 0.15898064
v -0.06927231 0.07797347 0.15898064
v -0.06868992 0.07746354 0.1593108
v -0.06963309 0.07634393 0.15984848
v -0.07030834 0.07523233 0.16022879
v -0.07066666 0.07514059 0.16005969
v -0.070435 0.07426367 0.16035041
v -0.06417945 0.07953313 0.15709133
v -0.06319877 0.07976571 0.15777834
v -0.06313162 0.0783266 0.15695105
v -0.06421711 0.080122 0.15776129
v -0.06458166 0.07992839 0.15750098
v -0.064905 0.07974436 0.15791383
v -0.06507041 0.07903494 0.15798691
v -0.06375312 0.0780647 0.15757726
v -0.06507041 0.07903494 0.15798691
v -0.06451333 0.07984037 0.15828988
v -0.064905 0.07974436 0.15791383
v -0.06275628 0.07707684 0.15712813
v -0.06249618 0.0771627 0.15680115
v -0.06249869 0.07639034 0.15687317
v -0.06221215 0.07715151 0.15694359
v -0.06252279 0.07702617 0.15728924
v -0.06275628 0.07707684 0.15712813
v -0.06327947 0.07799801 0.15811439
v -0.06375312 0.0780647 0.15757726
v -0.06445686 0.0790056 0.15869153
v -0.06345504 0.07936298 0.158659
v -0.0626109 0.07858528 0.15749939
v -0.06286858 0.07821243 0.15820561
v -0.05964901 0.08009001 0.15031131
v -0.05990447 0.08090184 0.15118821
v -0.06009474 0.08077648 0.15081376
v -0.06096797 0.0816502 0.15172748
v -0.06045878 0.08238523 0.15146823
v -0.05953525 0.08132536 0.15120953
v -0.05972844 0.08125922 0.1507711
v -0.05990085 0.08241884 0.15181442
v -0.06077439 0.08337042 0.15279374
v -0.06005472 0.08197452 0.15238726
v -0.06100157 0.08261299 0.15339327
v -0.06174234 0.08303972 0.15338047
v -0.06176244 0.08329573 0.15261878
v -0.06096797 0.0816502 0.15172748
v -0.06009474 0.08077648 0.15081376
v -0.06046172 0.08163793 0.15232274
v -0.06168586 0.08206305 0.15326205
v -0.0624272 0.08241028 0.15260014
v -0.06226266 0.08253298 0.15331274
v -0.0624272 0.08241028 0.15260014
v -0.06120821 0.08547841 0.14925143
v -0.06113992 0.08552642 0.14868869
v -0.06159871 0.08514877 0.14921516
v -0.06167222 0.08483034 0.14888072
v -0.06421711 0.080122 0.15776129
v -0.06458166 0.07992839 0.15750098
v -0.06451333 0.07984037 0.15828988
v -0.064905 0.07974436 0.15791383
v -0.06174234 0.08303972 0.15338047
v -0.06176244 0.08329573 0.15261878
v -0.06226266 0.08253298 0.15331274
v -0.0624272 0.08241028 0.15260014
v -0.0573491 0.0943462 0.13556974
v -0.05826582 0.09360851 0.13576229
v -0.05775268 0.09444487 0.13627383
v -0.05826774 0.09368904 0.13629889
v -0.06039409 0.08832464 0.14659777
v -0.05901919 0.08695754 0.14630546
v -0.05996127 0.08867775 0.14596142
v -0.06004465 0.08810754 0.14545308
v -0.05863552 0.08718051 0.14579019
v -0.05895775 0.08688659 0.14539923
v -0.05843507 0.08631106 0.14557524
v -0.05872502 0.08621559 0.14589901
v -0.06039409 0.08832464 0.14659777
v -0.0607505 0.08770484 0.14621317
v -0.05952457 0.08686579 0.14591341
v -0.0589387 0.08623424 0.14574112
v -0.05869392 0.08629239 0.14543764
v -0.05866155 0.08559097 0.14558324
v -0.0589387 0.08623424 0.14574112
v -0.05952457 0.08686579 0.14591341
v -0.0607505 0.08770484 0.14621317
v -0.06167222 0.08483034 0.14888072
v -0.06113992 0.08552642 0.14868869
v -0.06059187 0.08412252 0.14795206
v -0.06040655 0.08459029 0.14779578
v -0.05988421 0.08359604 0.1470373
v -0.06038005 0.08551574 0.14901087
v -0.06120821 0.08547841 0.14925143
v -0.06058141 0.08497223 0.14956081
v -0.06112906 0.08462231 0.14949572
v -0.06159871 0.08514877 0.14921516
v -0.06167222 0.08483034 0.14888072
v -0.06019891 0.08403929 0.14852546
v -0.05987295 0.08425372 0.14855374
v -0.05974862 0.0845743 0.14803047
v -0.05939465 0.08380034 0.14728157
v -0.05939204 0.08337469 0.14693382
v -0.05976366 0.08322481 0.14684047
v -0.05965916 0.08265353 0.14655189
v -0.05952811 0.08325306 0.14716689
v -0.05951332 0.08361365 0.14753282
v -0.05988421 0.08359604 0.1470373
v -0.05976366 0.08322481 0.14684047
v -0.06059187 0.08412252 0.14795206
v -0.0620325 0.08097813 0.15431875
v -0.06105182 0.08121069 0.15500572
v -0.06098466 0.0797721 0.15417844
v -0.06046396 0.08003027 0.15472677
v -0.06006524 0.07859701 0.15417098
v -0.06037584 0.07847115 0.15451662
v -0.06112393 0.07954967 0.15538871
v -0.061809 0.08062927 0.15590239
v -0.06060936 0.07852181 0.15435551
v -0.06034928 0.07860768 0.15402853
v -0.06035008 0.07786573 0.15410377
v -0.06225243 0.08147044 0.15485853
v -0.0625622 0.08123735 0.15532951
v -0.06292344 0.08047993 0.15521429
v -0.06160617 0.07950967 0.15480465
v -0.06060936 0.07852181 0.15435551
v -0.06160617 0.07950967 0.15480465
v -0.06292344 0.08047993 0.15521429
v -0.0625622 0.08123735 0.15532951
v -0.05713416 0.09284254 0.13763559
v -0.0575237 0.09273159 0.13726808
v -0.05781071 0.09222487 0.13792522
v -0.05521861 0.09124287 0.13412634
v -0.05526245 0.09187815 0.13441813
v -0.05538642 0.09110633 0.13425222
v -0.05579105 0.09304629 0.13508594
v -0.05632179 0.09295989 0.13478351
v -0.05586322 0.09151276 0.13417327
v -0.05567835 0.09100124 0.13405168
v -0.05549737 0.09021288 0.13388206
v -0.05567835 0.09100124 0.13405168
v -0.05586322 0.09151276 0.13417327
v -0.05541052 0.09171973 0.13478616
v -0.05683193 0.09240302 0.13511899
v -0.05775268 0.09444487 0.13627383
v -0.05669224 0.09447367 0.13598046
v -0.0573491 0.0943462 0.13556974
v -0.05760494 0.09347409 0.13685149
v -0.0563474 0.0925129 0.13585989
v -0.05693312 0.09396588 0.13683015
v -0.05594761 0.09281 0.1358327
v -0.05826774 0.09368904 0.13629889
v -0.05683193 0.09240302 0.13511899
v -0.05826582 0.09360851 0.13576229
v -0.05826774 0.09368904 0.13629889
v -0.05672777 0.09137089 0.13723874
v -0.05643539 0.09176454 0.13674587
v -0.05593726 0.09052065 0.13674055
v -0.05781071 0.09222487 0.13792522
v -0.0575237 0.09273159 0.13726808
v -0.05713416 0.09284254 0.13763559
v -0.05600575 0.09192722 0.13698538
v -0.05612182 0.09178907 0.13754064
v -0.05691525 0.0925305 0.1380495
v -0.05781071 0.09222487 0.13792522
v -0.05672777 0.09137089 0.13723874
v -0.0555522 0.09080655 0.13681681
v -0.05544142 0.09092923 0.13658531
v -0.05571627 0.09076442 0.13633515
v -0.05548142 0.09032702 0.13635276
v -0.05575607 0.09008966 0.13654906
v -0.055525 0.08955999 0.1363965
v -0.05540317 0.09031582 0.1365613
v -0.05575607 0.09008966 0.13654906
v -0.05593726 0.09052065 0.13674055
v -0.05931358 0.08927943 0.1430736
v -0.05843768 0.08961226 0.14370196
v -0.0582854 0.08821049 0.14309172
v -0.059698 0.08968481 0.14373927
v -0.05986174 0.08890711 0.14426094
v -0.05865035 0.08801153 0.14393663
v -0.05777765 0.08709089 0.14347097
v -0.05763972 0.08715864 0.14308852
v -0.05760734 0.08648548 0.14323413
v -0.0573808 0.08717729 0.14322615
v -0.05777765 0.08709089 0.14347097
v -0.05783163 0.08852946 0.1435798
v -0.05807065 0.08824731 0.144262
v -0.05865035 0.08801153 0.14393663
v -0.05867856 0.08931943 0.14454685
v -0.05986174 0.08890711 0.14426094
v -0.0541054 0.09794931 0.12968795
v -0.05403675 0.09849232 0.12899452
v -0.05467081 0.09725642 0.12954871
v -0.05514815 0.09729536 0.12875022
v -0.05693984 0.0954306 0.13374284
v -0.05781236 0.09430779 0.13366656
v -0.0574495 0.09522257 0.13454933
v -0.0578464 0.09423257 0.13430931
v -0.05793127 0.09076495 0.13961875
v -0.05705532 0.09109779 0.14024659
v -0.05699409 0.08979575 0.13963476
v -0.05651094 0.09018674 0.14018683
v -0.05603711 0.08892578 0.13987106
v -0.05629831 0.08884151 0.13967049
v -0.05875394 0.09035476 0.14052874
v -0.05759539 0.08957226 0.14032979
v -0.05775061 0.09061772 0.14116883
v -0.05845944 0.09107965 0.1405634
v -0.05817199 0.09126047 0.14011376
v -0.05709718 0.08979202 0.14099282
v -0.0563739 0.08882336 0.14026152
v -0.05612239 0.08776138 0.13983373
v -0.05668082 0.08881804 0.1400284
v -0.05759539 0.08957226 0.14032979
v -0.05875394 0.09035476 0.14052874
v -0.05845944 0.09107965 0.1405634
v -0.05668082 0.08881804 0.1400284
v -0.08187094 0.11953813 0.12006699
v -0.08260161 0.12105992 0.11938582
v -0.08183036 0.11974882 0.11960079
v -0.05514815 0.09729536 0.12875022
v -0.05403675 0.09849232 0.12899452
v -0.05309238 0.09651072 0.12758686
v -0.05264191 0.0973711 0.12734792
v -0.0519884 0.09603333 0.126854
v -0.05164877 0.09663395 0.12657554
v -0.05108283 0.09592612 0.12595414
v -0.0514287 0.09546473 0.12606294
v -0.0510208 0.09488066 0.12555835
v -0.05144726 0.09643499 0.12715055
v -0.05205305 0.09751032 0.12776822
v -0.05218212 0.09703667 0.12831336
v -0.05088415 0.09592187 0.12617657
v -0.05133742 0.09676996 0.12695478
v -0.0541054 0.09794931 0.12968795
v -0.05256804 0.09659127 0.12822212
v -0.0519884 0.09603333 0.126854
v -0.05104508 0.09568663 0.12626672
v -0.0514287 0.09546473 0.12606294
v -0.05514815 0.09729536 0.12875022
v -0.05309238 0.09651072 0.12758686
v -0.05467081 0.09725642 0.12954871
v -0.05374083 0.09190749 0.1306742
v -0.0543081 0.09265373 0.13153031
v -0.0543736 0.09263984 0.13114679
v -0.0543081 0.09265373 0.13153031
v -0.05385965 0.09298123 0.13171485
v -0.05489702 0.09404004 0.13347988
v -0.05574913 0.09351622 0.13329585
v -0.05637357 0.09478252 0.13488752
v -0.0570238 0.09405122 0.13470827
v -0.0578464 0.09423257 0.13430931
v -0.0574495 0.09522257 0.13454933
v -0.05621739 0.09561516 0.13431196
v -0.054768 0.09451368 0.13293529
v -0.0537127 0.09323245 0.13160391
v -0.05399701 0.09317858 0.13127747
v -0.05589107 0.09369492 0.13252883
v -0.05574913 0.09351622 0.13329585
v -0.05781236 0.09430779 0.13366656
v -0.0578464 0.09423257 0.13430931
v -0.05693984 0.0954306 0.13374284
v -0.05535688 0.09437446 0.13251442
v -0.05039805 0.12351942 0.12080415
v -0.0488537 0.12482732 0.11949517
v -0.0501106 0.12288842 0.11901032
v -0.04882853 0.12419417 0.11858894
v -0.04842485 0.12428271 0.11826195
v -0.04789396 0.12480704 0.11842409
v -0.04793492 0.12480918 0.11918581
v -0.04841216 0.1249932 0.12034647
v -0.04859554 0.12501721 0.12053636
v -0.04925003 0.12446354 0.12133966
v -0.05015684 0.12326766 0.12255261
v -0.05167555 0.1215037 0.12381092
v -0.05284131 0.12034251 0.12182722
v -0.05219407 0.11941919 0.11987337
v -0.05145942 0.12026463 0.11926209
v -0.05216766 0.11695436 0.11868389
v -0.05172196 0.11863936 0.11944079
v -0.0513465 0.11687968 0.11941466
v -0.05145514 0.11838759 0.1196008
v -0.05145895 0.11955626 0.1196008
v -0.05072156 0.1208759 0.11938584
v -0.05020374 0.12210379 0.11880869
v -0.04992557 0.12206324 0.11888818
v -0.0494803 0.12239182 0.11853453
v -0.0491419 0.12302016 0.11831317
v -0.04894551 0.12304631 0.11847423
v -0.04864962 0.1233962 0.11824273
v -0.04871038 0.12377813 0.11827316
v -0.05270774 0.11961334 0.12512948
v -0.05524042 0.11794969 0.12532632
v -0.05412097 0.11784458 0.12649767
v -0.054008 0.11962509 0.12370799
v -0.05489126 0.11832465 0.12174614
v -0.05288265 0.11787927 0.11902207
v -0.0660347 0.07766248 0.15346903
v -0.06608969 0.07847591 0.15228221
v -0.06780776 0.07756114 0.15332554
v -0.06819703 0.07824816 0.15210512
v -0.06616656 0.08118933 0.14721972
v -0.06408993 0.07839911 0.15209393
v -0.06445324 0.07763207 0.1531378
v -0.06479478 0.07676797 0.15374053
v -0.06597925 0.07673863 0.15431875
v -0.06530174 0.07629804 0.15402056
v -0.06533305 0.07625217 0.15370587
v -0.06482859 0.07672264 0.1530567
v -0.06416359 0.07748006 0.1521382
v -0.06383216 0.07810307 0.15105751
v -0.06355774 0.08122187 0.14709544
v -0.06635279 0.08283328 0.14517254
v -0.06924275 0.08083622 0.14705756
v -0.06813075 0.0777313 0.15170026
v -0.06774444 0.07711095 0.15270573
v -0.06751917 0.07667515 0.15352663
v -0.06730055 0.07669489 0.15422966
v -0.06601685 0.07608841 0.15397844
v -0.06663781 0.07620575 0.1538984
v -0.066138 0.0764346 0.15320873
v -0.06648335 0.07622871 0.15433101
v -0.0660228 0.07628044 0.15439448
v -0.066158 0.07778996 0.15086764
v -0.06606839 0.07704214 0.15222888
v -0.066138 0.0764346 0.15320873
v -0.06606839 0.07704214 0.15222888
v -0.066158 0.07778996 0.15086764
v -0.06930403 0.08062713 0.14680687
v -0.06639124 0.08049165 0.14586115
v -0.07017834 0.08227266 0.14447698
v -0.06614502 0.08226787 0.143024
v -0.07050119 0.08414117 0.14174864
v -0.0668994 0.08375178 0.1401303
v -0.07192234 0.08709513 0.13864052
v -0.0672439 0.08655108 0.13699764
v -0.07264772 0.08926713 0.13509767
v -0.06692152 0.08825155 0.13305528
v -0.07273776 0.09145249 0.13095209
v -0.06697401 0.09121085 0.12820828
v -0.07274943 0.09242913 0.12797679
v -0.06675825 0.09376051 0.12328872
v -0.07306302 0.09443419 0.12367009
v -0.07225282 0.09571063 0.11908819
v -0.07169195 0.09671128 0.11945943
v -0.06680252 0.09590638 0.11821608
v -0.06652977 0.09721801 0.11911699
v -0.06672553 0.09385172 0.12883873
v -0.06220095 0.09664887 0.12445793
v -0.06656654 0.09652565 0.12428457
v -0.06203518 0.09706012 0.11933675
v -0.06044148 0.09465983 0.12324338
v -0.06044625 0.09584504 0.11918423
v -0.06238459 0.08987789 0.13640396
v -0.06677217 0.09002618 0.13643065
v -0.06311823 0.08722262 0.13985239
v -0.06236828 0.0926361 0.13240615
v -0.06677241 0.09264836 0.13201624
v -0.06220893 0.09391252 0.1292164
v -0.06089585 0.09287401 0.12756073
v -0.06675825 0.09376051 0.12328872
v -0.06680252 0.09590638 0.11821608
v -0.07200958 0.09608132 0.12440352
v -0.06123343 0.08959893 0.13495791
v -0.0672439 0.08655108 0.13699764
v -0.06692152 0.08825155 0.13305528
v -0.06100722 0.09131914 0.13127106
v -0.06697401 0.09121085 0.12820828
v -0.06210944 0.08709354 0.13873121
v -0.0668994 0.08375178 0.1401303
v -0.072046 0.09353114 0.12876888
v -0.06310064 0.08067727 0.14672151
v -0.06639124 0.08049165 0.14586115
v -0.06319989 0.082685 0.14378355
v -0.06614502 0.08226787 0.143024
v -0.06278801 0.08442121 0.14147499
v -0.06666805 0.0875416 0.13978894
v -0.07225834 0.09216778 0.13182421
v -0.07185701 0.08970188 0.13596283
v -0.07126294 0.08715755 0.13944702
v -0.0700811 0.08450068 0.14240952
v -0.06662139 0.08483726 0.14254713
v -0.06314383 0.08475513 0.14258766
v -0.0634924 0.08301356 0.14478794
v -0.06967138 0.0825559 0.14486744
v -0.05143094 0.11937651 0.120067
v -0.05145895 0.11955626 0.1196008
v -0.05072156 0.1208759 0.11938584
v -0.07991968 0.11787927 0.11902206
v -0.08003222 0.11553285 0.11640627
v -0.08112031 0.11695434 0.11868388
v -0.08025774 0.11504585 0.11906101
v -0.08196542 0.11687968 0.11941464
v -0.08163513 0.11705142 0.12059293
v -0.08179882 0.11848202 0.12002112
v -0.08183831 0.1185012 0.11960079
v -0.07981385 0.11171423 0.11444017
v -0.08067001 0.11232231 0.11701757
v -0.08006205 0.11258048 0.1195928
v -0.08067198 0.1149941 0.12150236
v -0.08118123 0.11749735 0.1212682
v -0.08159707 0.10998817 0.12081803
v -0.07985817 0.1129704 0.12248545
v -0.08019485 0.11543737 0.1225889
v -0.08007596 0.11812782 0.12135249
v -0.0820519 0.12083911 0.12028087
v -0.08368733 0.12267559 0.11911913
v -0.08339387 0.12211978 0.11888817
v -0.0838391 0.12244409 0.11853451
v -0.08437381 0.12304631 0.11847422
v -0.08490819 0.12499321 0.12034647
v -0.08433099 0.12453984 0.12114765
v -0.0847239 0.12501721 0.12053636
v -0.08406948 0.12446354 0.12133965
v -0.08362695 0.12346236 0.12228218
v -0.08316099 0.12322606 0.12255263
v -0.0847791 0.12427739 0.11876175
v -0.08467371 0.12339621 0.11824273
v -0.08490013 0.12428273 0.11826195
v -0.08543224 0.12480705 0.11842409
v -0.08539036 0.12480919 0.11918578
v -0.0841138 0.12430246 0.12022272
v -0.08490819 0.12499321 0.12034647
v -0.08236908 0.12209845 0.12174664
v -0.08228753 0.12188774 0.12339271
v -0.08038463 0.11920797 0.12426006
v -0.07868577 0.11590996 0.12327487
v -0.07954266 0.1137849 0.12420513
v -0.08082244 0.1125154 0.12674411
v -0.0811011 0.11954667 0.11987337
v -0.08156383 0.11876523 0.11944078
v -0.08183047 0.1204705 0.11926207
v -0.08320871 0.12288842 0.11901032
v -0.08311446 0.1221742 0.11880869
v -0.08417685 0.12302017 0.11831316
v -0.08449236 0.12419418 0.11858893
v -0.08446626 0.12482733 0.11949517
v -0.08291902 0.12351944 0.12080415
v -0.0804754 0.12034249 0.1218272
v -0.07885993 0.11832464 0.12174613
v -0.07991968 0.11787927 0.11902206
v -0.08112031 0.11695434 0.11868388
v -0.08196542 0.11687968 0.11941464
v -0.08183831 0.1185012 0.11960079
v -0.08183036 0.11974882 0.11960079
v -0.08260161 0.12105992 0.11938582
v -0.08339387 0.12211978 0.11888817
v -0.0838391 0.12244409 0.11853451
v -0.08490013 0.12428273 0.11826195
v -0.08461209 0.12377813 0.11827313
v -0.08467371 0.12339621 0.11824273
v -0.08437381 0.12304631 0.11847422
v -0.08543224 0.12480705 0.11842409
v -0.08539036 0.12480919 0.11918578
v -0.08490819 0.12499321 0.12034647
v -0.0847239 0.12501721 0.12053636
v -0.08406948 0.12446354 0.12133965
v -0.08316099 0.12322606 0.12255263
v -0.08164228 0.12131327 0.12381092
v -0.07930985 0.11962509 0.12370799
v -0.07807743 0.11794969 0.12532632
v -0.08061009 0.11961334 0.12513003
v -0.07919686 0.11784459 0.12649767
v -0.0733931 0.12323779 0.12156051
v -0.07423464 0.12599225 0.11777177
v -0.07400678 0.12171653 0.12197816
v -0.07679417 0.12011955 0.12244065
v -0.0761918 0.11871298 0.12606242
v -0.07252233 0.12064442 0.12424779
v -0.07072456 0.11874338 0.12832564
v -0.06657725 0.12018196 0.12378748
v -0.06665891 0.11884365 0.12630993
v -0.06192604 0.12011635 0.12478814
v -0.07141425 0.11565766 0.13107318
v -0.07556359 0.11747441 0.12881957
v -0.07692549 0.11751443 0.12722258
v -0.06928057 0.10933153 0.13752677
v -0.07430585 0.11188758 0.13519581
v -0.07246022 0.10847116 0.13793163
v -0.06987588 0.113028 0.13396151
v -0.07664988 0.11518668 0.13093501
v -0.07762039 0.11629079 0.12874807
v -0.07919686 0.11784459 0.12649767
v -0.07807743 0.11794969 0.12532632
v -0.07885993 0.11832464 0.12174613
v -0.07742658 0.11960748 0.11977577
v -0.07880898 0.11563312 0.12803972
v -0.08007037 0.11651589 0.12735803
v -0.07986933 0.11745734 0.1269457
v -0.08080105 0.11889966 0.12594505
v -0.08061009 0.11961334 0.12513003
v -0.08126336 0.118953 0.12575196
v -0.08034474 0.11778698 0.12651098
v -0.08010481 0.11682313 0.12696813
v -0.08030029 0.11659376 0.12693983
v -0.08038794 0.11619426 0.12735701
v -0.08017991 0.1154715 0.12742151
v -0.07970039 0.11515304 0.12777144
v -0.07897684 0.11411881 0.12911882
v -0.07954127 0.11696714 0.12571411
v -0.07975073 0.1146874 0.12708549
v -0.07993317 0.11301732 0.12729618
v -0.07873189 0.11413641 0.12512469
v -0.07958188 0.11318374 0.12613282
v -0.07974072 0.11351766 0.12697721
v -0.08156388 0.12008167 0.12484945
v -0.08164228 0.12131327 0.12381092
v -0.07999092 0.11289411 0.12964152
v -0.07828987 0.11313574 0.13214423
v -0.07858686 0.11032845 0.13467202
v -0.07705313 0.10931925 0.13634317
v -0.07990042 0.11131097 0.13254482
v -0.08093772 0.11176064 0.13015839
v -0.08201203 0.11157607 0.12685026
v -0.08267296 0.10963771 0.12513803
v -0.0838575 0.10836554 0.12445795
v -0.08452696 0.10690403 0.12277935
v -0.08504147 0.10546865 0.12544955
v -0.08228562 0.10206768 0.12963887
v -0.0839237 0.10361401 0.12680706
v -0.08402529 0.10416608 0.12763114
v -0.08357266 0.10713978 0.1262155
v -0.08258779 0.11004631 0.12687585
v -0.08110356 0.11089547 0.13009706
v -0.08022254 0.11027617 0.13205357
v -0.0793437 0.10873251 0.13385591
v -0.07807126 0.10773506 0.1352561
v -0.0758222 0.10640956 0.13749585
v -0.08232663 0.10248 0.13016801
v -0.08278468 0.10548785 0.12808028
v -0.08184098 0.10869411 0.12806906
v -0.08072367 0.11035033 0.1297642
v -0.07942943 0.10939447 0.13144387
v -0.07954773 0.10347586 0.13226157
v -0.07897784 0.10301553 0.13159217
v -0.07944421 0.1043213 0.13115531
v -0.08013467 0.10442372 0.13140547
v -0.08115806 0.10406099 0.13081713
v -0.08102114 0.10760918 0.12937962
v -0.07973094 0.10653225 0.13024588
v -0.0769556 0.10709818 0.13436745
v -0.07877178 0.10809511 0.13318864
v -0.07855369 0.10846797 0.13130306
v -0.07470857 0.1032465 0.13618261
v -0.07441984 0.10443972 0.1374217
v -0.07520249 0.10606232 0.1365816
v -0.07796774 0.10747209 0.13256721
v -0.07481269 0.10749557 0.13791668
v -0.07369517 0.10502486 0.13872746
v -0.07331926 0.10583563 0.13902615
v -0.07525808 0.10291525 0.13659972
v -0.07448009 0.10375536 0.13748518
v -0.07321978 0.10443065 0.13846502
v -0.07132418 0.10517261 0.13944381
v -0.07162872 0.10606498 0.13939899
v -0.06896367 0.10664213 0.13920964
v -0.06665891 0.10737342 0.13826714
v -0.06665891 0.10948995 0.13678482
v -0.06665891 0.1133299 0.13327292
v -0.06665891 0.11585129 0.13005972
v -0.06190359 0.11565766 0.13107318
v -0.06344195 0.113028 0.13396151
v -0.06403726 0.10933153 0.13752677
v -0.06844444 0.10580949 0.13925713
v -0.059012 0.11188758 0.13519581
v -0.05473098 0.11032845 0.13467202
v -0.05524657 0.10773507 0.1352561
v -0.05636222 0.10709818 0.13436745
v -0.05856735 0.10620634 0.13501179
v -0.06130597 0.10447759 0.1346176
v -0.06168256 0.10356922 0.13208982
v -0.06063982 0.10653332 0.13328998
v -0.05502797 0.11313574 0.13214424
v -0.05666796 0.11518668 0.13093503
v -0.05775424 0.11747441 0.12881957
v -0.06259327 0.11874338 0.12832564
v -0.05569744 0.11629079 0.12874806
v -0.05639236 0.11751441 0.12722255
v -0.054341 0.11411881 0.1291188
v -0.05357714 0.11351766 0.12697721
v -0.0535671 0.11468741 0.12708548
v -0.05361746 0.11515306 0.12777142
v -0.05450887 0.11563312 0.12803973
v -0.05412097 0.11784458 0.12649767
v -0.05524042 0.11794969 0.12532632
v -0.05712604 0.11871298 0.12606242
v -0.0592205 0.12004755 0.12457849
v -0.05489126 0.11832465 0.12174614
v -0.05566437 0.11988164 0.12137117
v -0.05520628 0.11861537 0.11764377
v -0.05288265 0.11787927 0.11902207
v -0.05311973 0.11560325 0.11696849
v -0.05216766 0.11695436 0.11868389
v -0.05459486 0.11523467 0.11448871
v -0.05145514 0.11838759 0.1196008
v -0.05150732 0.11838812 0.12002112
v -0.0513465 0.11687968 0.11941466
v -0.05459486 0.11523467 0.11448871
v -0.05264784 0.11232231 0.11701757
v -0.05383482 0.11018231 0.11339151
v -0.05301973 0.11504585 0.119061
v -0.05167293 0.11705142 0.12059293
v -0.05212291 0.11749735 0.12126821
v -0.05263534 0.11499411 0.12150238
v -0.0532558 0.11258048 0.11959282
v -0.05311151 0.11543738 0.1225889
v -0.05323456 0.11812782 0.12135249
v -0.05125844 0.12071855 0.12028088
v -0.04963199 0.12267558 0.11911964
v -0.04992557 0.12206324 0.11888818
v -0.0494803 0.12239182 0.11853453
v -0.04894551 0.12304631 0.11847423
v -0.04854471 0.12427738 0.11876174
v -0.04864962 0.1233962 0.11824273
v -0.04842485 0.12428271 0.11826195
v -0.04789396 0.12480704 0.11842409
v -0.04793492 0.12480918 0.11918581
v -0.04920858 0.12430246 0.12022272
v -0.05094564 0.12213475 0.12174667
v -0.05293266 0.11920797 0.12426006
v -0.05461073 0.11590995 0.12327486
v -0.05377513 0.11378488 0.12420511
v -0.05458595 0.11413641 0.12512471
v -0.05377657 0.11696713 0.12571408
v -0.04841216 0.1249932 0.12034647
v -0.04898924 0.12453983 0.12114765
v -0.04969104 0.12346235 0.12228219
v -0.0510303 0.12207339 0.12339272
v -0.0517539 0.1201558 0.12484945
v -0.05205443 0.118953 0.12575196
v -0.0529731 0.11778698 0.12651047
v -0.05301752 0.11659378 0.12693983
v -0.05313791 0.11547149 0.12742151
v -0.05321303 0.11682314 0.12696813
v -0.04841216 0.1249932 0.12034647
v -0.04859554 0.12501721 0.12053636
v -0.04925003 0.12446354 0.12133966
v -0.05015684 0.12326766 0.12255261
v -0.05167555 0.1215037 0.12381092
v -0.05270774 0.11961334 0.12512948
v -0.05251678 0.11889966 0.12594505
v -0.05344847 0.11745734 0.12694572
v -0.05324749 0.11651589 0.12735803
v -0.05292989 0.11619426 0.12735698
v -0.08361288 0.12899052 0.10191061
v -0.08077756 0.12997037 0.10511366
v -0.08360557 0.12979968 0.10182791
v -0.08078494 0.12911053 0.10513604
v -0.07850441 0.12896223 0.1077316
v -0.08415832 0.12959699 0.09716281
v -0.08254064 0.12902944 0.10106409
v -0.08482161 0.12943643 0.09791811
v -0.08686593 0.13226773 0.09268382
v -0.0848046 0.13038962 0.09805623
v -0.07910086 0.12938309 0.10349106
v -0.07683715 0.12886196 0.10532435
v -0.07851192 0.12806241 0.10770544
v -0.07526046 0.12799197 0.11250657
v -0.07519659 0.12920333 0.11275139
v -0.07378599 0.12745433 0.11762722
v -0.07115286 0.11804086 0.12652697
v -0.07303353 0.11973281 0.12439445
v -0.07142632 0.11752453 0.12549059
v -0.0734555 0.11883137 0.12406427
v -0.06916112 0.1207916 0.12407388
v -0.06850962 0.11891831 0.12622721
v -0.07115286 0.11804086 0.12652697
v -0.07150517 0.1201926 0.12454864
v -0.07303353 0.11973281 0.12439445
v -0.0733931 0.12323779 0.12156051
v -0.07096988 0.12439261 0.12154129
v -0.07378599 0.12745433 0.11762722
v -0.07202294 0.12813708 0.11680312
v -0.07519659 0.12920333 0.11275139
v -0.0744065 0.12945297 0.11118056
v -0.07850441 0.12896223 0.1077316
v -0.07728159 0.12942632 0.10658851
v -0.07962432 0.13023651 0.10448638
v -0.08077756 0.12997037 0.10511366
v -0.08254031 0.1298162 0.1014844
v -0.08360557 0.12979968 0.10182791
v -0.0848046 0.13038962 0.09805623
v -0.08398206 0.13040668 0.09756391
v -0.08686593 0.13226773 0.09268382
v -0.07301017 0.12844963 0.11030257
v -0.07026782 0.12729432 0.11528344
v -0.06966052 0.12478144 0.12002643
v -0.05799132 0.10379963 0.11264154
v -0.06028106 0.10539395 0.11512559
v -0.06109187 0.10126224 0.11235348
v -0.05527131 0.10542329 0.11520932
v -0.05765364 0.10715153 0.11672793
v -0.05357004 0.10695362 0.11442949
v -0.05580104 0.10858529 0.11811636
v -0.05215315 0.10795427 0.11683033
v -0.05165282 0.10831964 0.11658174
v -0.05143424 0.11022389 0.11681804
v -0.05629949 0.11248603 0.11804326
v -0.05264784 0.11232229 0.11701756
v -0.05311973 0.11560323 0.11629639
v -0.05625883 0.11541386 0.11969575
v -0.05216765 0.11695433 0.11868387
v -0.05288264 0.11787924 0.11902204
v -0.05489125 0.11832464 0.12174616
v -0.05799991 0.11608168 0.12182508
v -0.06655866 0.11189878 0.11888231
v -0.05712604 0.11871241 0.12606241
v -0.05955062 0.11794538 0.12863605
v -0.05964435 0.11636707 0.12429579
v -0.06254785 0.11609609 0.12607521
v -0.06259327 0.11874335 0.12832563
v -0.06665891 0.11884309 0.1263099
v -0.06665891 0.11646359 0.12518284
v -0.07166202 0.11637826 0.12583357
v -0.07603096 0.11591793 0.12082282
v -0.07345816 0.11872789 0.12719375
v -0.0783909 0.11832463 0.12174612
v -0.08040036 0.11787924 0.11902205
v -0.08018621 0.11560323 0.11629639
v -0.07679068 0.11287222 0.11808009
v -0.07768926 0.10935283 0.11815741
v -0.06805382 0.10694774 0.11454576
v -0.06256252 0.10352705 0.11491382
v -0.07532652 0.10379963 0.11264154
v -0.07303677 0.10539395 0.11512559
v -0.07804653 0.10542329 0.11520932
v -0.07222596 0.10126224 0.11235348
v -0.0707553 0.10352705 0.11491381
v -0.06665891 0.10320488 0.11345657
v -0.06665891 0.10082486 0.11037404
v -0.07503826 0.10658824 0.11701486
v -0.07629014 0.10771476 0.11644091
v -0.0797478 0.10695361 0.11442949
v -0.08116468 0.10795427 0.11683033
v -0.08166501 0.10831964 0.11658174
v -0.0818836 0.1102239 0.11681803
v -0.08067001 0.11232228 0.11701701
v -0.05489318 0.10888134 0.0835387
v -0.05812057 0.10775638 0.08267192
v -0.05665526 0.10557265 0.080581
v -0.05854625 0.10484564 0.08233377
v -0.05865418 0.10223517 0.07754061
v -0.06162556 0.09914891 0.08008493
v -0.06072201 0.10202927 0.08454309
v -0.0641656 0.10125263 0.08546641
v -0.06552947 0.09733056 0.07970462
v -0.06619988 0.09793063 0.08000013
v -0.0659878 0.10243145 0.08637798
v -0.06198961 0.10365562 0.09074225
v -0.05895882 0.1053369 0.08939969
v -0.05678878 0.10871225 0.0883057
v -0.06665892 0.10412606 0.09178612
v -0.06519229 0.10396659 0.09171465
v -0.06665891 0.10374202 0.09928734
v -0.06665891 0.10312594 0.08536987
v -0.0666589 0.09762447 0.07959687
v -0.06654129 0.09621734 0.07997292
v -0.06256893 0.09680834 0.08014839
v -0.05907689 0.09929346 0.07861809
v -0.0550748 0.10320915 0.07615378
v -0.05481204 0.10637168 0.07980116
v -0.0514304 0.10977157 0.07751127
v -0.05168671 0.11310158 0.08158857
v -0.05193042 0.11297464 0.0763426
v -0.05185039 0.11674576 0.07942244
v -0.05048953 0.11822703 0.07577879
v -0.05057702 0.12039106 0.07833057
v -0.07300766 0.10276056 0.10509127
v -0.07436178 0.10206074 0.10786864
v -0.07270181 0.10242718 0.10792997
v -0.07391226 0.10140572 0.1107405
v -0.0724509 0.10159348 0.11057834
v -0.07232438 0.09982845 0.11415318
v -0.07323807 0.09942734 0.11413025
v -0.07180757 0.09874832 0.11367473
v -0.07177198 0.10086486 0.11065675
v -0.07232438 0.09982845 0.11415318
v -0.0724509 0.10159348 0.11057834
v -0.06938044 0.10053254 0.09117483
v -0.07145356 0.09909397 0.09564954
v -0.07181457 0.10014264 0.09614401
v -0.07094589 0.10112674 0.09692757
v -0.07305668 0.10051228 0.09975404
v -0.07230836 0.10155082 0.10075152
v -0.0748591 0.10222235 0.10481494
v -0.07487023 0.10016663 0.10749528
v -0.07456417 0.09970418 0.11059593
v -0.07382968 0.09809224 0.11405556
v -0.07215101 0.10145853 0.10768463
v -0.07270181 0.10242718 0.10792997
v -0.07269648 0.09893128 0.09983511
v -0.07154636 0.10066163 0.10108487
v -0.07432787 0.10054269 0.10409325
v -0.07233612 0.10162497 0.10513339
v -0.07033792 0.10074431 0.09731374
v -0.07230836 0.10155082 0.10075152
v -0.07300766 0.10276056 0.10509127
v -0.06330584 0.1004696 0.08353764
v -0.06607561 0.10045946 0.08700314
v -0.06656551 0.10069578 0.08703461
v -0.06660177 0.10136518 0.08795952
v -0.06860452 0.1011481 0.0908564
v -0.0685768 0.09943321 0.09116578
v -0.06584819 0.10102489 0.0883617
v -0.06330584 0.1004696 0.08353764
v -0.06660177 0.10136518 0.08795952
v -0.06860452 0.1011481 0.0908564
v -0.06798408 0.10085952 0.09140848
v -0.07094589 0.10112674 0.09692757
v -0.05878977 0.06922568 -0.02296481
v -0.06118437 0.06802446 -0.02963985
v -0.0572092 0.06399196 -0.02456363
v -0.06620348 0.09115643 -0.04431892
v -0.06271259 0.09278065 -0.04044296
v -0.0661846 0.0895509 -0.04412375
v -0.06622666 0.09377702 -0.04084994
v -0.06293035 0.09531429 -0.03877747
v -0.06537307 0.09747615 -0.03900491
v -0.06634361 0.09706651 -0.03925413
v -0.06638243 0.09992605 -0.0383493
v -0.06502805 0.1004424 -0.03759583
v -0.07005427 0.09278064 -0.04044296
v -0.06725942 0.08981919 -0.04389566
v -0.0545042 0.0346054 -0.04155448
v -0.05163269 0.03593826 -0.04251634
v -0.05474396 0.03623797 -0.04290885
v -0.05174812 0.03451061 -0.04114803
v -0.05440626 0.03132344 -0.04111448
v -0.05182595 0.03135928 -0.04053019
v -0.05171885 0.02345541 -0.03857152
v -0.04925202 0.02344725 -0.04008092
v -0.04909099 0.03139273 -0.04230754
v -0.04862085 0.02327411 -0.04303462
v -0.04855775 0.03121095 -0.04608162
v -0.05023257 0.02271591 -0.04576742
v -0.05045612 0.03061215 -0.04900321
v -0.05179249 0.02988032 -0.04994046
v -0.05207322 0.03452608 -0.0521882
v -0.05402408 0.03409189 -0.05088266
v -0.05427928 0.03866553 -0.05297412
v -0.0552213 0.0361107 -0.04784437
v -0.05425368 0.04034963 -0.05192459
v -0.05565716 0.03817896 -0.0467646
v -0.05438925 0.03385528 -0.04751828
v -0.05357187 0.02964963 -0.04949304
v -0.05455759 0.03009816 -0.04684813
v -0.05249024 0.02193245 -0.04726727
v -0.05542122 0.02202728 -0.04568931
v -0.05273109 0.01501195 -0.04491407
v -0.0554553 0.01517309 -0.04357691
v -0.05248742 0.0094512 -0.04390943
v -0.05577908 0.00992065 -0.04170934
v -0.05579785 0.00554805 -0.04060637
v -0.05187328 0.00492675 -0.0426369
v -0.0554071 0.00217374 -0.04067327
v -0.05140814 0.0019092 -0.04197529
v -0.05419787 0.00034105 -0.03963606
v -0.05112591 0.00051751 -0.04102427
v -0.04740763 0.00274932 -0.041237
v -0.04745106 0.0008112 -0.04015555
v -0.04546285 0.00327819 -0.03779001
v -0.04528545 0.00100108 -0.03825256
v -0.04354918 0.00136308 -0.03498363
v -0.04361838 0.00316399 -0.03431224
v -0.05213166 0.10995345 0.08613315
v -0.05043685 0.11058448 0.08598327
v -0.04781518 0.11190678 0.08017827
v -0.05074887 0.10910322 0.08669162
v -0.05213166 0.10995345 0.08613315
v -0.05308256 0.10610071 0.09006805
v -0.05531133 0.10692482 0.08981416
v -0.054555 0.1036092 0.09401201
v -0.05762772 0.10440237 0.09404721
v -0.0551107 0.10288537 0.1011457
v -0.05817504 0.10471867 0.10122091
v -0.05621153 0.10288004 0.10785267
v -0.05538945 0.10492296 0.10843568
v -0.05444192 0.10508031 0.10045654
v -0.0539646 0.1054121 0.0941363
v -0.05264975 0.10777988 0.08973736
v -0.05960957 0.10452237 0.10819241
v -0.05817504 0.10471867 0.10122091
v -0.05762772 0.10440237 0.09404721
v -0.05531133 0.10692482 0.08981416
v -0.0555162 0.11155952 0.11620197
v -0.05399386 0.11559577 0.11651136
v -0.05430456 0.11249404 0.1084554
v -0.05215016 0.11615317 0.10848314
v -0.05142816 0.11223429 0.10149722
v -0.04923226 0.11519413 0.10033334
v -0.04860824 0.11130457 0.09429257
v -0.05353168 0.11372622 0.11648841
v -0.04733121 0.11446708 0.09389786
v -0.0478986 0.11340831 0.08978908
v -0.04704751 0.11566246 0.08942316
v -0.0472749 0.1163436 0.08579765
v -0.04676369 0.11780085 0.08545468
v -0.04478029 0.11909701 0.08030417
v -0.04614292 0.11701303 0.08651134
v -0.04626545 0.11461965 0.09023978
v -0.04642216 0.11312506 0.09444726
v -0.04827513 0.11363392 0.10200821
v -0.05078882 0.11411504 0.10879092
v -0.05430456 0.11249404 0.1084554
v -0.0555162 0.11155952 0.11620197
v -0.05142816 0.11223429 0.10149722
v -0.04860824 0.11130457 0.09429257
v -0.0478986 0.11340831 0.08978908
v -0.0472749 0.1163436 0.08579765
v -0.05420437 0.00191697 -0.0315896
v -0.05401139 0.00229633 -0.0315694
v -0.05434147 0.00480044 -0.03120749
v -0.04414623 0.00085788 -0.01602035
v -0.04445336 0.00143472 -0.01671056
v -0.04450249 0.00062053 -0.01626752
v -0.04371167 0.00088453 -0.01633019
v -0.04399693 0.00035038 -0.01588555
v -0.04433612 0.00021696 -0.01635255
v -0.04495577 0.00087881 -0.01690723
v -0.04486926 0.00204914 -0.01735327
v -0.04371343 0.00120973 -0.0171815
v -0.04358162 0.00043557 -0.01634098
v -0.08329403 0.12441927 0.09023767
v -0.08276226 0.12218166 0.09377515
v -0.08251623 0.12600186 0.09030647
v -0.0832876 0.12903745 0.08810833
v -0.08258483 0.13051228 0.08775524
v -0.07801138 0.11390597 0.10557184
v -0.08014534 0.11114186 0.11506691
v -0.07818261 0.10807535 0.11310612
v -0.08083457 0.11676125 0.10695229
v -0.07952489 0.11698048 0.09933054
v -0.0821 0.11979736 0.09961965
v -0.080745 0.11918769 0.09258569
v -0.08111967 0.12369813 0.08955758
v -0.08174511 0.12895264 0.08735999
v -0.08412152 0.13480245 0.08311251
v -0.08174511 0.12895264 0.08735999
v -0.08111967 0.12369813 0.08955758
v -0.08354553 0.12054306 0.09321191
v -0.08021106 0.10956034 0.11397077
v -0.07801138 0.11390597 0.10557184
v -0.07818261 0.10807535 0.11310612
v -0.08178849 0.11478449 0.10581934
v -0.08301961 0.11758854 0.09974766
v -0.080745 0.11918769 0.09258569
v -0.07952489 0.11698048 0.09933054
v -0.0586114 0.13805351 0.09422216
v -0.05747318 0.13571936 0.09816238
v -0.05956485 0.13695043 0.09824609
v -0.05702005 0.13149056 0.10356839
v -0.05820529 0.1369483 0.09900888
v -0.05765679 0.13228212 0.10460744
v -0.05769816 0.12841979 0.10903203
v -0.05975039 0.13165914 0.1049606
v -0.06063827 0.1286006 0.11009295
v -0.05688713 0.1401055 0.08905458
v -0.05769898 0.13786362 0.09381252
v -0.05799196 0.13878104 0.094587
v -0.05887976 0.13769828 0.09837683
v -0.05932777 0.13246454 0.10510886
v -0.06016264 0.13020453 0.11048178
v -0.06238782 0.12748525 0.11627879
v -0.06341637 0.12636244 0.11607557
v -0.06539191 0.12396481 0.1201086
v -0.06668971 0.12271613 0.11954213
v -0.06768706 0.12085668 0.12245875
v -0.06827084 0.12003205 0.12135141
v -0.06890026 0.11879508 0.12412617
v -0.06891966 0.11628705 0.12218777
v -0.06625777 0.11845533 0.12499133
v -0.06890026 0.11879508 0.12412617
v -0.06016264 0.13020453 0.11048178
v -0.05872101 0.12997304 0.10941393
v -0.05932777 0.13246454 0.10510886
v -0.06033381 0.12729962 0.11629694
v -0.06238782 0.12748525 0.11627879
v -0.06292761 0.12398935 0.12117325
v -0.06539191 0.12396481 0.1201086
v -0.06631061 0.12064172 0.12325245
v -0.06768706 0.12085668 0.12245875
v -0.06395719 0.12016325 0.12381039
v -0.06108766 0.12367677 0.12035022
v -0.05863642 0.12589146 0.11452711
v -0.05887976 0.13769828 0.09837683
v -0.05754273 0.13816711 0.09428191
v -0.05688713 0.1401055 0.08905458
v -0.05799196 0.13878104 0.094587
v -0.05035723 0.00232861 -0.02784313
v -0.0510347 0.00081524 -0.02600386
v -0.05080166 0.00025126 -0.02877858
v -0.08166501 0.10831964 0.11658174
v -0.0797478 0.10695361 0.11442949
v -0.08116468 0.10795427 0.11683033
v -0.07532652 0.10379963 0.11264154
v -0.07295443 0.10380442 0.11087278
v -0.07222596 0.10126224 0.11235348
v -0.06665891 0.10374202 0.09928734
v -0.0700789 0.10447757 0.10812362
v -0.0692251 0.10457092 0.09924147
v -0.06665891 0.10082486 0.11037404
v -0.07327896 0.10374254 0.10748623
v -0.07384302 0.10561106 0.10719179
v -0.07804653 0.10542329 0.11520932
v -0.07613589 0.10544676 0.10646847
v -0.08035748 0.10708536 0.11224148
v -0.08015073 0.11018229 0.11238975
v -0.0818836 0.1102239 0.11681803
v -0.08067001 0.11232228 0.11701701
v -0.07947695 0.11324561 0.11286821
v -0.08018621 0.11560323 0.11629639
v -0.07990672 0.11817636 0.11410625
v -0.07729946 0.10633968 0.10585135
v -0.07328168 0.10416979 0.10047948
v -0.07692458 0.10982917 0.10556223
v -0.07731536 0.11148701 0.10527953
v -0.07957988 0.11594354 0.11097411
v -0.07904608 0.11905754 0.10981932
v -0.07952278 0.12114419 0.11066047
v -0.07969041 0.11731281 0.10376415
v -0.08040474 0.12061507 0.10308408
v -0.08022279 0.1160769 0.09712225
v -0.08031056 0.11825316 0.09655791
v -0.07997237 0.11536053 0.09265131
v -0.07940806 0.12204085 0.09576636
v -0.0795074 0.12315406 0.10183963
v -0.07776783 0.12599334 0.10120278
v -0.07910277 0.11372567 0.10441702
v -0.07480164 0.10581322 0.09937909
v -0.07145133 0.10364547 0.096112
v -0.07361618 0.10511979 0.09538445
v -0.07318085 0.1080935 0.0992692
v -0.07424916 0.10913309 0.09931079
v -0.077721 0.11040685 0.09807439
v -0.07918449 0.11430974 0.09756499
v -0.0791105 0.11253245 0.09279266
v -0.07785719 0.11180702 0.0926849
v -0.07618935 0.10801403 0.0936749
v -0.0732509 0.10658772 0.09459875
v -0.08030776 0.12430086 0.09475556
v -0.08084735 0.11790325 0.08820753
v -0.07872189 0.1114091 0.08833823
v -0.0772441 0.11013964 0.0883169
v -0.07652905 0.10871224 0.0883057
v -0.07435904 0.10533688 0.0893997
v -0.07132822 0.10365562 0.09074225
v -0.07013519 0.10291418 0.09124687
v -0.06812555 0.10396659 0.09171465
v -0.06733002 0.10243146 0.08637798
v -0.07842466 0.10888132 0.08353867
v -0.07666252 0.10557265 0.08058099
v -0.07519728 0.10775638 0.08267192
v -0.07477161 0.10484562 0.08233373
v -0.07466364 0.10223517 0.07754061
v -0.07169223 0.09914891 0.08008491
v -0.07259581 0.10202929 0.08454309
v -0.06915222 0.10125265 0.08546641
v -0.06778831 0.09733056 0.07970461
v -0.06711793 0.09793064 0.08000013
v -0.07850573 0.10637167 0.07980116
v -0.08176983 0.10977157 0.07751126
v -0.07812543 0.10320915 0.07615378
v -0.08163113 0.11310158 0.08158857
v -0.0812698 0.11297464 0.07634259
v -0.07412332 0.09929345 0.07861809
v -0.07063127 0.09680834 0.08014839
v -0.06654129 0.09621734 0.07997292
v -0.0666589 0.09762447 0.07959687
v -0.06665891 0.10312594 0.08536987
v -0.06665892 0.10412606 0.09178612
v -0.07165597 0.13058166 0.10816469
v -0.06665891 0.1310617 0.10624661
v -0.07181457 0.13057631 0.10484056
v -0.06850745 0.13285342 0.10487629
v -0.06665891 0.13269177 0.10527366
v -0.07224394 0.13393512 0.10086033
v -0.06665892 0.13512249 0.09808506
v -0.07098881 0.13621701 0.09735642
v -0.07062465 0.13612792 0.0960416
v -0.07517583 0.13613915 0.09529588
v -0.07452304 0.13583457 0.09406534
v -0.07892414 0.13378952 0.09258995
v -0.07937742 0.13598818 0.09090389
v -0.08080772 0.13048618 0.08984614
v -0.08193619 0.13291205 0.08770508
v -0.08337227 0.12605949 0.0824799
v -0.08186946 0.12251343 0.08506369
v -0.08262326 0.12039105 0.07833055
v -0.08146738 0.11674577 0.07942244
v -0.08271068 0.11822703 0.07577878
v -0.0786801 0.13018639 0.09590825
v -0.07591437 0.13294248 0.09847441
v -0.07609887 0.13108999 0.10034451
v -0.07198675 0.13273819 0.10361373
v -0.07803134 0.12938255 0.0983656
v -0.08061796 0.12672035 0.09274839
v -0.07739242 0.12858993 0.10078885
v -0.07864814 0.12364051 0.10860956
v -0.0782336 0.12655234 0.10756623
v -0.07616204 0.12925135 0.10616605
v -0.07670011 0.12903747 0.1038143
v -0.07414652 0.13012187 0.10583694
v -0.07776922 0.12271666 0.1156739
v -0.07943887 0.11986776 0.11764376
v -0.07564875 0.12286066 0.12034062
v -0.07765348 0.12062038 0.12137114
v -0.07309072 0.12488652 0.11911272
v -0.07252236 0.1215229 0.12529218
v -0.07345816 0.11872789 0.12719375
v -0.0783909 0.11832463 0.12174612
v -0.08040036 0.11787924 0.11902205
v -0.07685108 0.12408696 0.11379634
v -0.07638376 0.12624563 0.11354725
v -0.07502806 0.12835042 0.11254285
v -0.07151273 0.13008024 0.11061033
v -0.05309498 0.1160769 0.09712226
v -0.05362737 0.11731281 0.10376416
v -0.05413335 0.11430974 0.09756499
v -0.05291309 0.12061507 0.10308409
v -0.05300725 0.11825316 0.09655792
v -0.05381044 0.12315406 0.10183965
v -0.05466965 0.12364051 0.10860956
v -0.05508424 0.12655234 0.10756623
v -0.05693408 0.12624563 0.11354725
v -0.05828976 0.12835042 0.11254285
v -0.06175775 0.12605093 0.11827796
v -0.06358518 0.12791198 0.11611661
v -0.06665891 0.12552179 0.11861348
v -0.06665891 0.12303136 0.12134502
v -0.07156008 0.12605093 0.11827796
v -0.06863862 0.12284678 0.12366208
v -0.06665891 0.11884309 0.1263099
v -0.07345816 0.11872789 0.12719375
v -0.06665892 0.12920228 0.11153686
v -0.06973264 0.12791198 0.11611661
v -0.05334546 0.11536053 0.09265131
v -0.0539098 0.12204085 0.09576636
v -0.05555001 0.12599334 0.10120331
v -0.05715581 0.12873395 0.10616606
v -0.06180509 0.1295623 0.11061034
v -0.06627741 0.12971379 0.11121894
v -0.06150327 0.13057631 0.10484057
v -0.05592541 0.12858993 0.10078885
v -0.05301006 0.12430085 0.09475556
v -0.05247048 0.11790325 0.08820753
v -0.05459597 0.11140911 0.08833823
v -0.05420733 0.11253245 0.09279266
v -0.05607376 0.11013965 0.08831691
v -0.05546066 0.11180702 0.0926849
v -0.05712845 0.10801403 0.0936749
v -0.0527198 0.12672035 0.09274839
v -0.05463869 0.13018639 0.09590825
v -0.05144838 0.12251344 0.08506369
v -0.05278807 0.13048618 0.08984614
v -0.05452652 0.13378952 0.09258997
v -0.05814203 0.13613912 0.09529591
v -0.05740348 0.13294248 0.09847442
v -0.06107392 0.13393512 0.10086033
v -0.06139421 0.13229758 0.10428904
v -0.06514786 0.13270137 0.10523899
v -0.06232905 0.13621701 0.09735642
v -0.04983185 0.12605949 0.0824799
v -0.05165433 0.13291205 0.08770508
v -0.05399749 0.13598818 0.09090389
v -0.05879479 0.13620953 0.09406534
v -0.06269319 0.13650292 0.0960416
v -0.05864154 0.13870586 0.09288601
v -0.06654134 0.13752493 0.09477421
v -0.07455874 0.13870585 0.09288601
v -0.05288264 0.11787924 0.11902204
v -0.05216765 0.11695433 0.11868387
v -0.05311973 0.11560323 0.11629639
v -0.05386424 0.11984321 0.11764376
v -0.05489125 0.11832464 0.12174616
v -0.05566436 0.12062038 0.12137116
v -0.05712604 0.11871241 0.12606241
v -0.06079552 0.12152289 0.12529217
v -0.05955062 0.11794538 0.12863605
v -0.06259327 0.11874335 0.12832563
v -0.0576691 0.12286066 0.12034063
v -0.05357004 0.10695362 0.11442949
v -0.05165282 0.10831964 0.11658174
v -0.05215315 0.10795427 0.11683033
v -0.05527131 0.10542329 0.11520932
v -0.05718194 0.10544676 0.10646848
v -0.0529603 0.10708537 0.11224148
v -0.05316704 0.11018229 0.11238976
v -0.05143424 0.11022389 0.11681804
v -0.05264784 0.11232229 0.11701756
v -0.05384089 0.11324561 0.11286821
v -0.05341114 0.11817636 0.11410625
v -0.05554862 0.12271717 0.11567388
v -0.06022712 0.12488652 0.11911274
v -0.06467921 0.12284678 0.12366208
v -0.05379503 0.12114419 0.11066049
v -0.05646672 0.12408696 0.11379635
v -0.05601839 0.10633968 0.10585136
v -0.05639327 0.10982919 0.10556223
v -0.0560025 0.111487 0.10527953
v -0.05373794 0.11594355 0.11097413
v -0.05427178 0.11905754 0.1098193
v -0.05421507 0.11372567 0.10441705
v -0.05947482 0.10561106 0.10719178
v -0.0600389 0.10374254 0.10748625
v -0.06003617 0.10416982 0.10047949
v -0.05851619 0.10581322 0.09937907
v -0.06013698 0.1080935 0.0992692
v -0.05906868 0.10913309 0.09931078
v -0.05559684 0.11040685 0.09807439
v -0.06323892 0.10447757 0.10812362
v -0.06409275 0.10457092 0.09924147
v -0.06186651 0.10364547 0.096112
v -0.05970167 0.10511979 0.09538446
v -0.0600669 0.10658772 0.09459875
v -0.05799132 0.10379963 0.11264154
v -0.06109187 0.10126224 0.11235348
v -0.06036342 0.10380442 0.1108728
v -0.06318264 0.10291418 0.09124686
v -0.06665891 0.10082486 0.11037404
v -0.04932725 0.00125459 0.08130376
v -0.04904599 0.0011179 0.08108132
v -0.04938118 0.0016933 0.08068555
v -0.04936176 0.00092292 0.08156032
v -0.04965524 0.00113399 0.08113893
v -0.04980924 0.00133098 0.0806002
v -0.04946055 0.00201342 0.07993344
v -0.04998526 0.00151691 0.07986251
v -0.04970815 0.00102072 0.08022362
v -0.04909087 0.00088774 0.08045299
v -0.04893654 0.00132495 0.08055646
v -0.04884171 0.00158124 0.07994626
v -0.04872207 0.00182246 0.07953341
v -0.04951347 0.0023662 0.07932056
v -0.04826895 0.00220137 0.07887358
v -0.04949821 0.00313288 0.07850982
v -0.04760277 0.00275416 0.07710108
v -0.04863186 0.00387483 0.07720245
v -0.04880788 0.00524163 0.07538782
v -0.0471878 0.00199132 0.06964417
v -0.04785711 0.00023344 0.07236611
v -0.04785614 0.00108776 0.069625
v -0.04662574 0.00151953 0.07399192
v -0.04788201 9.976E-05 0.07524592
v -0.04726331 0.00114002 0.07765798
v -0.0481709 -3.895E-05 0.07770064
v -0.04822504 0.00032389 0.07880796
v -0.04795679 0.00099227 0.07912802
v -0.04884868 0.00024249 0.07915521
v -0.04884287 0.00084905 0.07967528
v -0.04987932 0.00083347 0.07979743
v -0.05196737 0.00365974 0.07533022
v -0.05198947 0.00294814 0.07247331
v -0.05234678 0.00240742 0.07521767
v -0.0514615 0.00186166 0.07796894
v -0.05053568 0.00183251 0.07922242
v -0.05096778 0.00278432 0.07780466
v -0.0507197 0.00367984 0.07678372
v -0.05102965 0.00456229 0.07487735
v -0.05143334 0.00440953 0.07291284
v -0.05145968 0.00255255 0.069905
v -0.05182069 0.00168477 0.07224448
v -0.05216212 0.0010576 0.07508644
v -0.05123055 0.00067668 0.07810121
v -0.05058448 0.00090282 0.07945393
v -0.05012058 0.00025856 0.07915149
v -0.05057733 0.0003224 0.06478757
v -0.05004176 0.00041134 0.0679469
v -0.05129838 0.00119429 0.06635042
v -0.05108651 0.00142848 0.06794795
v -0.05109042 0.0026219 0.06710307
v -0.04998254 0.00103046 0.06990233
v -0.05046281 0.000344 0.07223061
v -0.05054257 -1.884E-05 0.07495522
v -0.05020001 -0.00014849 0.07746007
v -0.06654132 0.14049861 0.08603341
v -0.07384802 0.14029059 0.08912233
v -0.06654133 0.13868399 0.09073053
v -0.07455874 0.13870585 0.09288601
v -0.06654134 0.13752493 0.09477421
v -0.07728842 0.13905255 0.08238068
v -0.07862207 0.13835062 0.08709541
v -0.07329518 0.1410875 0.0846391
v -0.0725172 0.14007775 0.08308744
v -0.0762253 0.13870053 0.08142482
v -0.07811053 0.13682507 0.07944059
v -0.07881965 0.13599619 0.0802855
v -0.08128794 0.13441624 0.08476978
v -0.08193619 0.13291205 0.08770508
v -0.07937742 0.13598818 0.09090389
v -0.06654132 0.1411771 0.08480711
v -0.06654133 0.14322324 0.08316159
v -0.06138695 0.14514878 0.07582574
v -0.05846744 0.14349099 0.06961589
v -0.06207611 0.14548162 0.06991406
v -0.06654132 0.14501065 0.07057228
v -0.06653427 0.14573765 0.07737151
v -0.06640961 0.14421855 0.06286038
v -0.06614956 0.1439465 0.05716474
v -0.06136566 0.14328991 0.05453028
v -0.06614956 0.1445194 0.0539462
v -0.06286927 0.1426242 0.05157417
v -0.06081588 0.14225242 0.05154803
v -0.0567756 0.13843007 0.06568687
v -0.0561855 0.13845836 0.06825519
v -0.05501441 0.13693658 0.06624427
v -0.05969089 0.13913311 0.06425469
v -0.06077151 0.14290424 0.0643843
v -0.06350861 0.14364943 0.06221922
v -0.06144522 0.14091946 0.05916286
v -0.05926508 0.14200705 0.05518262
v -0.05957664 0.14359233 0.05092396
v -0.05986206 0.14025964 0.04766862
v -0.06304917 0.14027564 0.047515
v -0.06614956 0.14192386 0.04945551
v -0.05776953 0.1426626 0.05576136
v -0.0579 0.13989319 0.05991601
v -0.056235 0.14004041 0.06167677
v -0.05352788 0.13665546 0.06429683
v -0.06614955 0.13725553 0.04107209
v -0.05234854 0.13436611 0.06215842
v -0.05469854 0.13926005 0.06159674
v -0.05540862 0.14153875 0.05607181
v -0.05720066 0.14286582 0.05087169
v -0.0592152 0.14268662 0.04607856
v -0.05861982 0.13790949 0.04352464
v -0.06126981 0.13773774 0.04083257
v -0.06121337 0.13292754 0.03270943
v -0.06614953 0.13250881 0.0324534
v -0.06140183 0.12715881 0.02484226
v -0.06614953 0.12809387 0.02484291
v -0.04773465 0.13204211 0.05542319
v -0.04630944 0.12782982 0.05526478
v -0.05724147 0.13937047 0.0418455
v -0.05690714 0.14208654 0.04590359
v -0.05519252 0.13906269 0.04150839
v -0.05548599 0.13924618 0.04672397
v -0.05490907 0.1402335 0.05153522
v -0.0527447 0.13931979 0.05616727
v -0.05296061 0.13761824 0.0606537
v -0.05070743 0.13584043 0.05989306
v -0.05012517 0.13675468 0.05564666
v -0.04866536 0.13170925 0.05142963
v -0.05133982 0.13649224 0.05158963
v -0.05274501 0.13484991 0.04705201
v -0.05099076 0.1316191 0.04666368
v -0.05186847 0.13161005 0.04145772
v -0.05163874 0.13301447 0.03762311
v -0.05109958 0.1313092 0.03856189
v -0.05374267 0.13693976 0.04152279
v -0.05261001 0.13533157 0.03742522
v -0.05247858 0.13301821 0.03634828
v -0.05635528 0.13321239 0.03712758
v -0.05368673 0.13407753 0.03637549
v -0.05535633 0.13661227 0.03792555
v -0.05658565 0.13558653 0.04004368
v -0.06614954 0.1281312 0.0224764
v -0.0646412 0.12774928 0.02226135
v -0.06617387 0.12782554 0.02012955
v -0.06614953 0.12807679 0.02350162
v -0.06380185 0.12733218 0.02348091
v -0.06466936 0.12764102 0.02035471
v -0.06614954 0.12619869 0.01880994
v -0.06408339 0.12611708 0.01937881
v -0.0661593 0.1262659 0.01786314
v -0.06425828 0.12525351 0.01695056
v -0.06485485 0.12590586 0.01399563
v -0.06446917 0.12677529 0.01578769
v -0.06197173 0.12502788 0.01996475
v -0.0662436 0.12769596 0.0161344
v -0.06629919 0.12608722 0.01353818
v -0.06481837 0.12432326 0.01347482
v -0.06254662 0.12378453 0.01647514
v -0.05761442 0.12365652 0.01968925
v -0.0562815 0.12535165 0.02587731
v -0.06345552 0.12282971 0.0091148
v -0.06590137 0.12165947 0.004022
v -0.06480093 0.12422939 0.00948385
v -0.06478172 0.12090096 0.00344054
v -0.06654132 0.12119807 -0.00062097
v -0.06654131 0.12182962 0.00450234
v -0.06637025 0.12430885 0.00944663
v -0.06626638 0.12442353 0.01268154
v -0.0628371 0.12359358 0.01323563
v -0.05960497 0.12249051 0.01275436
v -0.06099058 0.12050197 0.00438541
v -0.06517269 0.12014621 -0.00135472
v -0.06654132 0.12002138 -0.0044212
v -0.06584951 0.11986032 -0.00459587
v -0.06654131 0.12088283 -0.00752787
v -0.06230994 0.11887405 -0.00419124
v -0.06367313 0.11841318 -0.01080139
v -0.0585211 0.11606622 -0.01138137
v -0.0637083 0.11617398 -0.01476568
v -0.06654132 0.11840037 -0.01492724
v -0.06654131 0.11239643 -0.02294244
v -0.06462643 0.11174569 -0.02269115
v -0.06654132 0.10821084 -0.02773172
v -0.06654131 0.12050197 -0.01050995
v -0.04284553 0.00086981 0.06340232
v -0.04278698 0.00152452 0.06417575
v -0.04314308 0.00118118 0.06542978
v -0.06510976 0.08981974 -0.04389567
v -0.06617796 0.09073825 -0.03986715
v -0.06971828 0.09531428 -0.03877747
v -0.07096298 0.09351993 -0.03757406
v -0.06990629 0.09283184 -0.03654851
v -0.06952925 0.09080759 -0.04009278
v -0.06615947 0.09256247 -0.03423644
v -0.0689102 0.09558472 -0.03524364
v -0.07023695 0.095757 -0.03673215
v -0.05322219 0.01542013 0.0524799
v -0.04971764 0.01262048 0.05330027
v -0.052083 0.01218581 0.0541761
v -0.05787187 -0.00030334 -0.02574628
v -0.05906456 -9.904E-05 -0.02664935
v -0.05647703 -4.526E-05 -0.0291693
v -0.05663205 0.00090503 -0.03193425
v -0.05900332 0.00122889 -0.02964708
v -0.05767291 0.00147305 -0.0324773
v -0.05812189 0.00014935 -0.02944273
v -0.05986508 0.00075874 -0.0276613
v -0.05533455 0.00097868 -0.03120007
v -0.05373061 0.00063868 -0.03272656
v -0.05492288 0.00048229 -0.03501815
v -0.05636914 0.00091411 -0.03609147
v -0.05286165 -0.00026308 -0.02087477
v -0.04999425 -6.019E-05 -0.01777036
v -0.05204577 -0.00033986 -0.01704564
v -0.05048888 -0.00010256 -0.02116905
v -0.05290805 0.00050551 -0.02391453
v -0.0508796 0.00070527 -0.02405494
v -0.05294832 0.0007769 -0.02593939
v -0.0510347 0.00081524 -0.02600386
v -0.05080166 0.00025126 -0.02877858
v -0.05320223 0.00021695 -0.02883274
v -0.05071319 0.00050147 -0.0316008
v -0.05264312 -0.000118 -0.03454554
v -0.05348114 -0.00019458 -0.03748092
v -0.04986501 0.00037233 -0.03019968
v -0.04726497 9.185E-05 -0.02935909
v -0.04928745 0.00030977 -0.02837639
v -0.04804675 0.00074563 -0.03193104
v -0.04991376 7.964E-05 -0.03417789
v -0.04716106 0.00088153 -0.03298749
v -0.0463561 0.00081625 -0.02972675
v -0.04658675 0.00083653 -0.02704615
v -0.04844724 0.00089595 -0.02634668
v -0.04527698 -8.63E-06 -0.0240195
v -0.04760026 1.972E-05 -0.02293636
v -0.04418736 -0.00017752 -0.02041764
v -0.04631876 -0.00035711 -0.01930215
v -0.04518972 0.00094842 -0.03085659
v -0.04247887 -0.00022393 -0.02922686
v -0.0436891 0.00035619 -0.02788009
v -0.04385953 4.575E-05 -0.03190414
v -0.04616953 0.00154943 -0.0326747
v -0.04501156 0.00094943 -0.03411215
v -0.04680517 0.00060629 -0.0352459
v -0.04725701 0.00062324 -0.03809683
v -0.0506974 0.00011102 -0.03870305
v -0.05419787 0.00034105 -0.03963606
v -0.05112591 0.00051751 -0.04102427
v -0.04745106 0.0008112 -0.04015555
v -0.04528545 0.00100108 -0.03825256
v -0.04354918 0.00136308 -0.03498363
v -0.04211808 0.0006065 -0.03272013
v -0.04097933 4.847E-05 -0.03004087
v -0.04066782 1.417E-05 -0.02832215
v -0.04174582 -5.948E-05 -0.02776363
v -0.0424098 0.00036124 -0.0269508
v -0.05632 0.00029161 -0.02444162
v -0.05535721 0.00067298 -0.02628026
v -0.05562755 0.0011048 -0.02477545
v -0.05658814 -0.0001859 -0.0255961
v -0.05787187 -0.00030334 -0.02574628
v -0.0557698 0.00014835 -0.02812727
v -0.05647703 -4.526E-05 -0.0291693
v -0.05479848 0.00160925 -0.02931566
v -0.05533455 0.00097868 -0.03120007
v -0.05373061 0.00063868 -0.03272656
v -0.053895 0.00221208 -0.03021983
v -0.05320223 0.00021695 -0.02883274
v -0.05393698 0.00176884 -0.02666671
v -0.05294832 0.0007769 -0.02593939
v -0.05400499 0.00137619 -0.02355312
v -0.05290805 0.00050551 -0.02391453
v -0.05286165 -0.00026308 -0.02087477
v -0.05416492 0.00056231 -0.02020545
v -0.05840463 0.00032289 -0.0223073
v -0.05831066 0.00073049 -0.02234181
v -0.05858295 0.00046918 -0.02201588
v -0.05825491 0.0002563 -0.02287268
v -0.05807243 0.00092218 -0.02270824
v -0.05757781 0.00027043 -0.02347086
v -0.05922235 0.00038443 -0.02380189
v -0.05650184 0.00135299 -0.02450695
v -0.05692515 0.00654284 -0.02742773
v -0.05781757 0.00827314 -0.0284272
v -0.05809612 0.00609788 -0.02808663
v -0.05670492 0.00458756 -0.02644776
v -0.0583818 0.00420519 -0.02652095
v -0.05728023 0.00265247 -0.02429071
v -0.05879199 0.00272813 -0.0248681
v -0.05797952 0.00188064 -0.02323811
v -0.05914622 0.00164759 -0.02386906
v -0.05899619 0.00131061 -0.0228555
v -0.05903998 0.00051559 -0.02297278
v -0.05894401 0.00036728 -0.02245448
v -0.05883781 0.00045304 -0.02212876
v -0.05853905 0.00092319 -0.02217691
v -0.05837668 0.00145489 -0.02266633
v -0.05895051 0.00083239 -0.02225869
v -0.05756592 0.00106141 -0.02330776
v -0.05501232 0.00196338 -0.02623777
v -0.05488611 0.00266054 -0.02816251
v -0.05593654 0.00293597 -0.02657917
v -0.0555174 0.00410127 -0.02872822
v -0.0548644 0.00457848 -0.03017937
v -0.05495263 0.00719461 -0.02992299
v -0.05576522 0.00627444 -0.02836756
v -0.05627974 0.00816918 -0.02793817
v -0.0550748 0.10320915 0.07615378
v -0.051669 0.10720485 0.07603589
v -0.0514304 0.10977157 0.07751127
v -0.05108102 0.10983825 0.07555903
v -0.05193042 0.11297464 0.0763426
v -0.05052201 0.11296824 0.07464906
v -0.04958596 0.11575685 0.07557237
v -0.05048953 0.11822703 0.07577879
v -0.04944236 0.09713265 0.06216537
v -0.04789481 0.100899 0.05681856
v -0.04916813 0.10137158 0.06209494
v -0.05091716 0.09845122 0.06783167
v -0.05054169 0.10259947 0.06737243
v -0.05150536 0.10057363 0.07227596
v -0.0510895 0.10457572 0.07151106
v -0.05233467 0.10292539 0.07602468
v -0.05473806 0.10050855 0.07545449
v -0.05907689 0.09929346 0.07861809
v -0.05823967 0.09746443 0.07819189
v -0.06256893 0.09680834 0.08014839
v -0.06285054 0.09490251 0.07978195
v -0.06654129 0.09621734 0.07997292
v -0.06654129 0.09434244 0.08001879
v -0.06654129 0.09215337 0.08112666
v -0.06142878 0.092459 0.08045136
v -0.06654129 0.0892106 0.07841913
v -0.06654129 0.08504046 0.07485653
v -0.06026206 0.08949117 0.0771411
v -0.05819039 0.09476276 0.07748726
v -0.05215907 0.09641843 0.071454
v -0.05310111 0.09967644 0.07426179
v -0.05530181 0.09667553 0.07492641
v -0.05611695 0.09159065 0.07324355
v -0.06050722 0.08588858 0.07389856
v -0.06045733 0.08197556 0.06980739
v -0.06654129 0.07985636 0.07085659
v -0.06654129 0.07780436 0.06545859
v -0.05947582 0.08059991 0.06386957
v -0.05639533 0.08483192 0.06659418
v -0.05669248 0.08440252 0.06221391
v -0.05495606 0.08565762 0.06118072
v -0.05625164 0.08741463 0.07042879
v -0.05459164 0.08845904 0.06762043
v -0.05337245 0.08740824 0.06134393
v -0.05319418 0.08592538 0.05588512
v -0.05405349 0.09384318 0.07216769
v -0.05175753 0.09276891 0.06722785
v -0.05358719 0.0961016 0.07376948
v -0.05045395 0.09186319 0.06134393
v -0.05164738 0.08725461 0.05567815
v -0.04872888 0.09180664 0.05567815
v -0.0496915 0.08729196 0.04984971
v -0.04677301 0.09184399 0.04984971
v -0.04821905 0.08886175 0.04663651
v -0.04568909 0.09155115 0.04613671
v -0.05165921 0.08599471 0.05010467
v -0.0495277 0.08825208 0.04608765
v -0.04661576 0.09145354 0.04491416
v -0.04449768 0.09609039 0.04431675
v -0.04474049 0.09648937 0.04625725
v -0.0459241 0.09666648 0.05004653
v -0.04807515 0.09662539 0.05650013
v -0.05594749 0.083428 0.05629263
v -0.05497318 0.08467403 0.05041671
v -0.0526786 0.08539464 0.04408152
v -0.04661496 0.08984214 0.04126036
v -0.04359672 0.09595171 0.04039573
v -0.04317459 0.10205542 0.04485548
v -0.04352178 0.10162228 0.0467341
v -0.0458914 0.10093685 0.05080821
v -0.06654131 0.08033162 0.03567621
v -0.06654131 0.08225986 0.0277541
v -0.05945812 0.08253402 0.03570394
v -0.06654131 0.07949579 0.04502137
v -0.05937842 0.08044843 0.05034203
v -0.06654131 0.07924668 0.05057353
v -0.05916853 0.07920028 0.05676949
v -0.06654131 0.07701228 0.05702607
v -0.05924673 0.08097543 0.044792
v -0.04378971 0.10523181 0.04805374
v -0.04305388 0.10704002 0.04652395
v -0.04397362 0.10836124 0.05045884
v -0.04207424 0.10977584 0.04756141
v -0.04296657 0.11096745 0.0515091
v -0.04226098 0.11204972 0.04838711
v -0.042663 0.11242417 0.05163339
v -0.04361854 0.11779818 0.04122622
v -0.04320403 0.11440521 0.04058135
v -0.04242986 0.10874319 0.04054348
v -0.04267186 0.1027915 0.04014449
v -0.05431486 0.08434971 0.03486383
v -0.04766427 0.08950929 0.03402053
v -0.0441466 0.09603705 0.03328658
v -0.04188024 0.10327529 0.03293453
v -0.04221702 0.11057112 0.03309882
v -0.04465685 0.11671643 0.03351273
v -0.04777601 0.1226137 0.03407173
v -0.04956808 0.12494948 0.03579035
v -0.04625678 0.11671218 0.02538441
v -0.0433361 0.11060688 0.02540884
v -0.04341766 0.10333236 0.0257164
v -0.04539695 0.09652298 0.02595297
v -0.04994781 0.09048916 0.02659726
v -0.05472771 0.08492686 0.02760661
v -0.05994607 0.08491673 0.02750519
v -0.05966236 0.08756986 0.02425236
v -0.06654131 0.08525276 0.02299766
v -0.06070324 0.08939888 0.01833055
v -0.06282986 0.07410362 -0.0277277
v -0.06051196 0.07583611 -0.0198863
v -0.06413043 0.07728429 -0.02619455
v -0.06240723 0.08271591 -0.01845978
v -0.06654131 0.07805558 -0.02581682
v -0.06654131 0.08315916 -0.01742596
v -0.06340707 0.08615848 -0.00776118
v -0.06654132 0.08533224 -0.00676404
v -0.06318856 0.08796191 -0.00088235
v -0.06654131 0.08712821 -0.00042804
v -0.06654131 0.08848623 0.00544304
v -0.06654129 0.0885385 0.01829508
v -0.06225625 0.09161622 0.01185834
v -0.0665413 0.08979467 0.01179684
v -0.06235566 0.09080867 0.00581252
v -0.06041568 0.09059583 -0.00129845
v -0.06016038 0.08810432 -0.00797816
v -0.05774318 0.08849903 -0.00702434
v -0.05703884 0.08444039 -0.0098313
v -0.05528666 0.08463562 -0.00665277
v -0.05361936 0.07909892 -0.01054211
v -0.0547186 0.08509275 -0.00628239
v -0.05363441 0.08472522 -0.01038433
v -0.05425667 0.08996215 -0.00799849
v -0.05241117 0.090399 -0.00997527
v -0.05462946 0.09313855 -0.00611276
v -0.05318118 0.09541192 -0.00765391
v -0.05500332 0.08724501 0.02373381
v -0.0516524 0.09134366 0.02300006
v -0.04829166 0.09678435 0.02127002
v -0.05580369 0.08967411 0.02111854
v -0.05722856 0.09225416 0.01724067
v -0.05814318 0.09332364 0.01170099
v -0.05880855 0.09303882 0.00499396
v -0.05851395 0.09251341 -0.00141441
v -0.05631496 0.08791497 -0.00492072
v -0.05519935 0.08931726 -0.00421716
v -0.05468269 0.09204187 0.01686509
v -0.05681246 0.09262595 0.01182431
v -0.05563876 0.09466995 0.01085672
v -0.05748788 0.0921315 0.00533507
v -0.05618527 0.09374236 0.00455663
v -0.0571974 0.09075852 -0.00023906
v -0.05585165 0.09239073 -0.00047931
v -0.05469021 0.09803623 0.00133084
v -0.05397012 0.09746869 0.00497033
v -0.05304096 0.09610373 0.01080285
v -0.05233888 0.0922099 0.01529115
v -0.05139107 0.09082787 0.01952352
v -0.05210472 0.09940922 0.00443768
v -0.04947079 0.10219515 0.01077613
v -0.05113702 0.09686862 0.01311199
v -0.04885656 0.09655552 0.01704277
v -0.04522066 0.10310833 0.01887245
v -0.04585156 0.11050126 0.017836
v -0.05519263 0.09647923 -0.0025769
v -0.05235713 0.10111985 -0.00026019
v -0.05245196 0.10520674 0.00217302
v -0.04961716 0.10978545 0.01012171
v -0.04850864 0.1161265 0.01757095
v -0.05172691 0.10997424 0.00225069
v -0.05277359 0.1001277 -0.00451266
v -0.05312302 0.10534328 -0.00286334
v -0.05206674 0.11069541 -0.00199091
v -0.05296222 0.11473752 0.00246608
v -0.05140815 0.1156075 0.01029698
v -0.05213997 0.12070359 0.01822394
v -0.0515933 0.12188562 0.02552555
v -0.05139145 0.10943285 -0.01538869
v -0.05130867 0.11611956 -0.01202661
v -0.04991858 0.11033218 -0.00900613
v -0.0511726 0.10460185 -0.009951
v -0.05102949 0.10286669 -0.01950469
v -0.05177412 0.10044613 -0.01259175
v -0.05024721 0.10064723 -0.02041912
v -0.05119789 0.09603225 -0.01477415
v -0.04886896 0.09725478 -0.02276704
v -0.04936758 0.09239017 -0.02207876
v -0.05158225 0.09138365 -0.02958507
v -0.05028754 0.0858219 -0.02836653
v -0.05497105 0.08914123 -0.03292992
v -0.05331522 0.08435825 -0.03304156
v -0.05712824 0.08291646 -0.03490163
v -0.0519415 0.07847697 -0.03349451
v -0.05561578 0.0775958 -0.03627023
v -0.04840463 0.08657237 -0.02168443
v -0.05011535 0.09094521 -0.01530531
v -0.05010837 0.1102559 -0.00456782
v -0.04918073 0.08518502 -0.01522493
v -0.05191073 0.11258846 -0.00335188
v -0.05054127 0.11469432 -0.00596298
v -0.05162326 0.1151461 -0.00550495
v -0.05049253 0.11600808 -0.00783143
v -0.05154743 0.11707169 -0.00816774
v -0.05775946 0.11710902 -0.00421092
v -0.05659483 0.11832891 0.00321641
v -0.05378035 0.11421214 -0.00179696
v -0.05410896 0.11499622 -0.00460404
v -0.05419831 0.1166695 -0.00789874
v -0.05203633 0.11893484 -0.01200651
v -0.0544623 0.11980909 0.01120003
v -0.05395493 0.10640047 -0.02307418
v -0.05363142 0.11333841 -0.01722781
v -0.05383145 0.11579686 -0.0172958
v -0.05338568 0.11902019 -0.01293559
v -0.06645485 0.10214288 -0.03559849
v -0.06479522 0.10238291 -0.03507738
v -0.06648998 0.10229809 -0.03261329
v -0.06467391 0.103231 -0.03246896
v -0.06654023 0.10490589 -0.03029227
v -0.06391005 0.10552731 -0.03034545
v -0.06441586 0.1078588 -0.02712617
v -0.06159763 0.11048634 -0.02074674
v -0.05916235 0.11364511 -0.015365
v -0.05492876 0.11585876 -0.01766989
v -0.05683658 0.11098985 -0.02404981
v -0.06220866 0.10422155 -0.03060834
v -0.0610323 0.10304859 -0.03072487
v -0.06115711 0.10704588 -0.02809958
v -0.05836934 0.11054767 -0.02286679
v -0.05941732 0.10603348 -0.02852451
v -0.05922332 0.1039959 -0.02834209
v -0.05833654 0.10229488 -0.02934685
v -0.06058754 0.10229969 -0.03154195
v -0.06353392 0.10171509 -0.03405091
v -0.06398334 0.09866884 -0.03763402
v -0.0557391 0.10931604 -0.02397437
v -0.05418734 0.10437623 -0.02353301
v -0.05544983 0.10132676 -0.02696327
v -0.05700064 0.10126543 -0.03108063
v -0.06061549 0.10085736 -0.03310286
v -0.06275485 0.0992145 -0.03486083
v -0.06224748 0.095757 -0.03673215
v -0.06183378 0.09351993 -0.03757406
v -0.06286637 0.09080759 -0.04009278
v -0.06256213 0.0928313 -0.03654851
v -0.06343726 0.09558472 -0.03524364
v -0.06170306 0.09814662 -0.0337913
v -0.05289117 0.10174389 -0.02289849
v -0.06309323 0.09565832 -0.03361044
v -0.05915713 0.09663499 -0.03308776
v -0.05732452 0.09931478 -0.03266865
v -0.05334114 0.09987966 -0.02910268
v -0.05020673 0.09985246 -0.02440021
v -0.06319183 0.09431309 -0.03282403
v -0.06212937 0.09072224 -0.03249183
v -0.05626535 0.09443418 -0.03138417
v -0.05288989 0.09651443 -0.03047857
v -0.06654131 0.07805558 -0.02581682
v -0.06654131 0.07908665 -0.03038111
v -0.06413043 0.07728429 -0.02619455
v -0.06615823 0.0900299 -0.0340235
v -0.06358807 0.08507674 -0.03288345
v -0.06635532 0.08543732 -0.03237896
v -0.0643827 0.07809667 -0.03110174
v -0.06282986 0.07410362 -0.0277277
v -0.05786501 0.05761783 -0.03627711
v -0.05548658 0.05788933 -0.03974805
v -0.05646873 0.05260589 -0.03723716
v -0.05776126 0.05877744 -0.03109946
v -0.05944691 0.06172768 -0.03524931
v -0.05955631 0.06272993 -0.03035844
v -0.06094753 0.06780044 -0.03438663
v -0.06118437 0.06802446 -0.02963985
v -0.06290927 0.0752803 -0.03222742
v -0.06039295 0.07695891 -0.03515749
v -0.06064381 0.08480524 -0.03313991
v -0.05606179 0.06235388 -0.03846426
v -0.05806483 0.06810766 -0.03789981
v -0.05145311 0.05931511 -0.03868193
v -0.05069228 0.05604163 -0.04059129
v -0.05301187 0.06348042 -0.03716587
v -0.05404182 0.06905499 -0.03793594
v -0.05033378 0.07024287 -0.03430603
v -0.04982315 0.06403463 -0.03397224
v -0.04811025 0.06118787 -0.03415796
v -0.04735772 0.05873157 -0.03297456
v -0.04749743 0.05749781 -0.03175682
v -0.04957293 0.0534317 -0.04056723
v -0.04738968 0.05208807 -0.03763396
v -0.04986956 0.04578744 -0.04323802
v -0.04727371 0.04982635 -0.03575592
v -0.04880153 0.04400044 -0.04124573
v -0.04954941 0.04833181 -0.03385178
v -0.0470371 0.05432568 -0.02884663
v -0.05009343 0.05291836 -0.0277236
v -0.04706825 0.0566081 -0.02408506
v -0.04684252 0.08058924 -0.02109501
v -0.04834148 0.07944509 -0.02833937
v -0.04678304 0.07221271 -0.0276481
v -0.04591093 0.06610369 -0.02656352
v -0.04618473 0.0618973 -0.02679572
v -0.04681701 0.05950393 -0.02651866
v -0.04671044 0.05622032 -0.03050422
v -0.0510127 0.07943764 -0.01286853
v -0.04648434 0.0583742 -0.02580366
v -0.04658483 0.05958821 -0.02329988
v -0.04629988 0.06203811 -0.02201181
v -0.04579514 0.06644294 -0.01944013
v -0.04563794 0.07244262 -0.02011954
v -0.04832329 0.07974114 -0.01550459
v -0.04788884 0.07251516 -0.0164278
v -0.04710447 0.05799601 -0.0209228
v -0.04731046 0.05922443 -0.01962037
v -0.04719643 0.0621624 -0.01874881
v -0.04815222 0.06586046 -0.01680891
v -0.0506249 0.07161158 -0.01430572
v -0.0525388 0.07086429 -0.01429805
v -0.056009 0.07748166 -0.01385628
v -0.06022852 0.08437213 -0.0145657
v -0.05079139 0.06522678 -0.01593872
v -0.0490198 0.06125028 -0.01789762
v -0.05013886 0.0555189 -0.02311319
v -0.05009919 0.05667904 -0.01995055
v -0.05007262 0.05833739 -0.01853123
v -0.05092745 0.0611532 -0.01754104
v -0.05343844 0.06489661 -0.01866588
v -0.05552777 0.07020395 -0.01677771
v -0.05315915 0.06156499 -0.02008943
v -0.05576155 0.06058887 -0.02524859
v -0.05245756 0.05921163 -0.02055827
v -0.05440303 0.05759916 -0.02592396
v -0.05955631 0.06272993 -0.03035844
v -0.05776126 0.05877744 -0.03109946
v -0.05529781 0.05432195 -0.02990192
v -0.05646873 0.05260589 -0.03723716
v -0.05494886 0.04966605 -0.03380006
v -0.05561444 0.04847401 -0.03965396
v -0.05484832 0.04421753 -0.04215198
v -0.05415266 0.04608897 -0.03710217
v -0.05456529 0.05462492 -0.04180254
v -0.05400997 0.05186281 -0.04322106
v -0.05561444 0.04847401 -0.03965396
v -0.05375906 0.04665683 -0.04496725
v -0.05484832 0.04421753 -0.04215198
v -0.0513147 0.04721769 -0.04517229
v -0.05011423 0.04182689 -0.03937718
v -0.05396281 0.0418767 -0.03974649
v -0.05522334 0.04069474 -0.04450383
v -0.05344146 0.04261743 -0.04725073
v -0.05522334 0.04069474 -0.04450383
v -0.05147376 0.04322754 -0.04810812
v -0.05027889 0.04175189 -0.04647166
v -0.04958398 0.04033091 -0.04516818
v -0.04937205 0.03836783 -0.04218935
v -0.05124775 0.03766103 -0.04135662
v -0.05438324 0.03831957 -0.04168909
v -0.05565716 0.03817896 -0.0467646
v -0.04928564 0.03637378 -0.04371717
v -0.04941818 0.03481454 -0.04315938
v -0.0482584 0.03537637 -0.04768631
v -0.04921097 0.03880955 -0.04908187
v -0.05159682 0.04096619 -0.05242062
v -0.05021054 0.03851074 -0.05219859
v -0.05035846 0.03510637 -0.05115639
v -0.05162076 0.03901603 -0.05332752
v -0.08974654 0.11060688 0.02540883
v -0.089665 0.10333236 0.02571638
v -0.09086557 0.11057112 0.0330988
v -0.08768569 0.09652298 0.02595295
v -0.09120239 0.10327529 0.03293451
v -0.09065273 0.10874318 0.04054346
v -0.08987855 0.11440521 0.04058133
v -0.09100834 0.10977584 0.0475614
v -0.09002872 0.10704002 0.04652394
v -0.09041072 0.1027915 0.04014448
v -0.08893598 0.09603705 0.03328657
v -0.08313479 0.09048916 0.02659726
v -0.08479097 0.09678434 0.02127002
v -0.08786198 0.10310832 0.01887245
v -0.08723103 0.11050127 0.017836
v -0.08682586 0.11671218 0.02538441
v -0.08842578 0.11671643 0.03351272
v -0.07807928 0.08724502 0.02373381
v -0.0814302 0.09134366 0.02300006
v -0.09082161 0.11204974 0.04838711
v -0.08946405 0.11779819 0.04122622
v -0.08910897 0.10836127 0.05045883
v -0.08929289 0.10523181 0.04805373
v -0.089908 0.10205541 0.04485547
v -0.08948588 0.09595171 0.04039572
v -0.08541831 0.08950929 0.03402052
v -0.0783549 0.08492686 0.02760661
v -0.07342024 0.08756986 0.02425236
v -0.07727897 0.08967411 0.02111853
v -0.08169149 0.09082786 0.01952353
v -0.07067541 0.08271591 -0.01845979
v -0.06967558 0.08615848 -0.00776118
v -0.06989405 0.08796189 -0.00088235
v -0.07072695 0.09080866 0.00581252
v -0.07082637 0.09161622 0.01185834
v -0.07237941 0.08939888 0.01833055
v -0.07313652 0.08491673 0.0275052
v -0.07876779 0.08434971 0.03486383
v -0.08646762 0.08984214 0.04126037
v -0.0807437 0.09220989 0.01529113
v -0.0783999 0.09204187 0.01686509
v -0.07585403 0.09225417 0.01724067
v -0.07285409 0.08437213 -0.0145657
v -0.0725707 0.07583611 -0.01988627
v -0.07292226 0.08810432 -0.00797816
v -0.07266697 0.09059583 -0.00129845
v -0.07427404 0.09303882 0.00499396
v -0.07493941 0.09332364 0.01172109
v -0.07627013 0.09262596 0.01182432
v -0.07744388 0.09466994 0.01108699
v -0.0800417 0.09610373 0.01119873
v -0.08194564 0.0968686 0.01327542
v -0.08361179 0.10219515 0.01131534
v -0.08422601 0.09655551 0.01704277
v -0.07559475 0.0921315 0.00533507
v -0.07972859 0.11473752 0.00292026
v -0.08096395 0.10997425 0.00269422
v -0.0834512 0.10978545 0.01083475
v -0.08044089 0.10520675 0.00277374
v -0.08097792 0.09940921 0.00524957
v -0.07911252 0.0974687 0.00577486
v -0.07689731 0.09374236 0.00455663
v -0.07588518 0.09075852 -0.00023906
v -0.07456864 0.09251341 -0.00141441
v -0.07533947 0.08849903 -0.00702434
v -0.07604382 0.0844404 -0.0098313
v -0.08268694 0.1102559 -0.00456782
v -0.07956777 0.10534328 -0.00286334
v -0.08055275 0.10111983 0.00019614
v -0.07838383 0.09803624 0.00175942
v -0.077231 0.0923907 -0.0004793
v -0.07788331 0.08931727 -0.00421716
v -0.07676765 0.08791497 -0.00492071
v -0.07836405 0.08509275 -0.00628237
v -0.07779599 0.08463562 -0.00665277
v -0.07946328 0.07909892 -0.0105421
v -0.0770736 0.07748166 -0.01385627
v -0.08054385 0.07086429 -0.01427463
v -0.06765368 0.12432326 0.01347487
v -0.06763232 0.12590586 0.01399563
v -0.06794859 0.12422939 0.00948386
v -0.06718127 0.12165944 0.00402201
v -0.06830093 0.12090096 0.00344054
v -0.0692354 0.12282974 0.0091148
v -0.06956695 0.12359357 0.01323563
v -0.06940951 0.11841318 -0.0108014
v -0.07077269 0.11887404 -0.00419124
v -0.06790994 0.12014568 -0.00135471
v -0.06723311 0.11986033 -0.00459587
v -0.0720802 0.12050199 0.00438541
v -0.06975245 0.12378453 0.01647514
v -0.07269412 0.1224905 0.01275435
v -0.07456156 0.11606621 -0.01138131
v -0.06937434 0.11617397 -0.01476568
v -0.0684562 0.11174569 -0.02269115
v -0.07969698 0.11902019 -0.01293559
v -0.07815391 0.11585873 -0.01766989
v -0.07392029 0.11364511 -0.01536502
v -0.071485 0.11048634 -0.02074674
v -0.06866676 0.10785879 -0.02712617
v -0.06916807 0.10552731 -0.03034543
v -0.06832113 0.10323101 -0.03246897
v -0.06810951 0.10238291 -0.03507738
v -0.06769493 0.1004424 -0.03759586
v -0.0747133 0.11054767 -0.02286679
v -0.07379261 0.1039959 -0.02834209
v -0.07085023 0.10422155 -0.03060836
v -0.07192552 0.10704588 -0.02809958
v -0.07572026 0.10126542 -0.03108063
v -0.07452293 0.10229489 -0.02934685
v -0.07214009 0.10157854 -0.03232244
v -0.07193282 0.10304858 -0.03072486
v -0.0692974 0.10171509 -0.03405091
v -0.07533691 0.09931479 -0.03266866
v -0.07328497 0.09663499 -0.03308776
v -0.07043316 0.09868057 -0.03432609
v -0.0686936 0.09866884 -0.03763402
v -0.06728387 0.09747615 -0.03900491
v -0.06921765 0.09565832 -0.03361044
v -0.06911752 0.09431309 -0.03282403
v -0.07017674 0.09072226 -0.03249185
v -0.07602996 0.09443418 -0.03138418
v -0.07956373 0.09651443 -0.03047857
v -0.08352911 0.00587343 -0.02737338
v -0.08443505 0.00623817 -0.02454967
v -0.08382066 0.0037759 -0.02612662
v -0.08335423 0.00835487 -0.02766447
v -0.08289617 0.00554523 -0.02888256
v -0.08257048 0.00867074 -0.03002319
v -0.08227659 0.00861612 -0.02863139
v -0.08149397 0.00964927 -0.02865341
v -0.08176403 0.00963817 -0.02526483
v -0.08008789 0.00932139 -0.02538551
v -0.0794453 0.00907016 -0.02249037
v -0.07949775 0.00651992 -0.02500094
v -0.08011898 0.00689698 -0.0209713
v -0.07936247 0.00480146 -0.02221494
v -0.08039252 0.00396578 -0.01866837
v -0.07931271 0.00292751 -0.01904441
v -0.08006511 0.00168654 -0.01624098
v -0.07948841 0.00105981 -0.01616486
v -0.08052704 0.000787 -0.01539218
v -0.07983355 9.58E-05 -0.01665148
v -0.08059724 0.00132475 -0.01532022
v -0.08083658 0.00085157 -0.01483301
v -0.08073822 0.00235848 -0.01603455
v -0.08196884 0.00242225 -0.01608357
v -0.08185351 0.0041377 -0.01875513
v -0.08188679 0.00718549 -0.02087428
v -0.08219253 0.00957763 -0.02230458
v -0.08287026 0.00803664 -0.0243331
v -0.08280005 0.00557521 -0.02773008
v -0.08273762 0.00232861 -0.0278669
v -0.08294424 0.00183425 -0.02882046
v -0.08229312 0.00025126 -0.02880233
v -0.08322977 0.00037234 -0.03022343
v -0.08238161 0.00050148 -0.03162455
v -0.08292329 0.00420217 -0.02240385
v -0.08264939 0.00592438 -0.02164213
v -0.08292899 0.00537844 -0.02501987
v -0.08362459 0.00244968 -0.02329093
v -0.08310169 0.00291782 -0.0256996
v -0.08221526 0.00070528 -0.0240787
v -0.08206013 0.00081525 -0.0260276
v -0.08137733 0.00166344 -0.01513801
v -0.081384 0.00118754 -0.01463587
v -0.08260597 -0.00010256 -0.0211928
v -0.08387867 0.00056705 -0.01947936
v -0.08361837 0.00103347 -0.02160268
v -0.08397377 0.00233568 -0.02100855
v -0.08302388 0.00326085 -0.02062729
v -0.08296554 0.0035611 -0.01939663
v -0.08289988 0.00173841 -0.01653323
v -0.08212325 0.00116937 -0.01533318
v -0.08190967 0.00098828 -0.01496786
v -0.08135355 0.00070952 -0.01438474
v -0.08144193 0.00075305 -0.01509662
v -0.08408936 0.00176362 -0.01914499
v -0.08213467 0.00066391 -0.01558415
v -0.08327197 0.0009118 -0.01705633
v -0.08310054 -6.019E-05 -0.01779411
v -0.08138118 0.0001978 -0.01577964
v -0.08104908 -0.00033985 -0.01706946
v -0.07892989 0.00056232 -0.0202292
v -0.08023319 -0.00026308 -0.02089853
v -0.0790898 0.0013762 -0.02357689
v -0.08018673 0.00050552 -0.02393827
v -0.08014645 0.00077691 -0.02596317
v -0.07914288 0.00282294 -0.02630435
v -0.07989256 0.00021696 -0.02885648
v -0.07913274 0.00351207 -0.02977105
v -0.07936399 0.00063869 -0.03275035
v -0.07908276 0.00229634 -0.03159314
v -0.07776023 0.00097869 -0.03122382
v -0.0766178 -4.525E-05 -0.02919305
v -0.07870544 0.00295919 -0.02306189
v -0.07855184 0.00799669 -0.03134095
v -0.07907906 0.00784734 -0.03099302
v -0.0791496 0.00493969 -0.03093242
v -0.07944059 0.00803098 -0.02939058
v -0.07832821 0.00190962 -0.01943182
v -0.04581588 0.0047275 -0.02778271
v -0.04671716 0.00424605 -0.03190981
v -0.04637444 0.00776897 -0.0281346
v -0.04592811 0.00217284 -0.02829777
v -0.04668036 0.00210604 -0.03157941
v -0.0463561 0.00081625 -0.02972675
v -0.04665876 0.00147295 -0.03184568
v -0.04716106 0.00088153 -0.03298749
v -0.04616953 0.00154943 -0.0326747
v -0.04518972 0.00094842 -0.03085659
v -0.04532062 0.00192101 -0.02968831
v -0.04522445 0.00387538 -0.03085975
v -0.04367651 0.00294909 -0.02831921
v -0.04410339 0.0045573 -0.02965118
v -0.0428267 0.00497196 -0.02900223
v -0.04416784 0.00577 -0.03007828
v -0.0452135 0.00651458 -0.03106041
v -0.04683841 0.00785837 -0.03269006
v -0.04709092 0.0092546 -0.02813973
v -0.04540479 0.00773638 -0.02429164
v -0.04522306 0.00589914 -0.02352776
v -0.04410868 0.00307117 -0.02377429
v -0.04434044 0.00382282 -0.0221475
v -0.04275763 0.00176262 -0.02126513
v -0.04307692 0.00070931 -0.02180646
v -0.04334667 0.00011708 -0.01920806
v -0.04418736 -0.00017752 -0.02041764
v -0.04441432 0.00160876 -0.02499281
v -0.04658675 0.00083653 -0.02704615
v -0.04527698 -8.63E-06 -0.0240195
v -0.04396919 0.00070527 -0.02315257
v -0.05071319 0.00050147 -0.0316008
v -0.04986501 0.00037233 -0.03019968
v -0.05015055 0.00183424 -0.02879672
v -0.04928745 0.00030977 -0.02837639
v -0.04980032 0.00170309 -0.02793374
v -0.04844724 0.00089595 -0.02634668
v -0.04462922 -0.0001755 -0.0185467
v -0.04631876 -0.00035711 -0.01930215
v -0.0464159 0.00029263 -0.01769878
v -0.04767221 0.00060842 -0.0187645
v -0.04840191 0.00115625 -0.02099128
v -0.04760026 1.972E-05 -0.02293636
v -0.04900987 0.00190991 -0.02366215
v -0.04937872 0.00226823 -0.02604022
v -0.04951815 0.0032176 -0.02726528
v -0.05019962 0.00554523 -0.02885882
v -0.05029563 0.0055752 -0.02770633
v -0.04999308 0.00291781 -0.02567586
v -0.0508796 0.00070527 -0.02405494
v -0.04415721 0.00282601 -0.01925308
v -0.04343659 0.00227918 -0.0203372
v -0.04501061 0.00455326 -0.020813
v -0.04376085 0.00151744 -0.01837273
v -0.04319102 0.00088183 -0.0189272
v -0.04351564 0.00065382 -0.01748971
v -0.04386182 0.00020889 -0.01765512
v -0.0438519 0.00017918 -0.01666709
v -0.04499678 0.00018871 -0.01722348
v -0.04899025 0.00433691 -0.02492533
v -0.04893498 0.00324786 -0.02343267
v -0.0482661 0.00252434 -0.02101857
v -0.04735442 0.00185241 -0.01906026
v -0.04598112 0.00141151 -0.01772468
v -0.04619123 0.00250567 -0.01817789
v -0.04727339 0.00316097 -0.01953233
v -0.04822962 0.00386922 -0.02172284
v -0.04829128 0.00507083 -0.02351118
v -0.04866029 0.00623817 -0.02452591
v -0.04956691 0.00587343 -0.02734962
v -0.04974251 0.00835486 -0.02764069
v -0.04847055 0.00771718 -0.02374914
v -0.04779037 0.00618771 -0.02256869
v -0.04743923 0.00482567 -0.02161255
v -0.04646983 0.00452501 -0.02035143
v -0.045516 0.00291177 -0.01857805
v -0.04690348 0.00697463 -0.02194997
v -0.04565383 0.00681926 -0.02225156
v -0.04557255 0.00916195 -0.02349959
v -0.04770822 0.009503 -0.02286296
v -0.04863314 0.00935984 -0.02773137
v -0.05052602 0.00867074 -0.02999943
v -0.05082028 0.00861617 -0.02860765
v -0.0507895 0.0103517 -0.03168034
v -0.05160208 0.00964926 -0.02862967
v -0.05133143 0.00963817 -0.02524107
v -0.05022543 0.00803663 -0.02430934
v -0.05016624 0.00537843 -0.02499612
v -0.04947019 0.00244968 -0.02326717
v -0.04947644 0.00103347 -0.02157893
v -0.05048888 -0.00010256 -0.02116905
v -0.0509029 0.00957763 -0.02228082
v -0.05286705 0.00964723 -0.02883235
v -0.05300765 0.00932138 -0.02536177
v -0.0536495 0.00907015 -0.02246664
v -0.05120807 0.00718554 -0.02085054
v -0.05044547 0.00592437 -0.02161837
v -0.05017152 0.00420216 -0.02238008
v -0.04912103 0.00233568 -0.0209848
v -0.0492162 0.00056705 -0.01945561
v -0.04999425 -6.019E-05 -0.01777036
v -0.0490055 0.00176362 -0.01912125
v -0.04982283 0.0009118 -0.0170326
v -0.05297581 0.00689697 -0.02094756
v -0.05124135 0.00413769 -0.01873139
v -0.05097156 0.00116937 -0.01530945
v -0.0513506 0.00165186 -0.015077
v -0.05121216 0.00101803 -0.0147866
v -0.05150624 0.00121477 -0.0146045
v -0.05191536 0.00116029 -0.01461975
v -0.05172088 0.00085311 -0.01424141
v -0.05208546 0.00073957 -0.01435264
v -0.05012931 0.0035611 -0.01937287
v -0.05019497 0.0017384 -0.01650947
v -0.05007097 0.00326085 -0.02060354
v -0.05112598 0.00242224 -0.01605982
v -0.05208039 0.00167524 -0.01514986
v -0.05226009 0.00098373 -0.01470087
v -0.05205841 0.00063465 -0.01449287
v -0.05165041 0.00065597 -0.01429644
v -0.05096014 0.0006639 -0.0155604
v -0.05115813 0.00095851 -0.01510161
v -0.05146302 0.00079174 -0.01510098
v -0.05184269 0.00071435 -0.01504471
v -0.0522564 0.0007194 -0.01491764
v -0.05249761 0.00132474 -0.01529641
v -0.05235659 0.00235847 -0.01601079
v -0.05270227 0.00396577 -0.01864462
v -0.05171362 0.00019779 -0.01575582
v -0.05256781 0.00078699 -0.01536843
v -0.05302968 0.00168654 -0.01621722
v -0.05486654 0.0110769 -0.03444534
v -0.05400831 0.0097784 -0.03206812
v -0.05281321 0.01210696 -0.03357563
v -0.0529839 0.01082365 -0.03175645
v -0.05365393 0.00803098 -0.02936684
v -0.05359705 0.00651991 -0.02497717
v -0.05373238 0.00480146 -0.02219117
v -0.05378208 0.0029275 -0.01902066
v -0.05360638 0.0010598 -0.01614113
v -0.05326124 9.579E-05 -0.01662772
v -0.05204577 -0.00033986 -0.01704564
v -0.05476658 0.00190961 -0.01940804
v -0.05438936 0.00295918 -0.02303814
v -0.05393833 0.00387913 -0.02587986
v -0.05398943 0.00481498 -0.02925508
v -0.05394493 0.00493968 -0.03090861
v -0.05401508 0.00784733 -0.03096922
v -0.0545418 0.00799668 -0.03131721
v -0.05601063 0.00868876 -0.03001678
v -0.05565288 0.00929615 -0.03206428
v -0.05713061 0.00871703 -0.03261258
v -0.05759115 0.00838206 -0.03026779
v -0.05812482 0.00622803 -0.02992268
v -0.0589119 0.00304715 -0.02944881
v -0.05937873 0.00220249 -0.025948
v -0.0593623 0.00260192 -0.02741478
v -0.05983635 0.00189981 -0.02759336
v -0.05763515 0.00619474 -0.03253436
v -0.05792196 0.00297744 -0.03236496
v -0.05900332 0.00122889 -0.02964708
v -0.05986508 0.00075874 -0.0276613
v -0.05989383 0.00153358 -0.02570358
v -0.06005316 0.00037232 -0.02565773
v -0.05906456 -9.904E-05 -0.02664935
v -0.05636914 0.00091411 -0.03609147
v -0.0554071 0.00217374 -0.04067327
v -0.05419787 0.00034105 -0.03963606
v -0.05767291 0.00147305 -0.0324773
v -0.05694072 0.00277757 -0.035974
v -0.05579785 0.00554805 -0.04060637
v -0.05704928 0.00624622 -0.03660716
v -0.05677782 0.00982379 -0.03651834
v -0.05577908 0.00992065 -0.04170934
v -0.05487925 0.01323797 -0.0358814
v -0.05503285 0.01610329 -0.03725854
v -0.05660516 0.01227444 -0.03854397
v -0.05642252 0.01564323 -0.0404526
v -0.05488537 0.02327299 -0.03938167
v -0.05643297 0.02268715 -0.04240122
v -0.05569671 0.0306752 -0.0437732
v -0.05455759 0.03009816 -0.04684813
v -0.05542122 0.02202728 -0.04568931
v -0.0554553 0.01517309 -0.04357691
v -0.05532659 0.03533162 -0.04485463
v -0.0552213 0.0361107 -0.04784437
v -0.05438925 0.03385528 -0.04751828
v -0.05546645 0.03373366 -0.04432606
v -0.05161712 0.01627275 -0.03628534
v -0.05136631 0.0135235 -0.03476533
v -0.0510473 0.01177305 -0.03351903
v -0.0402802 0.00026045 -0.02516156
v -0.04008924 0.00057135 -0.02529986
v -0.04035887 0.00058017 -0.02522876
v -0.04014808 0.0009575 -0.02596517
v -0.04070612 0.00102924 -0.02574576
v -0.04151118 0.00089697 -0.02644238
v -0.04096066 0.00054183 -0.02589738
v -0.04116116 0.00153461 -0.02653332
v -0.04011842 0.00025766 -0.02525096
v -0.04029385 0.00049946 -0.0262653
v -0.04042624 0.00139497 -0.02698766
v -0.04180658 0.0021344 -0.02695229
v -0.0424354 0.0011502 -0.02661739
v -0.04067209 0.00136409 -0.03181506
v -0.04064174 0.00242507 -0.03058008
v -0.04009436 0.00068409 -0.03006807
v -0.04029327 0.00158959 -0.0292389
v -0.04216086 0.0034598 -0.03259265
v -0.04185059 0.00222369 -0.03340257
v -0.04157919 0.00426674 -0.03061337
v -0.04072293 0.00337718 -0.02904997
v -0.0401229 0.00199296 -0.02828219
v -0.04010029 0.00067007 -0.02841528
v -0.04097933 4.847E-05 -0.03004087
v -0.04211808 0.0006065 -0.03272013
v -0.04174582 -5.948E-05 -0.02776363
v -0.04149544 0.00038142 -0.02673868
v -0.0424098 0.00036124 -0.0269508
v -0.04067348 0.00042379 -0.02712887
v -0.04066782 1.417E-05 -0.02832215
v -0.0402938 0.000765 -0.02721909
v -0.04359142 0.00602022 -0.03435044
v -0.04235308 0.00580532 -0.03178158
v -0.0418859 0.00489024 -0.02972867
v -0.04225554 0.00354789 -0.02784629
v -0.04403954 0.0016365 -0.02743059
v -0.0436891 0.00035619 -0.02788009
v -0.04242922 0.00743069 -0.03238346
v -0.0422748 0.00648732 -0.03033498
v -0.04237919 0.00805328 -0.03073578
v -0.0432905 0.00636325 -0.02966708
v -0.04367716 0.00782216 -0.03000892
v -0.0442871 0.00888655 -0.03380621
v -0.04366926 0.00792099 -0.03437955
v -0.04534354 0.00612738 -0.03854366
v -0.04551078 0.0085879 -0.03338438
v -0.04777397 0.00994087 -0.03319904
v -0.04826587 0.01130286 -0.03473907
v -0.04729925 0.00938795 -0.03434392
v -0.04697581 0.00996205 -0.03518756
v -0.04576073 0.01032028 -0.03625008
v -0.04564416 0.00912264 -0.03920677
v -0.04784188 0.00549861 -0.04227921
v -0.04863024 0.00982736 -0.04370077
v -0.04681066 0.01225449 -0.04009981
v -0.04812383 0.01277386 -0.03638844
v -0.04897903 0.01600744 -0.03760552
v -0.04820229 0.01566724 -0.04088351
v -0.04982751 0.01523459 -0.04407464
v -0.07936399 0.00063869 -0.03275035
v -0.07646273 0.00090504 -0.031958
v -0.07776023 0.00097869 -0.03122382
v -0.05462472 0.13835062 0.08709541
v -0.052185 0.13441624 0.08476978
v -0.05588488 0.13905255 0.08238068
v -0.0544224 0.13599619 0.0802855
v -0.05505783 0.13618395 0.07941391
v -0.05369143 0.13335851 0.07759661
v -0.05162739 0.13013147 0.07702322
v -0.05084744 0.13060938 0.07548703
v -0.05281138 0.13493578 0.07679918
v -0.05864154 0.13870586 0.09288601
v -0.05923463 0.14029059 0.08912233
v -0.05399749 0.13598818 0.09090389
v -0.04819676 0.1241099 0.074784
v -0.04806231 0.12566155 0.07209884
v -0.04958851 0.12816267 0.08058366
v -0.05165433 0.13291205 0.08770508
v -0.05978751 0.1410875 0.0846391
v -0.0605654 0.14062023 0.08308744
v -0.06030411 0.14287171 0.08207718
v -0.05768963 0.14295706 0.07564864
v -0.05690798 0.13924351 0.08142482
v -0.0569713 0.14082718 0.08053352
v -0.05486341 0.13837567 0.07828044
v -0.05470361 0.13971666 0.07352944
v -0.05226543 0.13597058 0.07378332
v -0.05505459 0.13733876 0.07946726
v -0.05401301 0.13553533 0.06864189
v -0.05072342 0.13179351 0.06822743
v -0.05008047 0.13094757 0.07311499
v -0.04784623 0.12269747 0.07661783
v -0.04983185 0.12605949 0.0824799
v -0.04812087 0.11573498 0.0763842
v -0.05052201 0.11296824 0.07464906
v -0.04801355 0.10817511 0.07587588
v -0.04958596 0.11575685 0.07557237
v -0.0478141 0.11816943 0.07648075
v -0.05048953 0.11822703 0.07577879
v -0.05057702 0.12039106 0.07833057
v -0.0474914 0.12053078 0.07780089
v -0.04627594 0.11867829 0.07371881
v -0.04556305 0.12094364 0.07019355
v -0.04534564 0.11494128 0.07092699
v -0.04378688 0.1108629 0.07029758
v -0.0433321 0.11599795 0.06848989
v -0.04579182 0.11380513 0.07271921
v -0.04603361 0.11680337 0.0751899
v -0.04637276 0.11468311 0.07418765
v -0.04527742 0.10997532 0.07093128
v -0.04366446 0.10637433 0.07058562
v -0.04119473 0.11025909 0.06819544
v -0.0453114 0.10796066 0.07328676
v -0.04504565 0.10251731 0.07171694
v -0.0415514 0.10511711 0.06836507
v -0.04731553 0.10163775 0.07486401
v -0.05019787 0.10205807 0.07581186
v -0.04999065 0.09011416 0.06896461
v -0.04711551 0.09129141 0.06956628
v -0.0494308 0.09111163 0.07049388
v -0.0518114 0.09364261 0.07288188
v -0.04917593 0.09429816 0.07406391
v -0.05025073 0.09822826 0.07592762
v -0.04773062 0.0989318 0.07461757
v -0.04587825 0.10011702 0.07168388
v -0.04301886 0.10118702 0.06868458
v -0.04122373 0.10328542 0.06422482
v -0.0411346 0.10338035 0.06265075
v -0.04135079 0.10106914 0.05962318
v -0.04053437 0.10011275 0.05397927
v -0.04535264 0.09749376 0.07015835
v -0.04719691 0.0951116 0.07278322
v -0.04517271 0.0949185 0.06831492
v -0.04275177 0.10022957 0.06632216
v -0.0445586 0.09745642 0.06668273
v -0.04066212 0.09789807 0.06367436
v -0.04027546 0.10037625 0.06146019
v -0.04640492 0.09312628 0.0670225
v -0.04255681 0.09363247 0.06496678
v -0.03940254 0.09409548 0.0587708
v -0.04069898 0.09420215 0.05296475
v -0.038898 0.09706437 0.05692951
v -0.0401293 0.097801 0.0557427
v -0.04012541 0.09584022 0.05148564
v -0.04015454 0.09859364 0.04979956
v -0.04233528 0.09574261 0.04738699
v -0.04214811 0.0898384 0.04627592
v -0.04081883 0.09067318 0.05355629
v -0.040483 0.09019257 0.06055343
v -0.04456111 0.09093241 0.06469422
v -0.04749674 0.08918338 0.06742574
v -0.03942868 0.10307045 0.05188942
v -0.04454559 0.09648937 0.04625725
v -0.04306023 0.09145034 0.04639327
v -0.04568909 0.09155115 0.04581027
v -0.04528525 0.0885049 0.04436208
v -0.04205595 0.08548586 0.04217514
v -0.04088908 0.08765146 0.04765743
v -0.04026895 0.08473803 0.04253359
v -0.04010408 0.08313091 0.04374067
v -0.04016803 0.08108691 0.04041386
v -0.04034021 0.08115305 0.04464958
v -0.0405412 0.07955979 0.04134144
v -0.03949301 0.07823428 0.04582307
v -0.04131783 0.07716002 0.04165401
v -0.0419042 0.08301728 0.03869257
v -0.04002268 0.08261029 0.03935239
v -0.04063075 0.08111785 0.03871017
v -0.04197354 0.08154404 0.0377986
v -0.04471649 0.078038 0.03954068
v -0.04486617 0.08196435 0.03838053
v -0.04260081 0.07805239 0.0389006
v -0.0433304 0.07497893 0.04032157
v -0.04218663 0.07524032 0.04062988
v -0.0411897 0.07787209 0.03958121
v -0.04490436 0.08285619 0.03902595
v -0.04507216 0.08572589 0.0426008
v -0.04157876 0.07387374 0.0434793
v -0.0436514 0.07268745 0.04239117
v -0.04501487 0.07487813 0.04056268
v -0.04635002 0.07833188 0.04145131
v -0.04639889 0.08275593 0.04172548
v -0.04671024 0.08388567 0.0428435
v -0.04763611 0.08571789 0.04460105
v -0.04821906 0.08886175 0.04595588
v -0.04827811 0.09266331 0.04595588
v -0.0485471 0.09555805 0.0498497
v -0.0458914 0.10093685 0.05080821
v -0.04680161 0.09712785 0.04595588
v -0.04751252 0.06970095 0.04359612
v -0.05098202 0.07063919 0.04853113
v -0.04736077 0.07484133 0.04437701
v -0.05026038 0.07538112 0.04862447
v -0.04685718 0.07711468 0.04455304
v -0.04961209 0.07762141 0.04878717
v -0.04723872 0.07996942 0.04445969
v -0.04992189 0.08050018 0.04934242
v -0.04792862 0.0833784 0.04481228
v -0.05065638 0.08349468 0.04919041
v -0.04969151 0.08729196 0.0498497
v -0.04981713 0.0910935 0.0498497
v -0.04451033 0.06623064 0.04141611
v -0.04496367 0.06276408 0.04111048
v -0.04570238 0.06581566 0.04165135
v -0.04738082 0.0631956 0.04366333
v -0.04584911 0.0565137 0.04416792
v -0.04395554 0.06115908 0.04426553
v -0.04434957 0.06544655 0.04313793
v -0.04517873 0.06649414 0.04279227
v -0.04582297 0.06676725 0.04300191
v -0.04267207 0.06173302 0.04708615
v -0.04524307 0.05579894 0.04655222
v -0.04265912 0.06783991 0.04476586
v -0.04456965 0.06909607 0.04319394
v -0.04567122 0.0693153 0.04281897
v -0.04651848 0.07267679 0.04249518
v -0.04635467 0.07492987 0.04179215
v -0.0455447 0.07244369 0.04219967
v -0.04038763 0.08301355 0.04938564
v -0.04164731 0.08450814 0.05611128
v -0.03934184 0.08008998 0.05054472
v -0.03903066 0.07508935 0.04686533
v -0.03891812 0.06940864 0.04879037
v -0.05054133 0.05100255 0.04867676
v -0.0507006 0.05708337 0.04880317
v -0.04850955 0.05279686 0.04606576
v -0.04839498 0.05687641 0.04473173
v -0.05084632 0.06388582 0.0488085
v -0.05108102 0.10983825 0.07555903
v -0.051669 0.10720485 0.07603589
v -0.05054069 0.10731952 0.07598203
v -0.05233467 0.10292539 0.07602468
v -0.0510895 0.10457572 0.07151106
v -0.05310111 0.09967644 0.07548222
v -0.0543506 0.0953799 0.06835119
v -0.0541485 0.09426349 0.07246585
v -0.05398853 0.08896363 0.06840506
v -0.05332519 0.09084599 0.06134392
v -0.05378018 0.08693618 0.06605065
v -0.05385198 0.08704446 0.06134392
v -0.05189062 0.08407501 0.06602345
v -0.05305951 0.08348881 0.06029953
v -0.05080212 0.08205343 0.06366529
v -0.05104565 0.07999292 0.06253981
v -0.04700024 0.0805327 0.06343751
v -0.04747935 0.07754087 0.06220589
v -0.05240423 0.08615528 0.06802742
v -0.04771153 0.08319649 0.064587
v -0.04850048 0.08581177 0.06565967
v -0.04948146 0.08737143 0.06766686
v -0.05278817 0.08883402 0.06975938
v -0.05312052 0.09319989 0.07197244
v -0.04115381 0.08727808 0.0548994
v -0.04064824 0.08503354 0.04868903
v -0.04249616 0.08684229 0.06103723
v -0.04366217 0.08273992 0.06252968
v -0.04505963 0.08706205 0.06512467
v -0.04213131 0.08837529 0.06103188
v -0.05601294 0.00147631 0.07079578
v -0.05506472 0.00165109 0.07139745
v -0.0559883 0.00192649 0.07033438
v -0.05680483 0.00138124 0.06872832
v -0.05617291 0.00072542 0.07049602
v -0.05657403 0.0004837 0.06844989
v -0.05483259 0.00023273 0.07025811
v -0.05530608 -0.00024779 0.06755589
v -0.05314933 -0.00014517 0.06792609
v -0.05237862 0.00089679 0.06883875
v -0.05391674 0.0007008 0.07072163
v -0.05573808 0.00102544 0.07236931
v -0.05029254 8.736E-05 0.05646599
v -0.04801877 0.00110183 0.05447961
v -0.04710356 0.00046763 0.05575178
v -0.05133854 0.00104354 0.05557467
v -0.05295485 0.00143049 0.05936076
v -0.05229408 0.00494182 0.05530424
v -0.05352815 0.00450532 0.05951009
v -0.05333831 0.0090228 0.05739037
v -0.05398869 0.00721703 0.06074652
v -0.05303033 0.01039876 0.05970479
v -0.05383157 0.00862329 0.06149595
v -0.05198551 0.00886476 0.06255581
v -0.05426377 0.00841275 0.06353834
v -0.05276726 0.00844695 0.06448565
v -0.05520068 0.00801372 0.06563087
v -0.0534643 0.0079464 0.0664203
v -0.05501208 0.00613124 0.06654671
v -0.05123954 0.00023847 0.06063398
v -0.05349876 0.00071588 0.06379598
v -0.05511513 0.00711569 0.06359009
v -0.05517273 0.00528204 0.06392293
v -0.0554086 0.00296272 0.06341247
v -0.05469363 0.00149008 0.06336073
v -0.05641625 0.0007601 0.06659738
v -0.05697355 0.00194509 0.0669953
v -0.05622588 0.00219163 0.06831868
v -0.0558238 0.00326515 0.06888568
v -0.05568325 0.00353652 0.0653839
v -0.05518372 0.00456532 0.06757724
v -0.05387449 0.00615637 0.06721506
v -0.05402747 0.0047603 0.06816666
v -0.0544895 0.00336787 0.06972365
v -0.0546053 0.00221244 0.07069071
v -0.05392431 0.00126465 0.07060909
v -0.05262579 0.00190387 0.06925906
v -0.05199851 0.00149481 0.0675959
v -0.05219358 0.0010375 0.06655259
v -0.05292131 0.00037918 0.06554979
v -0.05176505 0.00101037 0.06603518
v -0.05178287 0.00494705 0.06475182
v -0.05093977 0.00861881 0.06346901
v -0.05264159 0.00453978 0.06663793
v -0.0534004 0.00287318 0.06922438
v -0.05229419 0.00268281 0.06806637
v -0.05188597 0.00194006 0.06659205
v -0.05160946 0.00240028 0.06552471
v -0.0512413 0.00229485 0.0652879
v -0.05082099 0.0048577 0.06385624
v -0.05055978 0.00833344 0.06634028
v -0.05096148 0.00528837 0.06674995
v -0.05089099 0.00562718 0.07036266
v -0.05042504 0.00658453 0.07284775
v -0.05017792 0.00540918 0.07523312
v -0.04994969 0.00412007 0.07720457
v -0.05053616 0.00848914 0.07048106
v -0.04970662 0.0097143 0.06772873
v -0.04968549 0.00991033 0.06525909
v -0.05023931 0.01152658 0.06296387
v -0.04981174 0.00762487 0.07401004
v -0.05100518 0.00856349 0.07236984
v -0.0498422 0.00985704 0.07044265
v -0.04807772 0.00934343 0.06780341
v -0.0475522 0.01019143 0.06468088
v -0.04995577 0.00965702 0.07290589
v -0.04747337 0.00427052 0.07354066
v -0.0466378 0.00297659 0.07384577
v -0.04855682 0.00770408 0.07403298
v -0.04815238 0.00956554 0.07274323
v -0.04776551 0.00735945 0.07084328
v -0.04806443 0.00941278 0.07048213
v -0.04742893 0.00763079 0.06806796
v -0.0471872 0.00494524 0.06875712
v -0.04624643 0.00275619 0.06766792
v -0.0458136 0.00093499 0.069322
v -0.04604072 0.00268784 0.06962497
v -0.04541729 0.00094514 0.07054295
v -0.04582832 0.00269487 0.0723976
v -0.0448993 0.00031918 0.07317956
v -0.04539397 0.00188579 0.07493817
v -0.04369648 9.976E-05 0.07620393
v -0.04455248 0.00118022 0.07664025
v -0.04356825 0.00075307 0.07739553
v -0.04284325 0.00020831 0.07710377
v -0.04713403 0.00286674 0.067302
v -0.04719556 0.00829215 0.06601438
v -0.04710718 0.0053895 0.06662887
v -0.04655181 0.00535883 0.06660273
v -0.04590394 0.00521057 0.06899182
v -0.04506108 0.00606942 0.07153881
v -0.04447412 0.00413916 0.0742538
v -0.04383767 0.00269788 0.07654209
v -0.04290294 0.00166165 0.07763823
v -0.04289456 0.00045958 0.07773264
v -0.04205473 0.00074101 0.07830554
v -0.04505116 0.00973042 0.06832507
v -0.04580714 0.00789109 0.06875872
v -0.044556 0.00972033 0.07145346
v -0.046523 0.00856008 0.06595464
v -0.04555933 0.00976898 0.06591677
v -0.04307965 0.00921686 0.06756178
v -0.04209489 0.00943491 0.0707179
v -0.04357407 0.00749408 0.07279231
v -0.04447556 0.00621083 0.07218582
v -0.04322036 0.00527691 0.0742789
v -0.04226324 0.00754534 0.07253519
v -0.04195759 0.00533089 0.0704016
v -0.04250081 0.00569092 0.06744923
v -0.0436986 0.00901027 0.06460728
v -0.04631552 0.0103059 0.06432458
v -0.04161024 0.00031415 0.07689467
v -0.04079809 0.00080734 0.07749529
v -0.04079398 0.00015505 0.075766
v -0.04012702 0.00130084 0.07566786
v -0.04059017 0.00030682 0.07427994
v -0.03962583 0.00095308 0.07414713
v -0.04078689 0.00078393 0.07201087
v -0.04014761 0.00215495 0.0723069
v -0.04088242 0.00357361 0.0728595
v -0.04090429 0.00276221 0.06998183
v -0.04246763 0.0028846 0.06742576
v -0.04363352 0.00538507 0.0648441
v -0.04388924 0.00540614 0.06299321
v -0.04397181 0.00915664 0.06187094
v -0.04394973 0.00703989 0.06266356
v -0.04094638 0.00082643 0.07853808
v -0.04113968 0.00155311 0.0785002
v -0.0412909 0.00064399 0.0794678
v -0.04178781 0.00161843 0.07855835
v -0.04110629 0.00328887 0.07564651
v -0.0417413 0.00497629 0.07383669
v -0.04268142 0.0035713 0.07619645
v -0.04214615 0.00237326 0.07760891
v -0.04112421 0.00216218 0.07746649
v -0.0938855 0.10865569 0.05525195
v -0.09283942 0.10535128 0.05488925
v -0.09361433 0.10962596 0.05854784
v -0.09246203 0.10457199 0.06127777
v -0.09173181 0.10106915 0.05962317
v -0.091948 0.10338037 0.06265075
v -0.09325572 0.10884771 0.06327908
v -0.08143857 0.02311909 0.04937658
v -0.08435098 0.02352004 0.04878878
v -0.08160922 0.02596018 0.04892319
v -0.0850206 0.02039421 0.04967687
v -0.081855 0.01957741 0.04981929
v -0.08585396 0.01743933 0.05178542
v -0.08294377 0.0163704 0.0518873
v -0.0865438 0.01205343 0.05431265
v -0.08337172 0.01262358 0.05330188
v -0.08376046 0.00966636 0.05348802
v -0.08729594 0.00793761 0.05527651
v -0.08426382 0.00569274 0.05317866
v -0.08776284 0.0049984 0.05498582
v -0.08507567 0.00122662 0.0541153
v -0.08823676 0.00180817 0.05492129
v -0.08599897 0.00054776 0.0553672
v -0.08912279 0.00091367 0.05622543
v -0.09131416 0.00278817 0.05849025
v -0.05020001 -0.00014849 0.07746007
v -0.04884868 0.00024249 0.07915521
v -0.05012058 0.00025856 0.07915149
v -0.0481709 -3.895E-05 0.07770064
v -0.04822504 0.00032389 0.07880796
v -0.04788201 9.976E-05 0.07524592
v -0.05054257 -1.884E-05 0.07495522
v -0.04785711 0.00023344 0.07236611
v -0.05046281 0.000344 0.07223061
v -0.04998254 0.00103046 0.06990233
v -0.04785614 0.00108776 0.069625
v -0.0448993 0.00031918 0.07317956
v -0.04135336 -5.924E-05 0.07544756
v -0.04369648 9.976E-05 0.07620393
v -0.04210407 -5.16E-06 0.07219275
v -0.04541729 0.00094514 0.07054295
v -0.04299965 0.00050481 0.06927719
v -0.0458136 0.00093499 0.069322
v -0.04333024 0.00096313 0.06744923
v -0.04562657 0.00028138 0.06730469
v -0.04370774 0.00050231 0.06525269
v -0.05004176 0.00041134 0.0679469
v -0.04590838 0.00041627 0.06538177
v -0.04284553 0.00086981 0.06340232
v -0.04314308 0.00118118 0.06542978
v -0.04259981 0.00198673 0.06748605
v -0.04137773 0.00148477 0.06960417
v -0.04078689 0.00078393 0.07201087
v -0.04059017 0.00030682 0.07427994
v -0.04079398 0.00015505 0.075766
v -0.04161024 0.00031415 0.07689467
v -0.04284325 0.00020831 0.07710377
v -0.05057733 0.0003224 0.06478757
v -0.04632875 7.565E-05 0.06390426
v -0.04979414 -5.521E-05 0.06290306
v -0.04649575 -0.00027251 0.05939916
v -0.04388786 0.00028832 0.0606457
v -0.04288416 0.00083745 0.0615029
v -0.0393107 0.00094002 0.06748017
v -0.04113504 0.00076212 0.0664603
v -0.03899744 0.00040431 0.0668977
v -0.04082689 0.00044547 0.06220005
v -0.04132332 0.00127245 0.06001417
v -0.03965875 0.00131331 0.06122499
v -0.03808405 0.00080333 0.06299267
v -0.03918643 -4.998E-05 0.06391652
v -0.03745245 0.00080936 0.06508894
v -0.03804078 0.00044351 0.06611519
v -0.04069898 2.691E-05 0.06572582
v -0.04202363 0.00027335 0.0637453
v -0.04278698 0.00152452 0.06417575
v -0.04297664 0.00080855 0.0583393
v -0.04397231 0.00086363 0.05662763
v -0.04710356 0.00046763 0.05575178
v -0.04961311 -0.00039402 0.05971919
v -0.05123954 0.00023847 0.06063398
v -0.05349876 0.00071588 0.06379598
v -0.05292131 0.00037918 0.06554979
v -0.05530608 -0.00024779 0.06755589
v -0.05314933 -0.00014517 0.06792609
v -0.05483259 0.00023273 0.07025811
v -0.05029254 8.736E-05 0.05646599
v -0.05147339 0.02596017 0.04892372
v -0.05207954 0.02860066 0.04848527
v -0.05080109 0.02821976 0.04640607
v -0.05219817 0.03107218 0.0479476
v -0.05048575 0.03092282 0.04580227
v -0.05223434 0.03377581 0.04770915
v -0.05049658 0.03319788 0.04484961
v -0.05005535 0.03520202 0.0463026
v -0.05126947 0.03684729 0.0495606
v -0.04988951 0.03758904 0.04787613
v -0.05142416 0.04305618 0.05109039
v -0.05182309 0.03654086 0.05445186
v -0.05167645 0.04260155 0.05563923
v -0.04786889 0.0421159 0.05746025
v -0.05128425 0.05031863 0.05651132
v -0.04687185 0.04984033 0.05798137
v -0.0513378 0.05622566 0.05755305
v -0.05259316 0.05690254 0.05245481
v -0.05388457 0.06361805 0.05726181
v -0.05361734 0.06421973 0.05316158
v -0.05254995 0.0509626 0.05184622
v -0.05098202 0.07063919 0.04853113
v -0.05084632 0.06388582 0.0488085
v -0.0507006 0.05708337 0.04880317
v -0.05054133 0.05100255 0.04867676
v -0.04995613 0.04321599 0.04888158
v -0.04969151 0.08729196 0.0498497
v -0.05129806 0.09105615 0.05567814
v -0.04981713 0.0910935 0.0498497
v -0.05038029 0.09602051 0.05567814
v -0.0485471 0.09555805 0.0498497
v -0.0458914 0.10093685 0.05080821
v -0.04789481 0.100899 0.05681856
v -0.052324 0.09649044 0.06128951
v -0.04916813 0.10137158 0.06209494
v -0.05054169 0.10259947 0.06737243
v -0.05372791 0.07107604 0.05351201
v -0.05308666 0.07565635 0.05346773
v -0.05026038 0.07538112 0.04862447
v -0.05243233 0.07795212 0.0535323
v -0.04961209 0.07762141 0.04878717
v -0.04992189 0.08050018 0.04934242
v -0.05198609 0.0799289 0.0538678
v -0.05065638 0.08349468 0.04919041
v -0.05176596 0.08335814 0.05483806
v -0.05159223 0.08725461 0.05567814
v -0.05356795 0.07096457 0.05845131
v -0.05048414 0.06346549 0.0595437
v -0.04570328 0.05611365 0.05860333
v -0.04065438 0.07103018 0.05803258
v -0.04377355 0.07639886 0.06045688
v -0.04427617 0.07090323 0.06063024
v -0.04268813 0.06336308 0.05853665
v -0.04545711 0.06341642 0.0598872
v -0.04989543 0.07110591 0.06072677
v -0.05171081 0.07485625 0.05916392
v -0.05275296 0.07785131 0.05788323
v -0.05241639 0.08047936 0.0588364
v -0.04870697 0.07511656 0.06143246
v -0.05095188 0.07723203 0.06111777
v -0.04571987 0.03170083 0.05695671
v -0.04435586 0.02824387 0.05559441
v -0.04366809 0.03133951 0.05404596
v -0.04545178 0.03481222 0.05585419
v -0.04397768 0.03444016 0.05341015
v -0.04472524 0.03909787 0.05423425
v -0.04557404 0.0395544 0.05669855
v -0.04401886 0.04416724 0.05415904
v -0.04499983 0.04429692 0.05615449
v -0.04358872 0.05011631 0.05556988
v -0.04666212 0.0348033 0.05779736
v -0.04366015 0.07954857 0.05992987
v -0.04041547 0.07663195 0.0578155
v -0.03874423 0.07064612 0.05332693
v -0.04047548 0.06341215 0.05460923
v -0.04228584 0.05640168 0.0550562
v -0.04937931 0.03494177 0.05808753
v -0.04937264 0.03114685 0.0582342
v -0.04068825 0.08104638 0.05718073
v -0.03828583 0.0767077 0.05173313
v -0.04430652 0.04388364 0.05123654
v -0.04312083 0.04906562 0.05204091
v -0.04150516 0.05563786 0.05294875
v -0.04040614 0.06236403 0.05050151
v -0.04283711 0.05527087 0.04931683
v -0.04441053 0.04307324 0.04964061
v -0.0438319 0.03813081 0.05209958
v -0.04523101 0.04729505 0.04773317
v -0.0446535 0.04856359 0.04929657
v -0.04509734 0.05156162 0.0473982
v -0.04628229 0.05241388 0.04564758
v -0.04455428 0.03751095 0.05027376
v -0.04446611 0.03422004 0.05186329
v -0.04548576 0.04226547 0.04925283
v -0.04715664 0.04689698 0.04757422
v -0.04585312 0.04927205 0.04711816
v -0.04575262 0.05004393 0.04771131
v -0.04744889 0.05106945 0.04711176
v -0.04746003 0.04933526 0.04684559
v -0.04896785 0.04929818 0.04775771
v -0.04928144 0.05057764 0.04791453
v -0.04916083 0.04731313 0.04836738
v -0.04758276 0.0425071 0.04850607
v -0.04696563 0.03795741 0.04838926
v -0.04464101 0.03465352 0.04960594
v -0.04676794 0.03521274 0.04748941
v -0.04633957 0.03239986 0.04695814
v -0.04739592 0.03310842 0.04520325
v -0.05049658 0.03319788 0.04484961
v -0.05048575 0.03092282 0.04580227
v -0.05005535 0.03520202 0.0463026
v -0.04988951 0.03758904 0.04787613
v -0.04995613 0.04321599 0.04888158
v -0.04765691 0.03030893 0.04564331
v -0.04837183 0.02807404 0.04604656
v -0.05080109 0.02821976 0.04640607
v -0.04872061 0.02598348 0.04839885
v -0.05147339 0.02596017 0.04892372
v -0.04873198 0.02352003 0.04878984
v -0.04750505 0.02549297 0.04890666
v -0.04717786 0.02367482 0.04921655
v -0.04706697 0.02441454 0.04977928
v -0.04670073 0.02254311 0.05164353
v -0.04668282 0.0266265 0.04796946
v -0.04461722 0.02745449 0.05125148
v -0.04459295 0.03092532 0.0492747
v -0.04451438 0.0312963 0.05207399
v -0.04610861 0.03009525 0.04672183
v -0.08100721 0.01220428 0.05415532
v -0.08337172 0.01262358 0.05330188
v -0.07987437 0.01543295 0.05248257
v -0.03753261 0.00133099 0.06817199
v -0.03743633 0.00088775 0.0679853
v -0.03769759 0.00172498 0.06765352
v -0.03718985 0.00104153 0.0669473
v -0.03740513 0.00173502 0.06639043
v -0.03789554 0.0022713 0.0667238
v -0.03890334 0.00231036 0.06731535
v -0.0397058 0.00344155 0.06631629
v -0.03834285 0.00313139 0.06525909
v -0.03781756 0.00174525 0.06486171
v -0.03745245 0.00080936 0.06508894
v -0.03804078 0.00044351 0.06611519
v -0.03799145 0.00050783 0.06789035
v -0.03771968 0.00079 0.06897902
v -0.03804601 0.00126164 0.06836081
v -0.03837037 0.00167171 0.06790369
v -0.03945888 0.00169483 0.06755166
v -0.03878792 0.00128877 0.06795596
v -0.03899744 0.00040431 0.0668977
v -0.0393107 0.00094002 0.06748017
v -0.038402 0.00088071 0.06823014
v -0.04319998 0.00219513 0.06504839
v -0.04259981 0.00198673 0.06748605
v -0.04353769 0.00189701 0.06378531
v -0.04360083 0.00384252 0.06316068
v -0.04232751 0.00378296 0.06423283
v -0.04107839 0.00259317 0.06642297
v -0.04113504 0.00076212 0.0664603
v -0.0414355 0.00463673 0.06489264
v -0.041763 0.00665296 0.06434271
v -0.04291514 0.0068724 0.0631847
v -0.04137773 0.00148477 0.06960417
v -0.03808405 0.00080333 0.06299267
v -0.04256838 0.00811832 0.06245661
v -0.04137395 0.00790795 0.06401094
v -0.04067412 0.00666155 0.06472089
v -0.04029835 0.00487818 0.06527455
v -0.03925886 0.0045798 0.06424563
v -0.03830994 0.00256256 0.06381945
v -0.037772 0.00207898 0.06312817
v -0.03907185 0.00256129 0.06128739
v -0.03965875 0.00131331 0.06122499
v -0.04132332 0.00127245 0.06001417
v -0.04177325 0.00282363 0.05881722
v -0.04297664 0.00080855 0.0583393
v -0.04397231 0.00086363 0.05662763
v -0.04486344 0.0017115 0.05530106
v -0.04710356 0.00046763 0.05575178
v -0.04801877 0.00110183 0.05447961
v -0.04533102 0.00490644 0.05520504
v -0.04883263 0.00554498 0.05336748
v -0.04579651 0.00787381 0.05536931
v -0.04933275 0.00958234 0.05352003
v -0.04654792 0.01204985 0.05433347
v -0.04971764 0.01262048 0.05330027
v -0.05014719 0.01637044 0.05190223
v -0.04721664 0.01743932 0.05178968
v -0.05123234 0.01957745 0.04981877
v -0.04806021 0.02039425 0.04967741
v -0.05164423 0.02311912 0.04937604
v -0.04200625 0.00584283 0.05844331
v -0.04304972 0.00953562 0.05752479
v -0.04504336 0.01367192 0.05635771
v -0.04581092 0.01817909 0.05296263
v -0.04635109 0.02114805 0.05064767
v -0.04576953 0.01905952 0.05429613
v -0.04502341 0.01607142 0.05701219
v -0.04479714 0.01337279 0.05895536
v -0.0442743 0.01109122 0.06027874
v -0.04239557 0.00840481 0.05984936
v -0.04158619 0.00797548 0.06132634
v -0.04023466 0.00605353 0.06164957
v -0.03943088 0.00367802 0.06209125
v -0.04045478 0.00772894 0.06313296
v -0.0396403 0.00647764 0.06359275
v -0.0447846 0.02804993 0.05370565
v -0.04455369 0.02372891 0.05438413
v -0.04534611 0.02052782 0.05720476
v -0.04660051 0.01746988 0.05919966
v -0.047109 0.01463102 0.06151035
v -0.04703389 0.01184348 0.0631639
v -0.04514161 0.02487988 0.05648892
v -0.05017882 0.01458723 0.0615605
v -0.04993837 0.01795864 0.06005791
v -0.04740312 0.02168279 0.05944769
v -0.04563986 0.02513821 0.05769442
v -0.05182602 0.00918165 0.05469136
v -0.05338392 0.01265014 0.05629904
v -0.05311476 0.01349237 0.05861719
v -0.05317824 0.01681375 0.0572693
v -0.04671012 0.02888774 0.05753278
v -0.04896449 0.02558615 0.05859105
v -0.05062507 0.02171932 0.0591506
v -0.05302526 0.02112085 0.05661533
v -0.05362186 0.01641418 0.05532771
v -0.04933275 0.00958234 0.05352003
v -0.04883263 0.00554498 0.05336748
v -0.05338616 0.03119827 0.05354776
v -0.05121181 0.02888502 0.05792217
v -0.05274251 0.03355702 0.05387261
v -0.05434089 0.01647547 0.05355309
v -0.05426051 0.0176283 0.05433932
v -0.05436207 0.01930174 0.05473296
v -0.05467875 0.02212577 0.0531749
v -0.05229402 0.02547611 0.05723354
v -0.0537677 0.02697689 0.05320532
v -0.05515401 0.01664733 0.05378672
v -0.05556339 0.01796499 0.0532117
v -0.05540401 0.01643125 0.05317599
v -0.05515358 0.01789564 0.05403369
v -0.05504423 0.01975198 0.05431799
v -0.05510072 0.0197866 0.05244363
v -0.05499452 0.01670462 0.05268579
v -0.05515182 0.01782732 0.05225747
v -0.05364251 0.01904944 0.0513459
v -0.05164423 0.02311912 0.04937604
v -0.05418775 0.01649152 0.0525599
v -0.05014719 0.01637044 0.05190223
v -0.05433113 0.01767855 0.05190489
v -0.05123234 0.01957745 0.04981877
v -0.0732297 0.00075876 -0.02768506
v -0.07304163 0.00037234 -0.0256815
v -0.07403023 -9.902E-05 -0.02667311
v -0.07320099 0.0015336 -0.02572732
v -0.07325844 0.00189983 -0.02761713
v -0.07409145 0.00122891 -0.02967087
v -0.07418213 0.00304717 -0.02947256
v -0.07517244 0.00297745 -0.03238871
v -0.07542186 0.00147306 -0.03250105
v -0.07615383 0.00277758 -0.03599775
v -0.07672559 0.00091412 -0.03611521
v -0.07768821 0.00217374 -0.04069706
v -0.07889792 0.00034106 -0.03965981
v -0.07469015 0.0003229 -0.02233106
v -0.07455572 0.00092321 -0.02220067
v -0.07478412 0.0007305 -0.02236557
v -0.07471809 0.0014549 -0.02269009
v -0.07409862 0.00131063 -0.02287926
v -0.07502235 0.00092219 -0.02273202
v -0.07483988 0.00025631 -0.02289645
v -0.07415076 0.00036729 -0.02247822
v -0.07429479 0.00045305 -0.02193318
v -0.07445102 0.00046919 -0.02182564
v -0.07414431 0.0008324 -0.02228246
v -0.07405481 0.00051561 -0.02299656
v -0.07387245 0.00038444 -0.02382565
v -0.07551698 0.00027044 -0.0234946
v -0.07522292 -0.00030333 -0.02577004
v -0.07677479 0.00029162 -0.02446537
v -0.07394863 0.0016476 -0.02389283
v -0.07511527 0.00188066 -0.02326187
v -0.07552887 0.00106142 -0.02333152
v -0.07581462 0.00265248 -0.02431447
v -0.07430285 0.00272815 -0.02489186
v -0.07471287 0.0042052 -0.02654468
v -0.07371605 0.0022025 -0.02597174
v -0.07373247 0.00260194 -0.02743854
v -0.07659295 0.001353 -0.02453071
v -0.07746724 0.00110481 -0.02479921
v -0.07732505 0.00014836 -0.02815101
v -0.0765067 -0.00018589 -0.02561986
v -0.07773757 0.00067299 -0.02630402
v -0.07808247 0.00196339 -0.02626152
v -0.07715824 0.00293598 -0.02660294
v -0.07496917 0.00622804 -0.02994648
v -0.07545877 0.00619476 -0.03255811
v -0.07820887 0.00266055 -0.02818631
v -0.09022939 0.00067945 0.06300015
v -0.08997416 0.00091848 0.06504946
v -0.09028476 0.00130404 0.06380397
v -0.09082258 0.00648732 -0.0303588
v -0.09066961 0.00743069 -0.03240722
v -0.09074418 0.00580532 -0.03180538
v -0.09071936 0.00805328 -0.03075955
v -0.0894208 0.00782216 -0.03003274
v -0.08881276 0.00888656 -0.03383001
v -0.08758792 0.00858791 -0.03340815
v -0.08612267 0.00996205 -0.03521131
v -0.08579861 0.00938795 -0.03436769
v -0.08532534 0.00994087 -0.03322279
v -0.08625913 0.00785838 -0.03271387
v -0.08600751 0.0092546 -0.02816349
v -0.08672365 0.00776898 -0.02815836
v -0.08769035 0.00773639 -0.02431542
v -0.08727999 0.0047275 -0.02780649
v -0.08787181 0.00589914 -0.02355151
v -0.08898614 0.00307118 -0.02379804
v -0.08875439 0.00382281 -0.02217128
v -0.09033718 0.00176261 -0.02128889
v -0.08965822 0.00227918 -0.02036099
v -0.08788371 0.00651458 -0.03108423
v -0.08892906 0.00577001 -0.03010202
v -0.0898064 0.00636325 -0.02969082
v -0.0912095 0.00489024 -0.02975249
v -0.09151632 0.00426674 -0.03063713
v -0.09237196 0.00337717 -0.02907373
v -0.09245308 0.00242507 -0.03060384
v -0.09280153 0.00158958 -0.02926266
v -0.09300044 0.00068409 -0.03009183
v -0.09242273 0.00136409 -0.03183888
v -0.09093493 0.0034598 -0.03261642
v -0.09124421 0.00222369 -0.03342633
v -0.09026902 0.00497196 -0.02902599
v -0.09083926 0.00354788 -0.02787007
v -0.08899275 0.0045573 -0.02967493
v -0.08941834 0.00294909 -0.02834297
v -0.09128828 0.0021344 -0.02697607
v -0.09297197 0.00199295 -0.02830595
v -0.09299452 0.00067007 -0.02843904
v -0.0921155 4.847E-05 -0.03006463
v -0.09097672 0.0006065 -0.0327439
v -0.0895456 0.00136309 -0.03500738
v -0.08947776 0.00316399 -0.03433605
v -0.08950667 0.00602022 -0.03437419
v -0.08036463 0.01501196 -0.0449378
v -0.07764071 0.0151731 -0.04360067
v -0.0806086 0.00945121 -0.0439332
v -0.07731649 0.00992066 -0.04173308
v -0.0772975 0.00554806 -0.04063011
v -0.08122279 0.00492676 -0.04266061
v -0.07768821 0.00217374 -0.04069706
v -0.08168744 0.00190921 -0.04199903
v -0.07889792 0.00034106 -0.03965981
v -0.08196928 0.00051752 -0.04104799
v -0.08568783 0.00274933 -0.04126076
v -0.08564404 0.00081121 -0.04017923
v -0.08763383 0.0032782 -0.03781377
v -0.08780986 0.00100109 -0.03827639
v -0.08775454 0.00612738 -0.03856741
v -0.08525413 0.00549861 -0.04230297
v -0.07869093 0.03385528 -0.04751952
v -0.07905877 0.03409195 -0.05088298
v -0.0778624 0.03611071 -0.04784484
v -0.07951466 0.02964974 -0.04949774
v -0.07853011 0.03009812 -0.04685533
v -0.08060306 0.0219324 -0.04728584
v -0.07767293 0.02202729 -0.04570745
v -0.08943019 0.007921 -0.03440332
v -0.08745532 0.00912264 -0.03923054
v -0.08446769 0.00982737 -0.04372454
v -0.08326931 0.0152346 -0.0440984
v -0.08286324 0.02271613 -0.0457841
v -0.08129232 0.02988028 -0.04994735
v -0.08628877 0.0122545 -0.0401235
v -0.08733915 0.01032028 -0.03627384
v -0.08497399 0.01277387 -0.0364122
v -0.08483146 0.01130286 -0.03476282
v -0.08173045 0.01352351 -0.03478908
v -0.08411768 0.01600745 -0.03762926
v -0.08205 0.01177305 -0.03354278
v -0.08230757 0.0103517 -0.03170409
v -0.08446454 0.00935984 -0.02775513
v -0.08752366 0.00916195 -0.02352333
v -0.08744104 0.00681926 -0.0222753
v -0.0880842 0.00455326 -0.02083675
v -0.08893765 0.00282601 -0.01927685
v -0.08933403 0.00151745 -0.0183965
v -0.08822557 0.00204915 -0.01737701
v -0.08757888 0.00291177 -0.0186018
v -0.08662499 0.00452502 -0.02037519
v -0.08619133 0.00697464 -0.02197372
v -0.08565564 0.00482567 -0.02163632
v -0.08530451 0.00618771 -0.02259247
v -0.08462484 0.00771719 -0.0237729
v -0.08538788 0.00950301 -0.02288672
v -0.08690359 0.00250568 -0.01820166
v -0.08582143 0.00316097 -0.01955608
v -0.08486525 0.00386922 -0.02174662
v -0.08480352 0.00507084 -0.02353493
v -0.08022801 0.00964724 -0.02885611
v -0.08938139 0.00120973 -0.01720526
v -0.08864146 0.00143472 -0.01673432
v -0.08990385 0.00088184 -0.01895097
v -0.08957922 0.00065383 -0.01751348
v -0.08907287 0.00035191 -0.01610197
v -0.08813905 0.00087881 -0.01693103
v -0.08711375 0.00141152 -0.01774844
v -0.08574039 0.00185241 -0.01908402
v -0.0848287 0.00252434 -0.02104232
v -0.08392135 0.0027569 -0.02476656
v -0.08329448 0.00170309 -0.0279575
v -0.08464756 0.00089596 -0.02637043
v -0.08380739 0.00030978 -0.02840016
v -0.08542259 0.00060842 -0.01878828
v -0.08469296 0.00115626 -0.02101504
v -0.08408494 0.00190992 -0.02368589
v -0.08549461 1.973E-05 -0.02296011
v -0.08677605 -0.0003571 -0.01932592
v -0.08667891 0.00029263 -0.01772255
v -0.08809803 0.00018872 -0.01724723
v -0.08923306 0.00020889 -0.01767889
v -0.08846559 -0.0001755 -0.01857047
v -0.08890747 -0.00017752 -0.02044138
v -0.08974816 0.00011708 -0.01923182
v -0.08868057 0.00160876 -0.02501657
v -0.0900179 0.00070931 -0.02183023
v -0.08912562 0.00070528 -0.02317634
v -0.08781783 -8.63E-06 -0.02404328
v -0.08650806 0.00083654 -0.02706992
v -0.08716669 0.00217284 -0.02832158
v -0.08637881 0.00424605 -0.03193356
v -0.08787111 0.00387538 -0.03088351
v -0.09288123 0.00041729 -0.02525936
v -0.0923887 0.00102924 -0.02576953
v -0.0929468 0.0009575 -0.02598893
v -0.09193365 0.0015346 -0.02655707
v -0.09266857 0.00139497 -0.02701143
v -0.09280096 0.00049946 -0.02628908
v -0.09213416 0.00054183 -0.02592115
v -0.09158364 0.00089697 -0.02646614
v -0.09065942 0.0011502 -0.02664115
v -0.08905527 0.0016365 -0.02745435
v -0.0877742 0.00192101 -0.02971206
v -0.08641513 0.00210605 -0.03160317
v -0.08673875 0.00081626 -0.02975051
v -0.08692513 0.00154944 -0.03269846
v -0.08643604 0.00147296 -0.0318695
v -0.0879051 0.00094843 -0.03088036
v -0.08593379 0.00088153 -0.03301124
v -0.08940575 0.0003562 -0.02790387
v -0.090685 0.00036124 -0.02697458
v -0.09159943 0.00038142 -0.02676244
v -0.09242135 0.00042379 -0.02715265
v -0.092801 0.00076501 -0.02724286
v -0.09242698 1.417E-05 -0.02834596
v -0.09134898 -5.948E-05 -0.0277874
v -0.0766178 -4.525E-05 -0.02919305
v -0.07497296 0.00014937 -0.02946647
v -0.07817228 0.0004823 -0.0350419
v -0.07542186 0.00147306 -0.03250105
v -0.07409145 0.00122891 -0.02967087
v -0.0732297 0.00075876 -0.02768506
v -0.07403023 -9.902E-05 -0.02667311
v -0.07522292 -0.00030333 -0.02577004
v -0.07672559 0.00091412 -0.03611521
v -0.0823976 0.00011102 -0.03872678
v -0.08564404 0.00081121 -0.04017923
v -0.08196928 0.00051752 -0.04104799
v -0.07889792 0.00034106 -0.03965981
v -0.07961369 -0.00019457 -0.03750466
v -0.08045166 -0.000118 -0.0345693
v -0.08238161 0.00050148 -0.03162455
v -0.07989256 0.00021696 -0.02885648
v -0.08229312 0.00025126 -0.02880233
v -0.08014645 0.00077691 -0.02596317
v -0.08206013 0.00081525 -0.0260276
v -0.08221526 0.00070528 -0.0240787
v -0.08018673 0.00050552 -0.02393827
v -0.08260597 -0.00010256 -0.0211928
v -0.08023319 -0.00026308 -0.02089853
v -0.08310054 -6.019E-05 -0.01779411
v -0.08104908 -0.00033985 -0.01706946
v -0.09134898 -5.948E-05 -0.0277874
v -0.08940575 0.0003562 -0.02790387
v -0.090685 0.00036124 -0.02697458
v -0.09061594 -0.00022393 -0.02925066
v -0.09242698 1.417E-05 -0.02834596
v -0.0921155 4.847E-05 -0.03006463
v -0.08923527 4.575E-05 -0.0319279
v -0.09097672 0.0006065 -0.0327439
v -0.08808323 0.00094944 -0.03413592
v -0.0895456 0.00136309 -0.03500738
v -0.08629026 0.0006063 -0.03526966
v -0.08780986 0.00100109 -0.03827639
v -0.08583777 0.00062325 -0.03812058
v -0.08318101 7.965E-05 -0.03420164
v -0.08593379 0.00088153 -0.03301124
v -0.08692513 0.00154944 -0.03269846
v -0.0879051 0.00094843 -0.03088036
v -0.08890747 -0.00017752 -0.02044138
v -0.08549461 1.973E-05 -0.02296011
v -0.08677605 -0.0003571 -0.01932592
v -0.08781783 -8.63E-06 -0.02404328
v -0.08464756 0.00089596 -0.02637043
v -0.08650806 0.00083654 -0.02706992
v -0.08380739 0.00030978 -0.02840016
v -0.08582982 9.186E-05 -0.02938284
v -0.08673875 0.00081626 -0.02975051
v -0.08504802 0.00074563 -0.03195479
v -0.08322977 0.00037234 -0.03022343
v -0.08387275 0.03880955 -0.04908191
v -0.08160857 0.04322755 -0.04810813
v -0.08147886 0.04097217 -0.05242547
v -0.08287236 0.03851074 -0.05219862
v -0.08272439 0.03510632 -0.05115752
v -0.08482689 0.03537637 -0.04768786
v -0.08379829 0.03637384 -0.0437174
v -0.08366706 0.0348146 -0.04316036
v -0.08144872 0.03593832 -0.04251687
v -0.08183335 0.03766104 -0.04135685
v -0.07869969 0.03831963 -0.04168976
v -0.07911866 0.04187671 -0.0397465
v -0.08296804 0.04182689 -0.03937718
v -0.0837114 0.03836785 -0.04218927
v -0.08428138 0.04400044 -0.04124574
v -0.08349809 0.04033091 -0.04518421
v -0.08321293 0.0457875 -0.04323803
v -0.08280291 0.04175189 -0.04649395
v -0.0817679 0.0472177 -0.0451723
v -0.07823364 0.04421754 -0.04254397
v -0.07892973 0.04608903 -0.03710222
v -0.08353323 0.04833182 -0.03385179
v -0.08580895 0.04982635 -0.0357498
v -0.08569292 0.05208807 -0.03758464
v -0.08350972 0.05343171 -0.04051626
v -0.07907215 0.05186469 -0.04322091
v -0.0793236 0.04665689 -0.04496726
v -0.08101058 0.03452609 -0.05218885
v -0.08262993 0.03061221 -0.04900872
v -0.08145735 0.0390203 -0.05333012
v -0.07882028 0.04035999 -0.05193389
v -0.07963994 0.04261744 -0.04729224
v -0.07823364 0.04421754 -0.04254397
v -0.07746822 0.04847408 -0.04043704
v -0.07851656 0.05462866 -0.04178154
v -0.08239038 0.05604164 -0.04046046
v -0.08558518 0.05749782 -0.03137937
v -0.08637215 0.05622032 -0.03021875
v -0.07759526 0.05789306 -0.0397351
v -0.07661392 0.05260589 -0.03721477
v -0.07532138 0.05877744 -0.03108986
v -0.07521764 0.05761783 -0.03627712
v -0.08626563 0.05950394 -0.02625472
v -0.08572493 0.05873211 -0.0325591
v -0.08162954 0.05931512 -0.03846929
v -0.07701817 0.06236403 -0.03846485
v -0.07363504 0.06173088 -0.03524984
v -0.07352633 0.06272994 -0.03035844
v -0.07213496 0.06780151 -0.03438684
v -0.07189829 0.06802447 -0.02963985
v -0.07017339 0.07528031 -0.03222744
v -0.07025278 0.0741036 -0.0277277
v -0.06869993 0.07809667 -0.03110174
v -0.06895223 0.07728429 -0.02619452
v -0.06925747 0.08507674 -0.03288345
v -0.07267204 0.07696798 -0.0351575
v -0.07501697 0.06811248 -0.03790031
v -0.08006991 0.06348256 -0.03708601
v -0.07903925 0.06905874 -0.03793625
v -0.08274888 0.07024287 -0.03430599
v -0.0774866 0.0775958 -0.03627023
v -0.08114115 0.07847699 -0.03349451
v -0.07587377 0.08291647 -0.03490163
v -0.07959999 0.08435825 -0.03304156
v -0.07757932 0.08914124 -0.03220221
v -0.08164366 0.10943285 -0.01538868
v -0.08166137 0.10286669 -0.01950469
v -0.08244359 0.10064723 -0.02041912
v -0.08393483 0.09725478 -0.02276707
v -0.08098716 0.09138366 -0.02958507
v -0.07221076 0.08480524 -0.03386764
v -0.08267579 0.0858219 -0.02836653
v -0.08369102 0.09239018 -0.02207876
v -0.08170741 0.09603225 -0.01477415
v -0.0809167 0.10044614 -0.01259174
v -0.08151826 0.10460185 -0.009951
v -0.08305078 0.11033217 -0.00900613
v -0.08246948 0.11600808 -0.00783143
v -0.08227948 0.11469432 -0.00596298
v -0.08467802 0.08657241 -0.0216844
v -0.0829673 0.09094521 -0.01530531
v -0.08474112 0.07944509 -0.02833938
v -0.08629961 0.07221273 -0.02715579
v -0.08624008 0.08058925 -0.02109498
v -0.08390192 0.08518502 -0.01522494
v -0.08475932 0.07974114 -0.0155046
v -0.08744471 0.07244262 -0.01986114
v -0.08717173 0.06610369 -0.02632064
v -0.08067151 0.09039902 -0.00997521
v -0.07984759 0.09541192 -0.00765391
v -0.08016481 0.10012769 -0.00451266
v -0.08728747 0.06644294 -0.01919861
v -0.08519381 0.07251516 -0.01629652
v -0.08206996 0.07943764 -0.01286853
v -0.07944819 0.08472524 -0.01038427
v -0.07882599 0.08996215 -0.00799849
v -0.07845319 0.09313855 -0.00611276
v -0.07788832 0.09647923 -0.00257691
v -0.08245768 0.07161159 -0.01425974
v -0.08493038 0.06586047 -0.01671435
v -0.08588622 0.0621624 -0.01869547
v -0.08678277 0.06203812 -0.0218876
v -0.08649783 0.05958821 -0.02317271
v -0.08577213 0.05922443 -0.01961189
v -0.0840628 0.06125029 -0.01788487
v -0.08229128 0.06522679 -0.01590688
v -0.08497241 0.06118788 -0.0336881
v -0.08325943 0.06403463 -0.03356723
v -0.08689793 0.0618973 -0.02654188
v -0.08597818 0.05799602 -0.02090039
v -0.07755484 0.07020395 -0.01677771
v -0.07964421 0.06489661 -0.01865373
v -0.08215521 0.06115321 -0.01753801
v -0.08300998 0.05833739 -0.01853123
v -0.08298346 0.05667906 -0.01994807
v -0.08294377 0.0555189 -0.02306934
v -0.08601435 0.05660811 -0.02399503
v -0.08659831 0.0583742 -0.02559537
v -0.0799235 0.06156499 -0.02008942
v -0.08062503 0.05921163 -0.02053559
v -0.07429288 0.06922569 -0.02296479
v -0.07587346 0.06399196 -0.0245636
v -0.07732105 0.06058888 -0.02524858
v -0.07867962 0.05759916 -0.02581984
v -0.08298916 0.05291836 -0.02764868
v -0.0860455 0.05432568 -0.02869979
v -0.07778479 0.05432196 -0.0297929
v -0.07813378 0.04966606 -0.03380007
v -0.07661392 0.05260589 -0.03721477
v -0.07532138 0.05877744 -0.03108986
v -0.07352633 0.06272994 -0.03035844
v -0.07189829 0.06802447 -0.02963985
v -0.07025278 0.0741036 -0.0277277
v -0.06895223 0.07728429 -0.02619452
v -0.07746822 0.04847408 -0.04043704
v -0.0778624 0.03611071 -0.04784484
v -0.07742602 0.03817897 -0.04676456
v -0.07775898 0.03533163 -0.04485578
v -0.07869093 0.03385528 -0.04751952
v -0.07761987 0.03373367 -0.04432856
v -0.07853011 0.03009812 -0.04685533
v -0.07833894 0.03623793 -0.04291048
v -0.07785952 0.04069475 -0.04464551
v -0.07857946 0.03460541 -0.04155781
v -0.07764071 0.0151731 -0.04360067
v -0.07667317 0.01564324 -0.04047634
v -0.07731649 0.00992066 -0.04173308
v -0.07666135 0.02268711 -0.04241893
v -0.07767293 0.02202729 -0.04570745
v -0.07739189 0.0306751 -0.04377926
v -0.07867856 0.03132339 -0.0411225
v -0.08133344 0.03451061 -0.04115035
v -0.07820874 0.02327294 -0.03939952
v -0.0772975 0.00554806 -0.04063011
v -0.07604481 0.00624623 -0.0366309
v -0.07631583 0.00982379 -0.03654208
v -0.07648813 0.01227445 -0.03856773
v -0.078063 0.0161033 -0.03728229
v -0.08137675 0.02345547 -0.03858864
v -0.08126165 0.03135934 -0.0405355
v -0.08399794 0.03139279 -0.04231204
v -0.08452655 0.0312109 -0.0460882
v -0.07550288 0.00838207 -0.03029154
v -0.07744239 0.00929616 -0.03208803
v -0.0790854 0.0097784 -0.03209187
v -0.08028151 0.01210696 -0.03359937
v -0.08011082 0.01082365 -0.03178021
v -0.07822956 0.01107691 -0.03446913
v -0.07596327 0.00871705 -0.0326363
v -0.07821695 0.01323798 -0.03590515
v -0.08384501 0.02344742 -0.04009715
v -0.08147917 0.01627276 -0.0363091
v -0.08489544 0.01566724 -0.04090728
v -0.08447561 0.02327427 -0.04305096
v -0.07785952 0.04069475 -0.04464551
v -0.07742602 0.03817897 -0.04676456
v -0.07879532 0.03867733 -0.05298106
v -0.08959305 0.10162228 0.0467341
v -0.08715855 0.09666648 0.0500465
v -0.08719118 0.10093685 0.05080821
v -0.08500745 0.0966254 0.05650012
v -0.08518778 0.10089898 0.05681855
v -0.08364028 0.09713265 0.06216537
v -0.08391452 0.10137159 0.06209495
v -0.08216543 0.09845122 0.06783167
v -0.08254091 0.10259946 0.06737243
v -0.08157726 0.10057362 0.07227595
v -0.08199309 0.10457572 0.07151105
v -0.08074799 0.10292539 0.07602468
v -0.08141361 0.10720485 0.07603589
v -0.07812543 0.10320915 0.07615378
v -0.08176983 0.10977157 0.07751126
v -0.08200157 0.10983824 0.07555902
v -0.0812698 0.11297464 0.07634259
v -0.08256065 0.11296824 0.07464905
v -0.08349664 0.11575685 0.07557236
v -0.08271068 0.11822703 0.07577878
v -0.07683097 0.08741464 0.07042879
v -0.07696565 0.09159065 0.07324354
v -0.07849094 0.0884585 0.06762043
v -0.0790291 0.09384318 0.07216767
v -0.0777808 0.09667553 0.07492641
v -0.07949547 0.0961016 0.07376947
v -0.07489216 0.09476276 0.07748726
v -0.08143522 0.08725461 0.05567815
v -0.08262865 0.0918632 0.06134392
v -0.0843537 0.09180665 0.05567815
v -0.07971013 0.08740824 0.06134339
v -0.08132509 0.09276892 0.06722786
v -0.08092352 0.09641843 0.071454
v -0.07998148 0.09967644 0.07426179
v -0.07834453 0.10050855 0.07545447
v -0.07484292 0.09746443 0.07819189
v -0.07023205 0.09490251 0.07978195
v -0.07165383 0.092459 0.08045136
v -0.07282053 0.08949117 0.0771411
v -0.07257538 0.08588857 0.07389855
v -0.07412332 0.09929345 0.07861809
v -0.07063127 0.09680834 0.08014839
v -0.07262526 0.08197557 0.06980739
v -0.07668727 0.08483192 0.06659418
v -0.07362446 0.08253402 0.03570393
v -0.07383586 0.08097543 0.044792
v -0.07370416 0.0804484 0.05034203
v -0.07391405 0.07920028 0.05676949
v -0.07360682 0.08059991 0.06386957
v -0.08040404 0.08539465 0.04408151
v -0.07810941 0.08467403 0.0504167
v -0.07713515 0.083428 0.05629263
v -0.0763901 0.08440253 0.06221392
v -0.07812652 0.08565761 0.0611807
v -0.07988842 0.08592538 0.05588511
v -0.08142343 0.08599473 0.05010467
v -0.08339108 0.08729196 0.04984971
v -0.08355493 0.08825206 0.04608762
v -0.08486354 0.08886175 0.04663649
v -0.08646682 0.09145354 0.04491414
v -0.08739351 0.09155115 0.04613669
v -0.0863096 0.09184399 0.0498497
v -0.08858495 0.09609038 0.04431673
v -0.08834211 0.09648938 0.04625725
v -0.08254091 0.10259946 0.06737243
v -0.0807586 0.09649044 0.06128951
v -0.08391452 0.10137159 0.06209495
v -0.08518778 0.10089898 0.05681855
v -0.0827023 0.09602051 0.05567816
v -0.08719118 0.10093685 0.05080821
v -0.08453549 0.09555805 0.0498497
v -0.08326551 0.09109352 0.0498497
v -0.08178458 0.09105616 0.05567816
v -0.08339109 0.08729196 0.0498497
v -0.07946531 0.06421974 0.05316158
v -0.07935474 0.07107605 0.05351201
v -0.07919802 0.06361806 0.05726182
v -0.08210058 0.0706392 0.04853114
v -0.07999599 0.07565637 0.05346774
v -0.08282226 0.07538113 0.04862448
v -0.08065026 0.07795213 0.0535323
v -0.08347049 0.07762141 0.04878715
v -0.08316076 0.08050019 0.04934244
v -0.08109651 0.0799289 0.05386781
v -0.08242623 0.08349469 0.04919042
v -0.08131664 0.08335814 0.05483805
v -0.08149037 0.08725461 0.05567815
v -0.0797574 0.090846 0.06134392
v -0.07873201 0.0953799 0.06835119
v -0.08199309 0.10457572 0.07151105
v -0.08067843 0.08615528 0.06802741
v -0.08119197 0.08407501 0.06602345
v -0.07930241 0.08693618 0.06605063
v -0.07923061 0.08704446 0.06134392
v -0.0800231 0.08348882 0.06029953
v -0.08228049 0.08205344 0.06366529
v -0.08203699 0.07999292 0.06253979
v -0.08066628 0.08047938 0.05883643
v -0.08213075 0.07723203 0.06111777
v -0.08032963 0.07785132 0.05788322
v -0.08137177 0.07485627 0.05916391
v -0.07951463 0.07096457 0.0584513
v -0.08537111 0.08319651 0.064587
v -0.0860824 0.08053271 0.06343751
v -0.08458211 0.08581178 0.06565966
v -0.0836012 0.08737143 0.06766686
v -0.08029449 0.08883402 0.06975938
v -0.07909407 0.08896365 0.06840508
v -0.08558591 0.08918341 0.06742574
v -0.08802298 0.08706205 0.06512467
v -0.08309202 0.09011418 0.06896462
v -0.07996208 0.0931999 0.07197244
v -0.0789341 0.09426349 0.07246583
v -0.07998148 0.09967644 0.07548223
v -0.08074799 0.10292539 0.07602468
v -0.08141361 0.10720485 0.07603589
v -0.08254192 0.10731953 0.07598203
v -0.08200157 0.10983824 0.07555902
v -0.08506911 0.10817511 0.07587586
v -0.08288472 0.10205807 0.07581187
v -0.08576711 0.10163722 0.07486401
v -0.08535201 0.0989318 0.07461757
v -0.08283188 0.09822826 0.07592762
v -0.09226382 0.09067318 0.05355629
v -0.09259958 0.09019258 0.06055341
v -0.09368005 0.09409548 0.05877079
v -0.09052585 0.09363248 0.06496678
v -0.09242047 0.09789807 0.06367436
v -0.08852404 0.09745643 0.06668273
v -0.09033084 0.10022957 0.06632214
v -0.08790993 0.09491849 0.06831491
v -0.08773004 0.09749376 0.07015835
v -0.0858857 0.0951116 0.07278322
v -0.08390673 0.09429817 0.07406391
v -0.0812712 0.09364262 0.07288188
v -0.08365181 0.09111163 0.07049386
v -0.08596713 0.09129141 0.06956628
v -0.08667769 0.0931263 0.06702249
v -0.08852153 0.09093241 0.0646942
v -0.09095129 0.08837529 0.06103188
v -0.09058643 0.0868423 0.06103722
v -0.08942047 0.08273992 0.06252968
v -0.09192879 0.0872781 0.05489938
v -0.09143534 0.08450814 0.05611126
v -0.08942245 0.07954858 0.05992988
v -0.0923944 0.08104639 0.05718073
v -0.09266718 0.07663195 0.05781548
v -0.09479683 0.0767077 0.05173312
v -0.09433836 0.07064614 0.05332692
v -0.09405192 0.07508937 0.04686533
v -0.09416454 0.06940865 0.04879036
v -0.09150387 0.07387374 0.04347929
v -0.09042353 0.06783991 0.04476586
v -0.0894312 0.07268745 0.04239116
v -0.088513 0.06909607 0.04319394
v -0.08753794 0.07244369 0.04219966
v -0.08741141 0.0693153 0.04281896
v -0.08656411 0.07267679 0.04249518
v -0.09269496 0.08301355 0.04938563
v -0.09358963 0.07823428 0.04582305
v -0.09374075 0.08008998 0.05054471
v -0.09176477 0.07716002 0.041654
v -0.0925414 0.0795598 0.04134144
v -0.09189295 0.0778721 0.03958121
v -0.09089603 0.07524032 0.04062987
v -0.09243435 0.08503354 0.04868903
v -0.09274244 0.08115306 0.04464956
v -0.08672798 0.07492988 0.04179216
v -0.08572189 0.07484133 0.04437702
v -0.08806773 0.07487813 0.04056268
v -0.08975226 0.07497895 0.04032157
v -0.09048184 0.07805239 0.03890059
v -0.09245184 0.08111785 0.03871018
v -0.09291463 0.08108691 0.04041384
v -0.09297854 0.08313091 0.04374066
v -0.09219357 0.08765148 0.04765743
v -0.08453549 0.09555805 0.0498497
v -0.08628105 0.09712785 0.04595587
v -0.08719118 0.10093685 0.05080821
v -0.08959305 0.10162228 0.0467341
v -0.08622541 0.07711468 0.04455304
v -0.08282226 0.07538113 0.04862448
v -0.08347049 0.07762141 0.04878715
v -0.08584391 0.07996943 0.0444597
v -0.08316076 0.08050019 0.04934244
v -0.08515401 0.08337841 0.04481227
v -0.08242623 0.08349469 0.04919042
v -0.08544648 0.08571789 0.04460103
v -0.08339109 0.08729196 0.0498497
v -0.08486354 0.08886176 0.04595587
v -0.08326551 0.09109352 0.0498497
v -0.08480448 0.09266331 0.04595587
v -0.088537 0.09648938 0.04625724
v -0.091291 0.10148892 0.04776623
v -0.08929289 0.10523181 0.04805373
v -0.0912136 0.10511712 0.04903945
v -0.08910897 0.10836127 0.05045883
v -0.09088294 0.10885893 0.05214545
v -0.08598895 0.11096746 0.05150911
v -0.09112155 0.11465484 0.05271352
v -0.09041958 0.11242418 0.05163339
v -0.0907754 0.1147738 0.05186382
v -0.08987829 0.12103162 0.05347306
v -0.09005699 0.12078202 0.05479325
v -0.08817627 0.12476812 0.05593151
v -0.08676719 0.12795466 0.05880279
v -0.08638564 0.12931909 0.05813231
v -0.08533382 0.13086808 0.05955169
v -0.0845187 0.13303047 0.05965144
v -0.08315761 0.13195994 0.06281929
v -0.08073412 0.13436611 0.06215841
v -0.07955477 0.13665546 0.06429683
v -0.0782371 0.13926005 0.06159675
v -0.07664981 0.14004041 0.06167675
v -0.08003834 0.13761826 0.06065371
v -0.07996457 0.13931979 0.05616727
v -0.08236707 0.13584045 0.05989306
v -0.07509847 0.14286582 0.05087169
v -0.0775125 0.14023352 0.05153524
v -0.07696148 0.14153875 0.0560718
v -0.08291525 0.13675468 0.05564666
v -0.08158445 0.13649224 0.05158963
v -0.07700159 0.1392462 0.04672397
v -0.0755357 0.14208654 0.04590359
v -0.08598895 0.11096746 0.05150911
v -0.09041958 0.11242418 0.05163339
v -0.09101763 0.11491833 0.04800305
v -0.08789687 0.12325165 0.05065353
v -0.08677324 0.12782985 0.05526476
v -0.08534802 0.13204211 0.05542319
v -0.0844173 0.13170925 0.05142963
v -0.08015031 0.13484989 0.04705201
v -0.07879779 0.13693976 0.04152279
v -0.07715281 0.1390627 0.0415084
v -0.08014679 0.13533157 0.03742521
v -0.08327474 0.12620936 0.03722093
v -0.08242697 0.12955911 0.03802636
v -0.08172538 0.12696305 0.03659632
v -0.08496082 0.12558421 0.03967188
v -0.0859203 0.1233578 0.03895981
v -0.08351456 0.12494946 0.03579035
v -0.08130257 0.12672195 0.03602771
v -0.08109421 0.12950365 0.03736281
v -0.08187093 0.1313092 0.03856188
v -0.08113229 0.13161005 0.04145771
v -0.08126468 0.13301447 0.03762309
v -0.08598218 0.12482785 0.04466664
v -0.08941653 0.11925062 0.04243597
v -0.08530658 0.12261371 0.03407172
v -0.08209056 0.1316191 0.04666369
v -0.08080333 0.12687664 0.03296865
v -0.07960865 0.12958311 0.03746148
v -0.08036984 0.1330182 0.03634828
v -0.0732302 0.14268662 0.04607854
v -0.07505767 0.13937047 0.04184549
v -0.07716779 0.13661227 0.03792553
v -0.07908355 0.13407753 0.03637548
v -0.07625424 0.13321239 0.03712758
v -0.07615428 0.1297282 0.03182558
v -0.07626671 0.12535164 0.02587731
v -0.08137515 0.12188562 0.02552555
v -0.07587931 0.13558653 0.04004368
v -0.07367931 0.13790947 0.04352464
v -0.08457399 0.1161265 0.01757095
v -0.08078932 0.12070359 0.01822394
v -0.07468465 0.1236565 0.01968924
v -0.07089722 0.12715881 0.02484226
v -0.07108568 0.13292754 0.03270943
v -0.07102931 0.13773774 0.04083256
v -0.06790797 0.12677529 0.01578769
v -0.0680408 0.12525351 0.01695056
v -0.07516696 0.11710901 -0.00421092
v -0.07631218 0.11832891 0.00356557
v -0.08152477 0.11560751 0.01104517
v -0.07810936 0.11980909 0.01163223
v -0.06765787 0.12774928 0.02226135
v -0.06766794 0.12764102 0.0203547
v -0.0682157 0.12611708 0.01937881
v -0.07032735 0.12502788 0.01996475
v -0.0684972 0.12733217 0.02348092
v -0.0745296 0.14266263 0.05576137
v -0.07272245 0.14359233 0.05092395
v -0.07243703 0.14025964 0.04766862
v -0.06924993 0.14027566 0.04751501
v -0.06932702 0.14364941 0.06221922
v -0.07122985 0.14091946 0.05916284
v -0.07093343 0.14328989 0.05453029
v -0.06942984 0.14262421 0.05157417
v -0.07148322 0.14225245 0.05154803
v -0.07303407 0.14200705 0.05518261
v -0.07481407 0.13989319 0.05991601
v -0.07339175 0.13913311 0.06425469
v -0.07230779 0.14290425 0.0643843
v -0.07174091 0.14580753 0.06991406
v -0.07243009 0.1454747 0.07582573
v -0.06654837 0.14573765 0.07737151
v -0.07277858 0.14287171 0.08207718
v -0.07611275 0.14082718 0.08053351
v -0.07823859 0.13837567 0.07828044
v -0.07943588 0.13402846 0.07759661
v -0.08145837 0.13013092 0.07702322
v -0.07630705 0.13843009 0.06568685
v -0.08670574 0.12749112 0.06176798
v -0.08610117 0.12681903 0.06684753
v -0.08235922 0.13179351 0.06822743
v -0.07806823 0.13693656 0.06624427
v -0.07689715 0.13845836 0.06825519
v -0.07461523 0.14349099 0.06961589
v -0.07539303 0.14295705 0.07564864
v -0.07837899 0.13971667 0.07352945
v -0.08081722 0.13597059 0.07378332
v -0.07906958 0.13553533 0.06864189
v -0.08300215 0.13094756 0.07311497
v -0.08895743 0.12192615 0.06513745
v -0.08751955 0.12094364 0.07019355
v -0.08502036 0.12566155 0.07209884
v -0.08223522 0.13060938 0.07548703
v -0.08029203 0.13493578 0.07679918
v -0.08488589 0.12410992 0.07478399
v -0.08680667 0.11867829 0.07371879
v -0.08523643 0.12269744 0.07661781
v -0.08351643 0.12816265 0.08058365
v -0.08978218 0.12179548 0.05923912
v -0.08337227 0.12605949 0.0824799
v -0.08559121 0.12053078 0.07780091
v -0.08704898 0.11680339 0.0751899
v -0.08773696 0.1149413 0.07092698
v -0.08975054 0.11599796 0.06849042
v -0.09168828 0.11621451 0.06356872
v -0.0927363 0.11517224 0.05776801
v -0.09269812 0.11179796 0.05415635
v -0.08271068 0.11822703 0.07577878
v -0.0852685 0.11816943 0.07648075
v -0.08349664 0.11575685 0.07557236
v -0.08262326 0.12039105 0.07833055
v -0.09188792 0.11025909 0.06819543
v -0.08929572 0.11086291 0.07029758
v -0.08729083 0.11380514 0.07271921
v -0.08670984 0.11468313 0.07418765
v -0.08496173 0.11573499 0.0763842
v -0.08256065 0.11296824 0.07464905
v -0.08941814 0.10637434 0.07058562
v -0.08780518 0.10997534 0.07093125
v -0.08777121 0.10796067 0.07328675
v -0.08803694 0.10251731 0.07171694
v -0.0915312 0.10511711 0.06836505
v -0.09185886 0.10328543 0.06422481
v -0.09280714 0.10037626 0.06146019
v -0.09418459 0.09706438 0.0569295
v -0.09295329 0.09780101 0.05574268
v -0.09254822 0.10011276 0.05397927
v -0.0936539 0.10307046 0.0518894
v -0.09006381 0.10118703 0.06868458
v -0.08720435 0.10011704 0.07168388
v -0.09238362 0.09420215 0.05296474
v -0.09295718 0.09584022 0.05148562
v -0.09292806 0.09859364 0.04979955
v -0.09093448 0.0898384 0.04627592
v -0.09074736 0.09574262 0.04738698
v -0.09002243 0.09145034 0.04639327
v -0.08739349 0.09155115 0.04581026
v -0.08779736 0.08850491 0.04436208
v -0.09102664 0.08548585 0.04217513
v -0.09281369 0.08473803 0.04253357
v -0.09305993 0.0826103 0.03935239
v -0.09117845 0.08301728 0.03869203
v -0.08821648 0.08196435 0.03838053
v -0.08817828 0.08285619 0.03902594
v -0.08801045 0.08572589 0.0426008
v -0.09110907 0.08154404 0.0377986
v -0.08836614 0.07803801 0.03954068
v -0.08673256 0.0783319 0.04145077
v -0.08668377 0.08275594 0.04172549
v -0.08637236 0.08388567 0.04284349
v -0.06655065 0.0574738 -0.06082404
v -0.06746998 0.05597815 -0.0612473
v -0.06780782 0.05764343 -0.06004993
v -0.07797863 0.00691482 0.0634338
v -0.07926267 0.00849981 0.06139673
v -0.07882992 0.0082129 0.06342793
v -0.07789254 0.0077402 0.06550553
v -0.08032611 0.00821354 0.06437686
v -0.07962857 0.00764499 0.06629176
v -0.07808094 0.00582652 0.06635363
v -0.07921824 0.00582801 0.06702305
v -0.07790897 0.00422518 0.0673287
v -0.07906499 0.0043992 0.06792504
v -0.08045116 0.00423282 0.06638936
v -0.0813103 0.00470646 0.06451926
v -0.0811083 0.00870229 0.06246354
v -0.08109389 0.00115589 0.0672396
v -0.08079819 0.00232653 0.06775167
v -0.08120675 0.00163633 0.0662523
v -0.08046624 0.00150595 0.06891608
v -0.07969176 0.00247587 0.06891555
v -0.07960404 0.0009243 0.06977914
v -0.07888614 0.00151205 0.07016639
v -0.07860259 0.00295263 0.06943188
v -0.07726862 0.0028796 0.06859017
v -0.07741012 0.00327451 0.06510014
v -0.07792097 0.00507055 0.06370158
v -0.07910576 0.00711959 0.06059931
v -0.08006346 0.01034767 0.05966692
v -0.08285422 0.01137004 0.06295907
v -0.08727793 0.00053539 0.0689465
v -0.08523542 0.00067737 0.06925426
v -0.08590373 0.00157969 0.06930492
v -0.08684522 0.00241353 0.06736764
v -0.08424176 -0.00050406 0.07874824
v -0.08486408 -0.00041044 0.07840419
v -0.08491854 -0.00073392 0.07728513
v -0.08288969 -0.00083489 0.07703978
v -0.08296863 -0.00048784 0.07874505
v -0.08520805 -0.00050858 0.07483628
v -0.08254784 -0.00061682 0.07454134
v -0.0852337 -0.00027324 0.07196286
v -0.08262827 -0.00015795 0.07183112
v -0.08310913 0.00061034 0.06952842
v -0.08523542 0.00067737 0.06925426
v -0.08727793 0.00053539 0.0689465
v -0.0900913 0.00010659 0.06890009
v -0.08976085 0.00062869 0.06710359
v -0.08767387 0.0005024 0.0701669
v -0.09098641 -0.00050562 0.07178312
v -0.08819113 -0.00021632 0.07278003
v -0.09173877 -0.00067465 0.07503363
v -0.08939302 -0.00054246 0.07579535
v -0.087465 -4.71E-05 0.06692278
v -0.08944176 0.00024727 0.06484891
v -0.08305044 6.067E-05 0.06755272
v -0.08718351 0.00015532 0.06501479
v -0.09022939 0.00067945 0.06300015
v -0.08997416 0.00091848 0.06504946
v -0.09061429 0.00165185 0.06711531
v -0.09171332 0.00107479 0.06924947
v -0.09230352 0.00028938 0.07162949
v -0.09249961 -0.0002676 0.07388044
v -0.09229538 -0.00047177 0.07536009
v -0.09147888 -0.00035263 0.07649302
v -0.09024588 -0.00046578 0.07669838
v -0.09406118 9.226E-05 0.0664603
v -0.09199788 0.00046524 0.06603732
v -0.09374585 0.00060688 0.06706624
v -0.0934203 0.00120296 0.06085054
v -0.09176003 0.00119985 0.05963278
v -0.09224906 0.00029834 0.06179039
v -0.09499158 0.00062955 0.06258783
v -0.09389291 -0.00025745 0.06349408
v -0.09561221 0.00056072 0.06467342
v -0.09502023 0.0001586 0.06569327
v -0.09236268 -0.00024433 0.06529909
v -0.09105334 7.206E-05 0.06332498
v -0.09028476 0.00130404 0.06380397
v -0.08676346 -0.00013306 0.06353088
v -0.08251577 8.342E-05 0.06439178
v -0.09019424 0.00071277 0.06110018
v -0.08919352 0.00019677 0.0602206
v -0.08663384 -0.00032065 0.05898259
v -0.08329903 -0.00022786 0.06250888
v -0.09011251 0.00079804 0.05793764
v -0.08912279 0.00091367 0.05622543
v -0.08599897 0.00054776 0.0553672
v -0.08348033 -0.00045478 0.05933728
v -0.08185463 0.0001462 0.06024033
v -0.07959481 0.00051172 0.06341352
v -0.08017182 0.00011327 0.06515455
v -0.07778659 -0.00058418 0.06713721
v -0.07994308 -0.00049471 0.06751112
v -0.0788376 -0.00039021 0.06963883
v -0.07759142 -0.0002389 0.06951243
v -0.07777802 0.00022144 0.0706347
v -0.08280279 0.00014267 0.05606274
v -0.08262827 -0.00015795 0.07183112
v -0.08092832 0.00045434 0.07470933
v -0.08254784 -0.00061682 0.07454134
v -0.08310913 0.00061034 0.06952842
v -0.0812705 0.00118151 0.0718919
v -0.08074366 0.00179868 0.07488857
v -0.08162814 0.00115605 0.07761903
v -0.08185905 -3.287E-05 0.07770972
v -0.08288969 -0.00083489 0.07703978
v -0.08296863 -0.00048784 0.07874505
v -0.08255354 0.00108261 0.07887146
v -0.08318665 0.00063871 0.0798641
v -0.0825067 0.00014531 0.07906988
v -0.08321106 6.388E-05 0.07941072
v -0.08371225 0.00021608 0.08102585
v -0.08406749 1.133E-05 0.07944647
v -0.08424176 -0.00050406 0.07874824
v -0.08212185 0.00208393 0.07748728
v -0.08482018 0.00146356 0.07853594
v -0.08357564 0.00161251 0.07898827
v -0.08359107 0.00240736 0.0782047
v -0.08436693 0.00106158 0.0791819
v -0.08366265 0.00106507 0.07995798
v -0.08419374 0.00066711 0.07988545
v -0.08443272 0.00015606 0.07913602
v -0.0851322 0.00024621 0.0787477
v -0.08314006 0.00344003 0.07693521
v -0.08445773 0.00319501 0.07692508
v -0.08548677 0.00207862 0.07678427
v -0.08582607 0.0004458 0.07728407
v -0.08486408 -0.00041044 0.07840419
v -0.08646452 0.0009546 0.07363348
v -0.0864526 0.00241589 0.07353905
v -0.08491854 -0.00073392 0.07728513
v -0.08520805 -0.00050858 0.07483628
v -0.0852337 -0.00027324 0.07196286
v -0.08561711 0.0037198 0.07327983
v -0.08428219 0.00462507 0.07515954
v -0.08599094 0.00508216 0.06641445
v -0.08595782 0.00253695 0.06700544
v -0.08590457 0.0045631 0.06852296
v -0.08566301 0.00727134 0.06792875
v -0.08532573 0.00690207 0.07069337
v -0.08502698 0.00896697 0.07040427
v -0.08493837 0.00903972 0.07267015
v -0.08453364 0.00713383 0.07389271
v -0.08654032 0.00505167 0.06638936
v -0.08589861 0.00800482 0.06590024
v -0.08501436 0.00899225 0.06772499
v -0.0832493 0.0094123 0.07038079
v -0.08313517 0.00912539 0.07283496
v -0.08327885 0.00705553 0.07386658
v -0.08291236 0.004798 0.07501071
v -0.0823702 0.00301495 0.0764989
v -0.08112301 0.00304624 0.07504539
v -0.0814861 0.00213391 0.06520361
v -0.08208597 0.00805149 0.07226049
v -0.08266588 0.00605684 0.07266855
v -0.08206078 0.00396422 0.07462507
v -0.0825554 0.00804392 0.07037067
v -0.08338559 0.00936558 0.06766312
v -0.0834074 0.00964865 0.06520203
v -0.08253289 0.00803597 0.06622668
v -0.0821537 0.00842124 0.06336712
v -0.08227233 0.00464879 0.06362101
v -0.08185169 0.00203697 0.06496146
v -0.08132992 0.00072682 0.06566501
v -0.08089921 0.00073572 0.06618081
v -0.08220063 0.00518793 0.0701509
v -0.08165764 0.00388095 0.07265627
v -0.0820021 0.00229968 0.06678729
v -0.08213115 0.00497696 0.0665286
v -0.0816321 0.0021314 0.06958442
v -0.08200573 0.00107715 0.06758951
v -0.08179435 0.00089957 0.06598451
v -0.08110169 0.00243602 0.07216502
v -0.08305044 6.067E-05 0.06755272
v -0.08251577 8.342E-05 0.06439178
v -0.08017182 0.00011327 0.06515455
v -0.07994308 -0.00049471 0.06751112
v -0.08071358 0.00051434 0.06846055
v -0.07979102 0.0001913 0.06971832
v -0.07959481 0.00051172 0.06341352
v -0.07667681 0.00045696 0.06621441
v -0.07778659 -0.00058418 0.06713721
v -0.0765186 0.0001153 0.0680557
v -0.07759142 -0.0002389 0.06951243
v -0.07682706 0.00016858 0.06962125
v -0.07700245 0.00040075 0.07059257
v -0.07777802 0.00022144 0.0706347
v -0.07739424 0.00051708 0.0720242
v -0.07854126 0.00031295 0.07094246
v -0.0788376 -0.00039021 0.06963883
v -0.08013954 0.00138212 0.05901939
v -0.07840016 0.00130082 0.06300601
v -0.07768519 0.00277072 0.06310949
v -0.0761195 0.00162716 0.06665393
v -0.07628769 0.00100243 0.06836563
v -0.07693556 0.00079177 0.07003462
v -0.07721671 0.00125714 0.07083365
v -0.07802695 0.00117782 0.07104329
v -0.07872874 0.00071461 0.07070404
v -0.07809085 0.00201533 0.07055203
v -0.07720151 0.00179737 0.07020264
v -0.07700426 0.00118385 0.06977753
v -0.07686669 0.00182678 0.06798531
v -0.07956644 0.00445005 0.05926902
v -0.07975655 0.00903577 0.05732104
v -0.07970838 0.01266402 0.0562937
v -0.07997987 0.01348343 0.05862626
v -0.07991813 0.01681392 0.05727569
v -0.08315467 0.01795865 0.06003017
v -0.08006502 0.02112081 0.05662227
v -0.08246933 0.02171934 0.05914259
v -0.08079061 0.02547618 0.05724103
v -0.08411874 0.02558601 0.05858946
v -0.08187101 0.02888497 0.05792325
v -0.08637252 0.02888774 0.05753226
v -0.08370996 0.0311468 0.05823367
v -0.08736278 0.03170083 0.05695618
v -0.08642053 0.0348033 0.05779683
v -0.08763082 0.03481222 0.05585365
v -0.0875086 0.0395544 0.05669855
v -0.08835741 0.03909786 0.05423264
v -0.08906373 0.04416725 0.05415637
v -0.08877611 0.04388364 0.05123548
v -0.09147995 0.00784406 0.06117645
v -0.09262477 0.00754711 0.06298841
v -0.09048325 0.00793852 0.06230247
v -0.08920903 0.00900382 0.06174026
v -0.09069045 0.00832299 0.05971973
v -0.08882301 0.01102093 0.06026114
v -0.09005859 0.00954538 0.05744212
v -0.08829831 0.01336224 0.0589527
v -0.08805368 0.01367347 0.0563401
v -0.08806067 0.01607175 0.05698925
v -0.08728074 0.01817905 0.0529541
v -0.0873225 0.01905948 0.05428492
v -0.08774146 0.02052815 0.05719621
v -0.088529 0.02372887 0.05437934
v -0.08794092 0.02488005 0.0564868
v -0.08829793 0.02804993 0.05370458
v -0.08872657 0.02824393 0.05559281
v -0.08941454 0.03133951 0.05404542
v -0.08744337 0.02513816 0.05769281
v -0.0856917 0.02168274 0.05943704
v -0.0864896 0.0174699 0.05917034
v -0.085985 0.01458217 0.0615285
v -0.08605931 0.0116808 0.06316923
v -0.08291509 0.01454175 0.06157278
v -0.08554063 0.00995002 0.06463449
v -0.08677731 0.01007703 0.06428298
v -0.0865694 0.0082743 0.06585062
v -0.08753305 0.00948176 0.06585542
v -0.08804058 0.00936051 0.06826106
v -0.09001214 0.00886792 0.06748018
v -0.09099595 0.00898063 0.07064269
v -0.09082735 0.0060473 0.07036213
v -0.09082711 0.00702812 0.0723917
v -0.09134868 0.00441463 0.07360199
v -0.08986963 0.00469946 0.07405432
v -0.09040792 0.00292717 0.07591001
v -0.0872845 0.00750706 0.06862911
v -0.08853485 0.00923997 0.07138732
v -0.08951639 0.00696779 0.07264668
v -0.08819395 0.00690042 0.07111104
v -0.08861507 0.00570678 0.07199486
v -0.08861602 0.00356332 0.07398819
v -0.08784952 0.0042762 0.07157508
v -0.08718769 0.00481997 0.06876726
v -0.08705077 0.00227644 0.06931133
v -0.08767387 0.0005024 0.0701669
v -0.08726241 0.00218552 0.07208235
v -0.08819113 -0.00021632 0.07278003
v -0.08769595 0.00128718 0.07459252
v -0.08939302 -0.00054246 0.07579535
v -0.09229083 0.00011902 0.07711123
v -0.09229538 -0.00047177 0.07536009
v -0.09147888 -0.00035263 0.07649302
v -0.09024588 -0.00046578 0.07669838
v -0.09103403 2.412E-05 0.07791826
v -0.09214223 0.00010126 0.07815456
v -0.09194898 0.00082882 0.07814231
v -0.09178169 0.000163 0.07920269
v -0.09249961 -0.0002676 0.07388044
v -0.09346388 0.00038293 0.07377108
v -0.09230352 0.00028938 0.07162949
v -0.09296227 0.00067676 0.07530247
v -0.0919647 0.00147405 0.07713043
v -0.09130911 0.00089205 0.07820257
v -0.08925174 0.00204209 0.07622471
v -0.08853692 0.00052192 0.076269
v -0.08952087 6.834E-05 0.07700882
v -0.0901944 -0.00023689 0.07733579
v -0.09018608 0.00096778 0.07728407
v -0.09094283 0.00167996 0.07727981
v -0.09198316 0.00266432 0.07535154
v -0.09220777 0.00304734 0.07257627
v -0.09294265 0.00164907 0.07197408
v -0.09134912 0.00373345 0.07000101
v -0.09059377 0.00534657 0.06724069
v -0.08942316 0.00875729 0.06451021
v -0.09218673 0.00233816 0.0696703
v -0.09076732 0.00255255 0.06705131
v -0.08954892 0.0051271 0.06457794
v -0.08927812 0.00521194 0.06273826
v -0.08922831 0.00685561 0.06244487
v -0.09013844 0.00666679 0.0629852
v -0.09168558 0.00768606 0.06385998
v -0.09128653 0.0064162 0.06413521
v -0.09062034 0.00436788 0.0635805
v -0.08959897 0.00365126 0.06282892
v -0.08991911 0.00194104 0.06470382
v -0.08961421 0.00169044 0.06339861
v -0.09171332 0.00107479 0.06924947
v -0.09061429 0.00165185 0.06711531
v -0.0910015 0.00273425 0.06421629
v -0.09163442 0.0043885 0.06461261
v -0.09239998 0.00642436 0.06453528
v -0.09485941 0.00014714 0.06758205
v -0.09544146 0.00014829 0.06849577
v -0.09532043 0.00017469 0.06731483
v -0.09561867 0.00053651 0.06757777
v -0.09525936 0.00093473 0.06787756
v -0.09465247 0.00052103 0.0678162
v -0.09374585 0.00060688 0.06706624
v -0.09406118 9.226E-05 0.0664603
v -0.09502023 0.0001586 0.06569327
v -0.09586851 0.00072671 0.06654991
v -0.09535854 0.00138497 0.06727428
v -0.09468926 0.00132309 0.06751697
v -0.09427338 0.00093867 0.06755218
v -0.09359738 0.00135959 0.06716812
v -0.09199788 0.00046524 0.06603732
v -0.09199217 0.00229625 0.06609119
v -0.09335458 0.00315675 0.06600586
v -0.09565509 0.00143993 0.06601705
v -0.09516352 0.0019661 0.06637336
v -0.09415384 0.00198569 0.06695531
v -0.09561221 0.00056072 0.06467342
v -0.09524773 0.00150824 0.06448566
v -0.09472105 0.00288445 0.06494333
v -0.09499158 0.00062955 0.06258783
v -0.09108287 0.00581319 0.05822728
v -0.09285014 0.00592547 0.06143621
v -0.09343767 0.00628018 0.06340659
v -0.09278205 0.00462821 0.06501481
v -0.09382509 0.00436561 0.06399013
v -0.09476436 0.00236529 0.06348287
v -0.09530176 0.00190484 0.06276811
v -0.0940074 0.00245412 0.06094815
v -0.0934203 0.00120296 0.06085054
v -0.09176003 0.00119985 0.05963278
v -0.09011251 0.00079804 0.05793764
v -0.09365416 0.00354335 0.06180106
v -0.0867299 0.02114806 0.050645
v -0.08638266 0.02254307 0.05164139
v -0.08846537 0.0274545 0.05124987
v -0.08856827 0.0312963 0.05207346
v -0.08910497 0.03444016 0.05340908
v -0.08590505 0.02367478 0.04921497
v -0.08542567 0.03030887 0.04564279
v -0.08259691 0.03092276 0.04580172
v -0.08471076 0.02807404 0.04604602
v -0.08228152 0.02821976 0.04640555
v -0.08436203 0.02598349 0.04839778
v -0.08557769 0.02549298 0.04890558
v -0.08601595 0.02441455 0.04977769
v -0.08639983 0.0266265 0.04796841
v -0.08848964 0.03092532 0.04927417
v -0.08844161 0.03465351 0.0496054
v -0.08861648 0.03422003 0.05186222
v -0.08852836 0.03751095 0.0502727
v -0.08925069 0.03813076 0.05209852
v -0.08759682 0.04226546 0.0492539
v -0.08697397 0.03009519 0.04672131
v -0.08674303 0.03239986 0.0469576
v -0.08392181 0.04731313 0.04837057
v -0.08254132 0.05100255 0.04867676
v -0.08312646 0.04321599 0.04887784
v -0.08549988 0.04250709 0.04851086
v -0.08319313 0.03758904 0.04787026
v -0.08611696 0.0379574 0.04839406
v -0.0863147 0.03521274 0.04749154
v -0.0830273 0.03520201 0.04630099
v -0.08568671 0.03310843 0.04520273
v -0.08258602 0.03319788 0.04484909
v -0.08562255 0.04933525 0.04684667
v -0.08733001 0.05004393 0.04771182
v -0.08563376 0.05106945 0.04711175
v -0.08722946 0.04927204 0.04711869
v -0.08592602 0.04689698 0.04757635
v -0.08411475 0.04929818 0.0477593
v -0.08380116 0.05057765 0.04791505
v -0.08457309 0.05279686 0.04606576
v -0.08842915 0.04856359 0.04929657
v -0.08785164 0.04729505 0.04773369
v -0.08867205 0.04307324 0.04964007
v -0.08238199 0.05708337 0.04880318
v -0.08468767 0.05687641 0.04473173
v -0.08223627 0.06388582 0.0488085
v -0.08798531 0.05156162 0.04739818
v -0.08680031 0.05241393 0.04564757
v -0.08723352 0.0565137 0.04416792
v -0.08570177 0.0631956 0.04366333
v -0.08557013 0.06970095 0.0435961
v -0.08210058 0.0706392 0.04853114
v -0.08857225 0.06623065 0.04141611
v -0.08738028 0.06581566 0.04165134
v -0.08811898 0.06276408 0.04111047
v -0.08790391 0.06649414 0.04279176
v -0.08725962 0.06676725 0.04300192
v -0.08912706 0.06115908 0.04426553
v -0.08873308 0.06544655 0.04313792
v -0.08996176 0.04906562 0.05203984
v -0.09024554 0.05527087 0.04931683
v -0.08783958 0.05579894 0.04655222
v -0.09041055 0.06173302 0.04708615
v -0.09267649 0.06236403 0.05050152
v -0.09260715 0.06341216 0.05460923
v -0.09242827 0.07103018 0.05803259
v -0.0893091 0.07639886 0.06045688
v -0.07969643 0.03119837 0.05354776
v -0.08370329 0.03494178 0.05808699
v -0.08034007 0.03355701 0.05387207
v -0.08084826 0.03377581 0.04770865
v -0.08181313 0.03684729 0.04955794
v -0.08125956 0.03654086 0.05444867
v -0.0852137 0.0421159 0.05746025
v -0.08808281 0.04429692 0.05615343
v -0.08949392 0.05011631 0.05556881
v -0.09157743 0.05563786 0.05294875
v -0.09079681 0.05640168 0.05505621
v -0.09039447 0.06336309 0.05853665
v -0.08880647 0.07090323 0.06063024
v -0.08737937 0.05611365 0.05860333
v -0.08621074 0.04984033 0.05798137
v -0.08762547 0.06341644 0.05988721
v -0.08259849 0.0634655 0.05954371
v -0.08174479 0.05622566 0.05755306
v -0.08318716 0.07110593 0.06072678
v -0.08437568 0.07511657 0.06143246
v -0.0856033 0.07754087 0.0622059
v -0.08140619 0.04260155 0.05564295
v -0.08179833 0.05031863 0.05651186
v -0.08223627 0.06388582 0.0488085
v -0.08048943 0.05690254 0.05245481
v -0.08238199 0.05708337 0.04880318
v -0.08053268 0.0509626 0.05184622
v -0.08254132 0.05100255 0.04867676
v -0.08165848 0.04305617 0.05108879
v -0.08319313 0.03758904 0.04787026
v -0.08312646 0.04321599 0.04887784
v -0.07798647 0.01978656 0.05245269
v -0.07753178 0.01796495 0.05321706
v -0.07794651 0.01782728 0.0522612
v -0.07944658 0.01904945 0.05134536
v -0.07840502 0.02212579 0.05318291
v -0.08143857 0.02311909 0.04937658
v -0.07931521 0.02697689 0.0532064
v -0.08160922 0.02596018 0.04892319
v -0.08100305 0.02860067 0.04848474
v -0.08228152 0.02821976 0.04640555
v -0.08088447 0.03107217 0.04794706
v -0.08259691 0.03092276 0.04580172
v -0.08258602 0.03319788 0.04484909
v -0.0830273 0.03520201 0.04630099
v -0.07769491 0.01643121 0.05317971
v -0.07794464 0.01664734 0.05378887
v -0.07794208 0.0178956 0.05403742
v -0.07804535 0.019752 0.05433347
v -0.07872767 0.0193017 0.05474684
v -0.0788312 0.01762826 0.05434572
v -0.07875295 0.01647543 0.05354989
v -0.07810903 0.01670463 0.05268792
v -0.08294377 0.0163704 0.0518873
v -0.081855 0.01957741 0.04981929
v -0.07891276 0.01649153 0.05255725
v -0.07876503 0.01767851 0.05190543
v -0.0794682 0.01641414 0.05532986
v -0.08080073 0.00503051 0.05508663
v -0.08126699 0.00925057 0.05462629
v -0.08376046 0.00966636 0.05348802
v -0.08426382 0.00569274 0.05317866
v -0.08175711 0.00112975 0.05520559
v -0.08280279 0.00014267 0.05606274
v -0.08185463 0.0001462 0.06024033
v -0.08599897 0.00054776 0.0553672
v -0.08507567 0.00122662 0.0541153
v -0.06849901 0.04920413 -0.06202308
v -0.06862016 0.04901557 -0.06122292
v -0.06949165 0.04990726 -0.06235231
v -0.06431577 0.07600039 -0.04422717
v -0.06469608 0.06991536 -0.04840118
v -0.06393948 0.07418577 -0.04663951
v -0.06325081 0.07670128 -0.04501132
v -0.06273518 0.08130238 -0.04208604
v -0.06295854 0.0809146 -0.0434842
v -0.06312031 0.07711627 -0.04620273
v -0.06274514 0.0744818 -0.04729266
v -0.06365863 0.07322884 -0.04985052
v -0.06388026 0.07145421 -0.04976252
v -0.06391115 0.06991804 -0.05050559
v -0.06395441 0.06707661 -0.05085528
v -0.06371272 0.06843731 -0.0522359
v -0.06307203 0.06556123 -0.05283459
v -0.06176221 0.08193607 -0.04413601
v -0.06261996 0.08453532 -0.04252413
v -0.06397903 0.08070178 -0.0459813
v -0.06357282 0.07768593 -0.04707957
v -0.06289437 0.07585958 -0.04809884
v -0.06278849 0.07407215 -0.05040981
v -0.06530967 0.07289227 -0.05163555
v -0.06539722 0.07094696 -0.05348309
v -0.06471303 0.06949505 -0.05307537
v -0.06290879 0.06657574 -0.05384244
v -0.06317688 0.06499582 -0.05365665
v -0.06276415 0.07515708 -0.05031651
v -0.06174811 0.08351653 -0.04448911
v -0.06421512 0.08421902 -0.04640226
v -0.06235543 0.08325303 -0.04692985
v -0.06271073 0.08178778 -0.04706255
v -0.06522128 0.08069483 -0.04734312
v -0.06520485 0.07837028 -0.04874394
v -0.06617625 0.07631509 -0.04980396
v -0.06605422 0.07445299 -0.0531631
v -0.06605255 0.07313124 -0.05370845
v -0.06649072 0.07260103 -0.05250365
v -0.06654477 0.07074481 -0.05388649
v -0.06626257 0.08361787 -0.04833883
v -0.06443782 0.08204381 -0.04900121
v -0.06626399 0.08187526 -0.05036334
v -0.0641824 0.0811957 -0.04888658
v -0.06626472 0.08076046 -0.05100134
v -0.06626398 0.08042708 -0.04875844
v -0.06626219 0.09154155 -0.04185237
v -0.06497367 0.08867611 -0.04443652
v -0.06626219 0.08912897 -0.04473075
v -0.06502364 0.08761146 -0.04591969
v -0.06626217 0.08789416 -0.0466035
v -0.06490845 0.0852965 -0.045839
v -0.06626225 0.08502392 -0.04748592
v -0.06626519 0.07850417 -0.04967232
v -0.06618925 0.08265028 -0.04025173
v -0.06358299 0.08771174 -0.03858242
v -0.06626225 0.08734741 -0.03856341
v -0.06414336 0.09176291 -0.03725376
v -0.06626225 0.09210216 -0.03712238
v -0.06441418 0.09155647 -0.04138912
v -0.06369258 0.08833314 -0.04298303
v -0.06379303 0.08680815 -0.04288093
v -0.06254327 0.08731115 -0.04061328
v -0.06240045 0.08802643 -0.03934294
v -0.06285405 0.08919779 -0.04088344
v -0.06654753 0.06840905 -0.05486415
v -0.06464698 0.06654908 -0.05621073
v -0.06299541 0.06509876 -0.05470919
v -0.06419101 0.06491314 -0.05361307
v -0.06403643 0.06571377 -0.05178149
v -0.06504826 0.06824902 -0.04933745
v -0.0664625 0.07611669 -0.04419862
v -0.06655175 0.06120707 -0.05900217
v -0.06438527 0.05965328 -0.05949055
v -0.06655437 0.05880304 -0.06154814
v -0.06503705 0.06142151 -0.0576003
v -0.06655037 0.06348576 -0.05757287
v -0.06503546 0.06452749 -0.05551262
v -0.06441233 0.0645835 -0.05708796
v -0.0665505 0.06332307 -0.05960929
v -0.06654988 0.06505182 -0.05860916
v -0.06655566 0.05776343 -0.06224321
v -0.06422254 0.05865583 -0.0598042
v -0.06323908 0.05901746 -0.05831626
v -0.06335621 0.06048219 -0.05794689
v -0.06431157 0.06178901 -0.05612566
v -0.06435166 0.05801042 -0.05748428
v -0.06344765 0.05910867 -0.05637776
v -0.06459117 0.05864249 -0.0560012
v -0.06464555 0.06053392 -0.05440288
v -0.06357953 0.06049232 -0.05616438
v -0.06413264 0.06214426 -0.05455362
v -0.0641088 0.06412317 -0.05190009
v -0.06652687 0.06792205 -0.04918032
v -0.06654806 0.06144284 -0.05313002
v -0.06403232 0.06438614 -0.05242896
v -0.06530125 0.0577021 -0.05989592
v -0.06655065 0.0574738 -0.06082404
v -0.06873133 0.08680815 -0.04288093
v -0.07028849 0.08454013 -0.04252414
v -0.06986634 0.08732448 -0.04061328
v -0.06910462 0.08876359 -0.04193322
v -0.06992796 0.08804085 -0.03934293
v -0.06830943 0.0842201 -0.04640188
v -0.07077581 0.08351867 -0.04448853
v -0.06981443 0.08179472 -0.04705893
v -0.0680887 0.08204328 -0.04900158
v -0.06834459 0.08119731 -0.04888577
v -0.07016885 0.08325676 -0.04692804
v -0.07076176 0.08194246 -0.04413371
v -0.06980486 0.08132745 -0.04208567
v -0.06886575 0.08773253 -0.03858242
v -0.06838469 0.09176291 -0.03725376
v -0.06811018 0.09155647 -0.04138912
v -0.06755069 0.08867612 -0.04443652
v -0.06750071 0.08761147 -0.0459197
v -0.06761593 0.08529648 -0.04583894
v -0.06730599 0.08069377 -0.0473434
v -0.06732539 0.07836761 -0.04874507
v -0.06908694 0.07769126 -0.04707761
v -0.06988567 0.07586758 -0.04809587
v -0.06963777 0.07712319 -0.04620058
v -0.06854752 0.0807023 -0.04598167
v -0.06956641 0.08091887 -0.04348291
v -0.06963378 0.07670821 -0.04500976
v -0.07008947 0.07516402 -0.05031341
v -0.07013503 0.07409295 -0.05039797
v -0.07014736 0.07448927 -0.04729033
v -0.06835902 0.06957185 -0.053041
v -0.0676861 0.07100083 -0.05345897
v -0.06763422 0.07291789 -0.05161789
v -0.06925406 0.07326352 -0.04982829
v -0.06890612 0.07419056 -0.04663819
v -0.06867705 0.07600414 -0.04422643
v -0.06913348 0.0715241 -0.04971456
v -0.06835645 0.06997671 -0.04835417
v -0.06915789 0.07001778 -0.0504379
v -0.06985965 0.06512064 -0.05356284
v -0.07007551 0.06523531 -0.05461518
v -0.06886384 0.06501821 -0.05353408
v -0.07011363 0.06670429 -0.05376514
v -0.06993116 0.0657175 -0.05271515
v -0.06898329 0.06586632 -0.05165956
v -0.06901155 0.06447522 -0.05235243
v -0.06896587 0.06236881 -0.05440284
v -0.06893902 0.06420052 -0.05182891
v -0.06801077 0.06835783 -0.0492544
v -0.06907437 0.06765748 -0.05047824
v -0.06931164 0.06867146 -0.05192007
v -0.06845869 0.06659815 -0.05620492
v -0.0686949 0.06469444 -0.05702359
v -0.06806638 0.06462458 -0.05544857
v -0.06878538 0.06194263 -0.05602151
v -0.0695034 0.06070247 -0.05602516
v -0.0684142 0.06076435 -0.05418915
v -0.06982531 0.05899613 -0.05831364
v -0.06870449 0.05963301 -0.05949167
v -0.06886093 0.05860141 -0.05982291
v -0.06870691 0.0581 -0.05745827
v -0.06962312 0.05925643 -0.05627961
v -0.06850099 0.05872997 -0.05594905
v -0.06972192 0.06049819 -0.05792226
v -0.06806305 0.06146364 -0.05756835
v -0.06780782 0.05764343 -0.06004993
v -0.06777117 0.04450396 -0.06861602
v -0.06915541 0.04501587 -0.06674644
v -0.06761221 0.04541208 -0.06829452
v -0.06649115 0.03257767 -0.07236847
v -0.06850618 0.0332992 -0.07239957
v -0.06790364 0.03302684 -0.07436112
v -0.0680375 0.03587861 -0.06963801
v -0.0684244 0.03416245 -0.07230259
v -0.06805904 0.03657364 -0.07057998
v -0.06748402 0.03615396 -0.07239142
v -0.06754814 0.03838447 -0.07073068
v -0.0680647 0.03859522 -0.06966107
v -0.06893632 0.03880271 -0.0700942
v -0.0688383 0.03873759 -0.06929316
v -0.06905048 0.03988146 -0.0693825
v -0.06894482 0.03915589 -0.06865136
v -0.06853452 0.04116189 -0.0680146
v -0.06838398 0.0404449 -0.06700768
v -0.06848574 0.04265878 -0.06620345
v -0.067862 0.04221584 -0.06533256
v -0.06796052 0.04496328 -0.06377196
v -0.0665561 0.04499448 -0.06331503
v -0.06796242 0.04914844 -0.06054648
v -0.06649115 0.03257767 -0.07236847
v -0.06653989 0.03738323 -0.06805767
v -0.06656162 0.04177434 -0.06539631
v -0.06790818 0.04037668 -0.06655906
v -0.06821535 0.03840987 -0.06779058
v -0.06827326 0.03860744 -0.06817622
v -0.06823416 0.03876068 -0.06886272
v -0.06830236 0.03925674 -0.06786738
v -0.06654706 0.0563606 -0.0613878
v -0.067434 0.05506871 -0.06232951
v -0.06837124 0.05568958 -0.06033248
v -0.06874826 0.05656756 -0.05879004
v -0.06857737 0.05493375 -0.0595913
v -0.06749552 0.05316302 -0.06251579
v -0.06654866 0.05529007 -0.06272078
v -0.06655149 0.05294215 -0.0635884
v -0.06881079 0.05687426 -0.05716316
v -0.06883707 0.0547636 -0.05789399
v -0.06870691 0.0581 -0.05745827
v -0.06654806 0.06144284 -0.05313002
v -0.0684142 0.06076435 -0.05418915
v -0.06654605 0.05534341 -0.05696736
v -0.06832737 0.05565652 -0.05700155
v -0.06850099 0.05872997 -0.05594905
v -0.06655523 0.04873884 -0.06540788
v -0.06831215 0.04954971 -0.06480814
v -0.06655523 0.04896047 -0.06673203
v -0.06655476 0.04982399 -0.0662387
v -0.06836884 0.05043015 -0.06468876
v -0.06655356 0.05125553 -0.06480779
v -0.06791256 0.05165777 -0.06357437
v -0.06956522 0.05100787 -0.06245621
v -0.06892648 0.05059999 -0.06062664
v -0.06905615 0.05183689 -0.06110596
v -0.06891974 0.05442222 -0.05895091
v -0.06655359 0.04942011 -0.06035466
v -0.06759007 0.04899466 -0.06407133
v -0.06653147 0.04764212 -0.06578642
v -0.06863807 0.0471498 -0.06419242
v -0.06877866 0.04671139 -0.06303509
v -0.06647862 0.04644597 -0.06634122
v -0.06902181 0.04619025 -0.06515207
v -0.06920899 0.04528262 -0.06456521
v -0.06855377 0.04442133 -0.06636342
v -0.06910428 0.04574231 -0.06667923
v -0.06655596 0.0449613 -0.06973576
v -0.06655598 0.04439221 -0.07024769
v -0.06655596 0.04407602 -0.06819009
v -0.06736303 0.04424703 -0.06759002
v -0.06746521 0.04307349 -0.06884056
v -0.06781843 0.04210782 -0.06857228
v -0.06828538 0.04343076 -0.06695873
v -0.06655599 0.0429483 -0.06912222
v -0.06655288 0.04114541 -0.07006232
v -0.06783278 0.03989976 -0.07114113
v -0.06653701 0.03888352 -0.07299655
v -0.06794629 0.0384048 -0.07195763
v -0.0665259 0.03760342 -0.07387559
v -0.06652691 0.03759333 -0.07237714
v -0.06651521 0.03623434 -0.07335126
v -0.06780947 0.03362548 -0.07420337
v -0.06649783 0.0332146 -0.07572504
v -0.06649783 0.0326125 -0.0761767
v -0.06530125 0.0577021 -0.05989592
v -0.06562098 0.05596428 -0.0612568
v -0.06435166 0.05801042 -0.05748428
v -0.064311 0.0566385 -0.05875815
v -0.06469964 0.05575785 -0.06030111
v -0.0656595 0.05504523 -0.06230738
v -0.0648087 0.04947051 -0.06484413
v -0.06474577 0.05035429 -0.06472043
v -0.06519133 0.05160272 -0.06359918
v -0.06560234 0.05313017 -0.06253275
v -0.06477418 0.0544697 -0.06041031
v -0.06415945 0.05506497 -0.05875258
v -0.06423585 0.05585121 -0.05754471
v -0.06459117 0.05864249 -0.0560012
v -0.06473474 0.05576266 -0.05695802
v -0.06464555 0.06053392 -0.05440288
v -0.0645962 0.04923176 -0.06200958
v -0.06435445 0.04667763 -0.06307576
v -0.06447129 0.04714729 -0.06419264
v -0.06552432 0.04894031 -0.06410109
v -0.06356195 0.04997094 -0.06231628
v -0.06347757 0.05106608 -0.06242555
v -0.06399298 0.05191327 -0.06106275
v -0.06410968 0.05077105 -0.06049597
v -0.06514887 0.04913041 -0.06057949
v -0.06448216 0.04902139 -0.06122759
v -0.06485434 0.03902509 -0.06806554
v -0.06493708 0.03815101 -0.06801326
v -0.06488568 0.0383162 -0.06842279
v -0.06520416 0.04035406 -0.06657399
v -0.06473704 0.04039673 -0.06704395
v -0.06524973 0.04221909 -0.06532536
v -0.06515393 0.04496797 -0.06376708
v -0.06507581 0.03556204 -0.06991162
v -0.06506323 0.03618986 -0.07090189
v -0.06492756 0.03842454 -0.06914473
v -0.06424933 0.03883883 -0.0689166
v -0.06458907 0.04111502 -0.06805303
v -0.06461801 0.04266854 -0.06619042
v -0.065092 0.03302684 -0.07436112
v -0.0651862 0.03362548 -0.07420337
v -0.06456003 0.03309298 -0.07257252
v -0.06463993 0.03395619 -0.07247569
v -0.06555609 0.03603586 -0.0724905
v -0.06555204 0.03813362 -0.07094124
v -0.06514471 0.03824771 -0.07208939
v -0.06549863 0.04542221 -0.06829304
v -0.06399705 0.04577303 -0.06666643
v -0.06564721 0.04307573 -0.06884045
v -0.06574946 0.04425034 -0.06758881
v -0.06534071 0.04451096 -0.06861521
v -0.06393719 0.04505017 -0.06672912
v -0.06408148 0.04621698 -0.06513592
v -0.06528179 0.03974539 -0.07127061
v -0.06529167 0.04210841 -0.0685736
v -0.06482051 0.04344255 -0.06695035
v -0.06454673 0.04444401 -0.06634788
v -0.06388301 0.0453206 -0.06452953
v -0.06413521 0.03962725 -0.06959585
v -0.06425051 0.03846865 -0.0703745
v -0.06507932 0.03826425 -0.06993885
v -0.06435446 0.03837808 -0.06959452
v -0.06510027 0.07344969 0.15331805
v -0.06595968 0.07372759 0.15298359
v -0.06621446 0.07504988 0.1521083
v -0.06498502 0.07634444 0.15545911
v -0.06487294 0.07729124 0.15612747
v -0.06452439 0.07627937 0.15564741
v -0.06445332 0.07545207 0.15454647
v -0.06468443 0.07474 0.15496518
v -0.06489976 0.07458477 0.15262729
v -0.06621446 0.07504988 0.1521083
v -0.06595968 0.07372759 0.15298359
v -0.06534909 0.07571877 0.1542275
v -0.06535137 0.07495174 0.15470222
v -0.06511781 0.07608414 0.15577489
v -0.06498502 0.07634444 0.15545911
v -0.06465393 0.07605321 0.15583302
v -0.06534909 0.07571877 0.1542275
v -0.06621446 0.07504988 0.1521083
v -0.06510027 0.07344969 0.15331805
v -0.06472443 0.0795086 0.15920202
v -0.06582468 0.08152912 0.15864033
v -0.06594559 0.07959233 0.15932147
v -0.06562196 0.0790184 0.15990448
v -0.06480704 0.07915497 0.15978608
v -0.06396862 0.07980303 0.1597594
v -0.06353311 0.08160754 0.1585011
v -0.06288846 0.0814235 0.158811
v -0.06218461 0.08385368 0.15733509
v -0.06221275 0.08134882 0.15781355
v -0.06165793 0.08272715 0.15663797
v -0.06115743 0.08388194 0.1560176
v -0.06171291 0.08108586 0.15616003
v -0.06059053 0.08324079 0.15581171
v -0.06110836 0.08101119 0.15643364
v -0.06016643 0.08105334 0.15594347
v -0.05973624 0.08224868 0.1548516
v -0.05940265 0.08387236 0.15315911
v -0.06067539 0.08576057 0.15483986
v -0.05967703 0.08579633 0.1511402
v -0.06125237 0.0878083 0.15327486
v -0.06214139 0.08737624 0.155457
v -0.06179664 0.08550882 0.15660967
v -0.06304696 0.08414492 0.1573303
v -0.06281377 0.08585607 0.15653929
v -0.06296443 0.08732185 0.1552783
v -0.0616476 0.09363464 0.14839694
v -0.06092173 0.0927604 0.14810888
v -0.06107801 0.09053824 0.15062121
v -0.06225345 0.08918607 0.15349624
v -0.06292544 0.08820195 0.15485264
v -0.06329983 0.08729516 0.15561438
v -0.06423435 0.08576164 0.15558982
v -0.06463207 0.08389367 0.15679796
v -0.06297529 0.08956587 0.15323538
v -0.06295751 0.0911714 0.15116847
v -0.06192831 0.09154531 0.15089697
v -0.06226389 0.0921251 0.15039344
v -0.06235547 0.09236248 0.15030383
v -0.06294545 0.09265211 0.15027289
v -0.06336024 0.09238648 0.15014541
v -0.06342879 0.09178641 0.15143785
v -0.06337391 0.08989602 0.15347649
v -0.06317591 0.08867135 0.15506066
v -0.06318063 0.08804886 0.15571088
v -0.06445104 0.08661403 0.15690571
v -0.06637487 0.08490287 0.15696864
v -0.06429175 0.08719543 0.15769194
v -0.06436261 0.08812623 0.1572428
v -0.06427697 0.09004272 0.15559301
v -0.06432673 0.09154531 0.15394323
v -0.06426772 0.09325965 0.15164746
v -0.06400429 0.09421871 0.14961147
v -0.06665891 0.08723596 0.15898862
v -0.06665891 0.0899035 0.15683265
v -0.06665891 0.0918168 0.15459558
v -0.06665891 0.09375091 0.15156692
v -0.06904086 0.09004273 0.15559301
v -0.06899109 0.09154531 0.15394321
v -0.06994391 0.08989602 0.15347649
v -0.06988903 0.09178639 0.15143785
v -0.0690501 0.09325965 0.15164746
v -0.06895523 0.08812623 0.1572428
v -0.0690261 0.08719543 0.15769194
v -0.06778532 0.08636652 0.15919185
v -0.06855439 0.08628118 0.1582728
v -0.06784061 0.08612329 0.15899879
v -0.06765877 0.08578085 0.15787384
v -0.06886678 0.08661402 0.15690571
v -0.0701372 0.08804886 0.15571088
v -0.07014192 0.08867134 0.15506066
v -0.06625345 0.08501381 0.15855284
v -0.06565903 0.08578085 0.15787384
v -0.06587293 0.08576698 0.15895663
v -0.06547723 0.08612329 0.15899879
v -0.06476343 0.08628118 0.15827283
v -0.0655325 0.08636652 0.15919185
v -0.06586318 0.08592913 0.15946923
v -0.06589524 0.08525384 0.15912625
v -0.06577975 0.0847802 0.15937269
v -0.06627827 0.08417745 0.15933321
v -0.06694296 0.08490287 0.15696864
v -0.06706437 0.08501381 0.15855284
v -0.0674449 0.08576699 0.15895665
v -0.06745464 0.08592913 0.15946923
v -0.06665891 0.08599848 0.15956257
v -0.06655458 0.08433107 0.15829845
v -0.06638273 0.083763 0.1591924
v -0.06609534 0.08419665 0.15989755
v -0.06592046 0.08540054 0.15962391
v -0.06722248 0.08419666 0.15989755
v -0.06734811 0.08486607 0.1597514
v -0.06753807 0.0847802 0.15937269
v -0.06739735 0.08540054 0.15962391
v -0.06742259 0.08525384 0.15912625
v -0.06665891 0.0851493 0.15995623
v -0.06713331 0.08428732 0.16011465
v -0.06702749 0.08365898 0.16024692
v -0.0669351 0.083763 0.1591924
v -0.06703955 0.08417745 0.15933323
v -0.06596971 0.08486607 0.1597514
v -0.06676324 0.08433107 0.15829842
v -0.06691433 0.08367979 0.15818267
v -0.0661845 0.08428734 0.16011465
v -0.06665891 0.08427506 0.1604
v -0.06688578 0.08365045 0.16052857
v -0.0669089 0.08335122 0.16038564
v -0.06679379 0.08348618 0.1593236
v -0.0668131 0.08340189 0.15836455
v -0.0670274 0.08293623 0.15811439
v -0.06715285 0.08347976 0.1576578
v -0.06629033 0.08365898 0.16024692
v -0.06643205 0.08365045 0.16052857
v -0.06665891 0.08362646 0.16073926
v -0.06678826 0.08335121 0.16072325
v -0.06665891 0.08313306 0.16054562
v -0.06665891 0.08348456 0.15930067
v -0.06868578 0.08389367 0.15679796
v -0.0664035 0.08367979 0.15818267
v -0.0662904 0.08293623 0.15811439
v -0.06616496 0.08347976 0.1576578
v -0.06650472 0.08340189 0.15836455
v -0.06659307 0.0827602 0.15817733
v -0.06665891 0.08313306 0.16054562
v -0.06652954 0.08335122 0.16072325
v -0.06665891 0.08326267 0.16094941
v -0.06640892 0.08335122 0.16038564
v -0.06652404 0.08348618 0.1593236
v -0.06665891 0.08348456 0.15930067
v -0.06665891 0.08338535 0.15834859
v -0.06665891 0.08274527 0.1582088
v -0.06665891 0.08149017 0.15876193
v -0.06614561 0.08004946 0.15952736
v -0.06609434 0.07949688 0.15990022
v -0.06550034 0.07891653 0.16067632
v -0.06457417 0.07905362 0.16040267
v -0.06314845 0.07941312 0.1601024
v -0.062465 0.07997426 0.15876567
v -0.06665891 0.08018067 0.1594079
v -0.06665891 0.0792211 0.15959033
v -0.06654361 0.07939125 0.15982074
v -0.06665891 0.07823111 0.1594559
v -0.06627727 0.07862422 0.16060697
v -0.06599685 0.07772864 0.1613948
v -0.06600689 0.07732593 0.16074139
v -0.06405182 0.07822257 0.16108435
v -0.06524204 0.07748061 0.16184124
v -0.06554658 0.07664317 0.16172123
v -0.06544205 0.07619511 0.16138361
v -0.06591845 0.07700802 0.16029227
v -0.06665891 0.07826898 0.15840189
v -0.06501791 0.07566118 0.16186632
v -0.06539079 0.07586762 0.16125238
v -0.06489529 0.07565425 0.16145241
v -0.0639284 0.07647942 0.16114676
v -0.0641244 0.07623299 0.16080062
v -0.06309822 0.07699682 0.15976743
v -0.06271829 0.07742834 0.16013758
v -0.06247709 0.07778306 0.15873261
v -0.06222893 0.07894373 0.15750046
v -0.06214641 0.07834578 0.15920201
v -0.06255748 0.07876291 0.15959564
v -0.06310423 0.07782945 0.16045122
v -0.06415053 0.07688855 0.16137773
v -0.0651375 0.07614872 0.16204128
v -0.06553954 0.07585427 0.16194475
v -0.06556266 0.07544142 0.16188607
v -0.06205123 0.07950967 0.15792343
v -0.06149612 0.07987557 0.15694413
v -0.06150518 0.07967981 0.15622936
v -0.06079214 0.0797817 0.15646513
v -0.0605564 0.0802367 0.15650408
v -0.06051617 0.08044044 0.15509802
v -0.06231547 0.08046925 0.15686996
v -0.05968599 0.08115897 0.15358852
v -0.06005484 0.08214518 0.15194829
v -0.05932216 0.08323652 0.15001258
v -0.05956369 0.08478073 0.14885671
v -0.06019454 0.08813955 0.14855321
v -0.05871441 0.08963467 0.14488555
v -0.05927832 0.09014033 0.14506158
v -0.05953019 0.08697727 0.14769283
v -0.0589905 0.08656549 0.1471397
v -0.05820389 0.08882762 0.14468552
v -0.05718685 0.09042357 0.1422319
v -0.05776731 0.0916952 0.14277969
v -0.05941059 0.0847434 0.14835212
v -0.05891507 0.08644069 0.1470373
v -0.05811245 0.08882816 0.14446524
v -0.05701852 0.09005926 0.14176089
v -0.056524 0.09067106 0.14068504
v -0.05660743 0.09163918 0.14083757
v -0.0571724 0.09293374 0.14127177
v -0.05765171 0.09299776 0.14054155
v -0.05555172 0.09295562 0.13615167
v -0.0561662 0.09284521 0.13797748
v -0.05585565 0.09235875 0.13792148
v -0.0564832 0.09241156 0.13933392
v -0.05668584 0.0930511 0.13815032
v -0.05695653 0.09416538 0.1368915
v -0.05597636 0.09358503 0.13640396
v -0.05515609 0.09397601 0.13460481
v -0.05589182 0.09318979 0.13518354
v -0.0554948 0.09346022 0.1338319
v -0.05491691 0.09462889 0.132292
v -0.05512596 0.09428752 0.13170898
v -0.05369474 0.09492441 0.12989277
v -0.05458721 0.09404003 0.12937909
v -0.05624514 0.09154531 0.13954727
v -0.05630291 0.09301803 0.13973451
v -0.05779945 0.09455369 0.13941127
v -0.05717129 0.09444114 0.14028817
v -0.056262 0.09503748 0.13845116
v -0.05558106 0.09428645 0.13788575
v -0.05637124 0.09268731 0.13942994
v -0.05611035 0.09412378 0.13741742
v -0.05664743 0.09588078 0.13879892
v -0.05552094 0.09589466 0.13700885
v -0.05509278 0.09548447 0.13638744
v -0.05576221 0.09520923 0.13608713
v -0.05600682 0.09550741 0.13527849
v -0.05535917 0.09473771 0.13501659
v -0.05523855 0.0952263 0.13342546
v -0.0544968 0.09554901 0.13216825
v -0.05544861 0.09640298 0.13500646
v -0.05559535 0.09652993 0.13673146
v -0.05525349 0.0975562 0.13726327
v -0.05468776 0.09707348 0.13478936
v -0.05359313 0.09852912 0.13216825
v -0.05348069 0.09659181 0.13207597
v -0.04974518 0.10713979 0.1262155
v -0.04929254 0.10416609 0.12763114
v -0.05282231 0.09643873 0.12937163
v -0.05249065 0.09815414 0.12895024
v -0.05097562 0.10133214 0.12886649
v -0.05994527 0.08073594 0.1440513
v -0.05846381 0.08304076 0.14075541
v -0.05901156 0.08350268 0.14070155
v -0.05748486 0.08535199 0.13749315
v -0.05815022 0.08588804 0.13749208
v -0.05685166 0.08736344 0.13386284
v -0.05735822 0.08803178 0.13433221
v -0.05604056 0.09067692 0.1316759
v -0.05491088 0.09010406 0.12990075
v -0.05607875 0.08858973 0.12970074
v -0.05454001 0.09066732 0.12644219
v -0.05326556 0.09198802 0.12675206
v -0.05347263 0.09783409 0.12811495
v -0.05413155 0.09616669 0.12834589
v -0.05347263 0.09535591 0.12767754
v -0.05381737 0.09446408 0.12743859
v -0.05536715 0.09342287 0.12885369
v -0.05507571 0.09216671 0.1290313
v -0.05350074 0.093265 0.1269249
v -0.05450684 0.09399895 0.12702309
v -0.05237911 0.09478466 0.12507668
v -0.05218109 0.09627123 0.12575518
v -0.05341813 0.09752633 0.12525271
v -0.05249971 0.09903477 0.12685771
v -0.05085326 0.09962472 0.12778211
v -0.04968149 0.10188153 0.12575997
v -0.05183129 0.09365597 0.12395494
v -0.05289068 0.09237847 0.12348928
v -0.05107329 0.09443792 0.1193885
v -0.05058303 0.09587651 0.12242516
v -0.05133786 0.0976202 0.12392989
v -0.0528173 0.1002584 0.1238424
v -0.05144236 0.10094488 0.12532897
v -0.05136405 0.1023984 0.1239416
v -0.05001247 0.10394312 0.12351812
v -0.05085939 0.10224157 0.12214353
v -0.05031667 0.09912866 0.1203609
v -0.04978801 0.09861606 0.11840172
v -0.05120014 0.09973088 0.12271853
v -0.05027649 0.10252002 0.11763418
v -0.0506926 0.10230507 0.11949413
v -0.05149462 0.10599352 0.12107727
v -0.05088346 0.10380391 0.12209553
v -0.05141621 0.10465148 0.11982805
v -0.04897741 0.10613593 0.12225714
v -0.05020775 0.10899122 0.11951121
v -0.05078467 0.10814685 0.11891753
v -0.0522384 0.10728221 0.11924717
v -0.05082222 0.10604578 0.11808917
v -0.05081519 0.10519875 0.11613426
v -0.05140315 0.10689603 0.11593316
v -0.05160622 0.1077996 0.11686821
v -0.05215316 0.10795429 0.11683034
v -0.05165283 0.10831967 0.11658176
v -0.05143425 0.11022393 0.11681807
v -0.05663132 0.10461148 0.11392544
v -0.05357004 0.10695364 0.11442951
v -0.05291752 0.10492618 0.11503702
v -0.05250371 0.10702886 0.11522479
v -0.05524186 0.09332366 0.11908873
v -0.05639678 0.09210004 0.12258889
v -0.05090366 0.09583225 0.11703301
v -0.05027141 0.09876914 0.11630706
v -0.05015887 0.10244747 0.11539175
v -0.06665891 0.10082487 0.11218763
v -0.06109187 0.10126226 0.1123535
v -0.06665891 0.09663447 0.11583874
v -0.05928295 0.098224 0.11510798
v -0.0575311 0.10182553 0.113519
v -0.0560848 0.10037789 0.11466366
v -0.06665891 0.09452541 0.11965521
v -0.06031215 0.09258704 0.1228108
v -0.0666589 0.09310869 0.12332874
v -0.05981465 0.09473769 0.11871108
v -0.05587603 0.09671129 0.11544775
v -0.05253689 0.09910678 0.11494422
v -0.05213987 0.10260963 0.11366781
v -0.05534204 0.10284752 0.11441883
v -0.0666589 0.09030995 0.12878914
v -0.05983716 0.08964106 0.12799652
v -0.06423495 0.07344437 0.15115297
v -0.06374446 0.07584306 0.14667669
v -0.06226398 0.07440181 0.15148102
v -0.06112121 0.07666449 0.14734611
v -0.05991215 0.07954699 0.14342935
v -0.06307106 0.07351264 0.15445793
v -0.06168808 0.07528245 0.15172318
v -0.06298362 0.0740279 0.15500252
v -0.06450933 0.0730539 0.15492035
v -0.06049206 0.07763048 0.14766936
v -0.05947891 0.08029375 0.14406036
v -0.05885981 0.08223426 0.14008014
v -0.06252602 0.08111786 0.1404871
v -0.06665889 0.07600788 0.14668949
v -0.06665889 0.07318673 0.15109004
v -0.06665889 0.07312646 0.1550196
v -0.06462593 0.07365132 0.15606986
v -0.0666589 0.08195103 0.1401244
v -0.06129028 0.08557014 0.13417539
v -0.0666589 0.08622676 0.13435303
v -0.05808993 0.08454495 0.1367272
v -0.05732505 0.08644385 0.13328676
v -0.06298664 0.07446528 0.15517534
v -0.06167502 0.07584039 0.1516165
v -0.06080564 0.07820816 0.14765067
v -0.06665889 0.07352649 0.15640056
v -0.06665889 0.07345822 0.15627201
v -0.06476162 0.07368118 0.15616426
v -0.06665891 0.07826898 0.15840189
v -0.06665891 0.07823111 0.1594559
v -0.06739937 0.07700802 0.16029227
v -0.06731091 0.07732593 0.16074139
v -0.06787577 0.07619511 0.16138361
v -0.06665891 0.08018067 0.1594079
v -0.06677421 0.07939125 0.15982074
v -0.06665891 0.0792211 0.15959033
v -0.06704056 0.07862422 0.16060697
v -0.06732096 0.07772864 0.1613948
v -0.06777125 0.07664317 0.16172178
v -0.06777827 0.07585427 0.16194475
v -0.06792704 0.07586762 0.16125238
v -0.06775516 0.07544143 0.16188607
v -0.06829993 0.07566118 0.16186632
v -0.06818031 0.07614872 0.16204128
v -0.06807578 0.07748061 0.16184124
v -0.06781747 0.07891652 0.16067632
v -0.06722348 0.07949688 0.15990022
v -0.06842253 0.07565425 0.16145243
v -0.0693894 0.07647942 0.16114676
v -0.06919344 0.07623299 0.16080113
v -0.0702196 0.07699683 0.15976742
v -0.07059952 0.07742834 0.16013758
v -0.07084075 0.07778306 0.15873261
v -0.07021356 0.07782945 0.16045122
v -0.06916729 0.07688855 0.16137773
v -0.06926598 0.07822257 0.16108435
v -0.07100236 0.08046924 0.15686996
v -0.0718217 0.07987557 0.15694413
v -0.07126661 0.07950965 0.15792343
v -0.0710889 0.07894373 0.15750046
v -0.0711714 0.07834578 0.15920201
v -0.07076034 0.07876291 0.15959564
v -0.07016936 0.07941312 0.1601024
v -0.06874366 0.0790536 0.16040267
v -0.07276144 0.08023669 0.15650408
v -0.07252567 0.0797817 0.15646513
v -0.07181266 0.07967982 0.15622936
v -0.07085282 0.07997426 0.15876567
v -0.06737222 0.07959235 0.15932149
v -0.06769586 0.0790184 0.15990448
v -0.06851076 0.07915497 0.15978608
v -0.06934921 0.07980303 0.1597594
v -0.07042936 0.0814235 0.158811
v -0.07110507 0.08134882 0.15781355
v -0.0716049 0.08108586 0.15616003
v -0.07220948 0.08101119 0.15643364
v -0.07272726 0.08324079 0.15581171
v -0.07264244 0.08576057 0.15483986
v -0.07206542 0.0878083 0.15327486
v -0.0721604 0.08388194 0.15601762
v -0.07165988 0.08272715 0.15663797
v -0.07113323 0.08385367 0.15733509
v -0.06978472 0.08160753 0.1585011
v -0.06859341 0.0795086 0.15920202
v -0.07106436 0.08918607 0.15349624
v -0.07223983 0.09053823 0.15062121
v -0.07117644 0.08737624 0.155457
v -0.07152119 0.08550882 0.15660967
v -0.07050405 0.08585606 0.15653929
v -0.07027086 0.08414491 0.1573303
v -0.06908346 0.08576164 0.15558982
v -0.07001799 0.08729516 0.15561438
v -0.07035338 0.08732184 0.1552783
v -0.07039239 0.08820195 0.15485264
v -0.07034253 0.08956587 0.15323538
v -0.07036033 0.0911714 0.15116847
v -0.07138953 0.09154531 0.15089697
v -0.06995759 0.09238648 0.15014541
v -0.06931353 0.09421871 0.14961147
v -0.06770894 0.09535699 0.14907487
v -0.06665891 0.09546847 0.14917035
v -0.06756321 0.09631283 0.14814089
v -0.07033218 0.09913293 0.14527547
v -0.0672868 0.097146 0.14737815
v -0.06770894 0.09794664 0.14763044
v -0.06799255 0.09886622 0.1463716
v -0.06888285 0.09847631 0.14676099
v -0.06953114 0.0980432 0.14698127
v -0.07085985 0.09805438 0.14542696
v -0.07164682 0.0971268 0.14500503
v -0.07144762 0.09626964 0.14638279
v -0.07158753 0.09561887 0.14632572
v -0.07101855 0.09511802 0.14802994
v -0.07037237 0.09265211 0.15027289
v -0.06971839 0.09487426 0.14962748
v -0.06824866 0.09607334 0.14907061
v -0.06832203 0.09703133 0.14820224
v -0.07131514 0.09449821 0.1479985
v -0.07167024 0.09363463 0.14839694
v -0.07096235 0.09236247 0.15030383
v -0.07105393 0.0921251 0.15039344
v -0.07325698 0.09410775 0.1459657
v -0.07396051 0.09458676 0.14317174
v -0.07321174 0.09601092 0.1442828
v -0.07241714 0.09508335 0.14611185
v -0.07330621 0.09744738 0.14304745
v -0.07232726 0.09848484 0.14149846
v -0.07348809 0.10050375 0.14109042
v -0.07420072 0.10289767 0.13972065
v -0.07213929 0.10456027 0.13936858
v -0.07122167 0.10489313 0.13930728
v -0.0741796 0.09514096 0.14373556
v -0.07465569 0.09692144 0.14238657
v -0.07413338 0.09863526 0.14151233
v -0.07353333 0.10005357 0.14033139
v -0.07466605 0.10195515 0.13902615
v -0.07460877 0.10389192 0.13826606
v -0.07528318 0.10296007 0.13749903
v -0.07478969 0.10225864 0.13711499
v -0.07416253 0.10121159 0.13846609
v -0.07538571 0.10233279 0.13642263
v -0.07525203 0.10179032 0.13721794
v -0.07510932 0.10137106 0.13852157
v -0.07498369 0.10072193 0.13909924
v -0.07472546 0.10004717 0.14004442
v -0.07586615 0.0979861 0.14042315
v -0.07660486 0.0993036 0.13892536
v -0.07806435 0.0975562 0.13726327
v -0.0781589 0.09918734 0.13599537
v -0.07622293 0.09998903 0.13838768
v -0.07631436 0.10091181 0.13833968
v -0.07628525 0.10202127 0.13747397
v -0.07766098 0.10072298 0.13635916
v -0.08479831 0.10474589 0.12469906
v -0.08363635 0.10188152 0.12575997
v -0.08246452 0.09962472 0.12778211
v -0.08187549 0.10094488 0.12532897
v -0.08195373 0.1023984 0.12394161
v -0.08330538 0.10394312 0.12351812
v -0.08434043 0.10613593 0.12225714
v -0.0831101 0.10899122 0.11951121
v -0.08188361 0.11022393 0.11681806
v -0.08166501 0.10831967 0.11658176
v -0.0797478 0.10695364 0.11442951
v -0.08116469 0.10795429 0.11683034
v -0.08081413 0.10702886 0.11522479
v -0.08191464 0.10689603 0.11593316
v -0.08211771 0.09973087 0.12271854
v -0.08245838 0.10224158 0.12214351
v -0.08300117 0.09912866 0.12036089
v -0.08262525 0.10230505 0.11949413
v -0.08243437 0.10380391 0.12209552
v -0.08182322 0.10599352 0.12107726
v -0.08253319 0.10814685 0.11891753
v -0.08107945 0.10728221 0.11924717
v -0.08190163 0.10465148 0.11982804
v -0.078811 0.09399894 0.12702309
v -0.07981709 0.09326497 0.1269249
v -0.07950047 0.09446406 0.12743858
v -0.07795068 0.09342287 0.12885371
v -0.08250265 0.10519875 0.11613426
v -0.08304135 0.10252002 0.11763418
v -0.08249562 0.10604578 0.11808917
v -0.08171163 0.1077996 0.11686821
v -0.08352982 0.09861605 0.11840171
v -0.08224453 0.09443792 0.11938852
v -0.08148655 0.09365597 0.12395495
v -0.08042714 0.09237847 0.12348929
v -0.07877781 0.09066731 0.12644218
v -0.07723907 0.08858973 0.12970072
v -0.07599276 0.08644385 0.13328676
v -0.07522788 0.08454495 0.1367272
v -0.07445802 0.08223426 0.14008014
v -0.0666589 0.08195103 0.1401244
v -0.06665889 0.07600788 0.14668949
v -0.07079179 0.08111786 0.1404871
v -0.07202753 0.08557014 0.13417539
v -0.0666589 0.08622676 0.13435303
v -0.0666589 0.09030995 0.12878914
v -0.07162973 0.07528245 0.15172318
v -0.07024673 0.07351264 0.15445793
v -0.07033417 0.0740279 0.15500252
v -0.06880847 0.07305391 0.15492035
v -0.06908286 0.07344435 0.15115298
v -0.07105382 0.07440181 0.15148102
v -0.07219656 0.07666449 0.14734611
v -0.07282576 0.07763048 0.14766936
v -0.07340568 0.07954698 0.14342935
v -0.07383885 0.08029375 0.14406036
v -0.06957334 0.07584306 0.14667669
v -0.07251217 0.07820816 0.14765067
v -0.07164279 0.07584039 0.1516165
v -0.07033116 0.07446528 0.15517534
v -0.06869189 0.07365131 0.15606986
v -0.06665889 0.07312646 0.1550196
v -0.06665889 0.07318673 0.15109004
v -0.06665889 0.07352649 0.15640056
v -0.0685562 0.07368118 0.15616426
v -0.06665889 0.07345822 0.15627201
v -0.07200059 0.08073168 0.14303303
v -0.07144477 0.07814682 0.14629745
v -0.06928871 0.07997157 0.14335841
v -0.07301207 0.08352668 0.13961981
v -0.07049569 0.08504902 0.13753474
v -0.07368911 0.08578563 0.13693042
v -0.07430323 0.08818968 0.13407192
v -0.0718827 0.09015846 0.13185832
v -0.0666589 0.08571789 0.13670585
v -0.0666589 0.09057023 0.13122357
v -0.06143511 0.09015846 0.13185832
v -0.0666589 0.09603225 0.12622403
v -0.05958666 0.09631017 0.12533325
v -0.06665891 0.09869768 0.125816
v -0.05854249 0.09828001 0.12660596
v -0.06665891 0.09795037 0.13151911
v -0.05970259 0.0968393 0.13269152
v -0.06665891 0.09554046 0.13795136
v -0.06036431 0.0938656 0.13941821
v -0.06665891 0.09150584 0.14347312
v -0.07373115 0.09631015 0.12533323
v -0.07477528 0.09828001 0.12660596
v -0.07530629 0.09179386 0.13008425
v -0.07617667 0.09420269 0.12771167
v -0.07714858 0.09494092 0.12805574
v -0.07724509 0.09515163 0.12988955
v -0.0751676 0.08588804 0.13749208
v -0.07430621 0.08350268 0.14070155
v -0.0759596 0.08803178 0.13433221
v -0.07727726 0.09067692 0.1316759
v -0.07824211 0.09216671 0.1290313
v -0.07795068 0.09342287 0.12885371
v -0.07873057 0.09404003 0.12937909
v -0.07819188 0.09428752 0.13170898
v -0.07686516 0.09489346 0.13256936
v -0.07782297 0.09346021 0.1338319
v -0.07606323 0.09515322 0.13511634
v -0.07742602 0.09318978 0.13518354
v -0.07743003 0.09285426 0.13636823
v -0.07361526 0.09683929 0.13269152
v -0.07574358 0.09327459 0.13972385
v -0.07295352 0.0938656 0.13941821
v -0.07194503 0.08964213 0.14505573
v -0.07282475 0.08443455 0.14939651
v -0.07397963 0.08697353 0.14737706
v -0.07389167 0.08913808 0.14421615
v -0.07642495 0.09004645 0.14120297
v -0.07692015 0.09115805 0.13965291
v -0.07728125 0.09245744 0.13775133
v -0.07776611 0.09295561 0.13615167
v -0.07746219 0.09235874 0.13792148
v -0.0770727 0.09154531 0.13954729
v -0.07679379 0.09067106 0.14068504
v -0.07629932 0.09005926 0.1417609
v -0.07520538 0.08882815 0.14446524
v -0.07440271 0.08644069 0.1470373
v -0.07390722 0.08474338 0.14835212
v -0.07375415 0.08478073 0.14885673
v -0.07399568 0.08323652 0.15001258
v -0.07181063 0.0830797 0.1514549
v -0.07326298 0.08214518 0.15194829
v -0.07297453 0.08079302 0.15311112
v -0.07363185 0.08115897 0.15358852
v -0.07280166 0.08044044 0.15509802
v -0.07204652 0.07998279 0.15469529
v -0.07181266 0.07967982 0.15622936
v -0.07100025 0.07908562 0.15615416
v -0.0710889 0.07894373 0.15750046
v -0.07006542 0.07811162 0.15778369
v -0.07084075 0.07778306 0.15873261
v -0.06910297 0.07684426 0.15935454
v -0.0702196 0.07699683 0.15976742
v -0.06919344 0.07623299 0.16080113
v -0.0684567 0.07617378 0.16035841
v -0.06842253 0.07565425 0.16145243
v -0.06792704 0.07586762 0.16125238
v -0.06785666 0.07659997 0.16013332
v -0.06817286 0.07788867 0.15844777
v -0.07097342 0.08102026 0.15377946
v -0.06933413 0.07928244 0.15593812
v -0.06665891 0.08802753 0.14844225
v -0.06665891 0.0859062 0.15158932
v -0.06665891 0.08079302 0.15512203
v -0.06665891 0.07826898 0.15840189
v -0.06739937 0.07700802 0.16029227
v -0.06787577 0.07619511 0.16138361
v -0.06137282 0.08964213 0.14505573
v -0.06049308 0.08443455 0.14939651
v -0.06150718 0.0830797 0.1514549
v -0.06234441 0.08102027 0.15377946
v -0.06398369 0.07928244 0.15593812
v -0.06514496 0.07788867 0.15844777
v -0.06591845 0.07700802 0.16029227
v -0.06546114 0.07659998 0.16013332
v -0.06544205 0.07619511 0.16138361
v -0.06539079 0.07586762 0.16125238
v -0.06486111 0.07617378 0.16035841
v -0.06489529 0.07565425 0.16145241
v -0.0641244 0.07623299 0.16080062
v -0.06421486 0.07684426 0.15935455
v -0.06034331 0.08079302 0.15311112
v -0.06127131 0.07998279 0.15469529
v -0.06231758 0.07908561 0.15615417
v -0.06325238 0.07811162 0.15778369
v -0.06309822 0.07699682 0.15976743
v -0.06247709 0.07778306 0.15873261
v -0.06222893 0.07894373 0.15750046
v -0.06150518 0.07967981 0.15622936
v -0.06051617 0.08044044 0.15509802
v -0.05968599 0.08115897 0.15358852
v -0.06005484 0.08214518 0.15194829
v -0.05932216 0.08323652 0.15001258
v -0.05956369 0.08478073 0.14885671
v -0.05941059 0.0847434 0.14835212
v -0.05933822 0.08697354 0.14737706
v -0.05891507 0.08644069 0.1470373
v -0.05942618 0.08913808 0.14421615
v -0.05811245 0.08882816 0.14446524
v -0.05701852 0.09005926 0.14176089
v -0.0568929 0.09004646 0.14120296
v -0.056524 0.09067106 0.14068504
v -0.0563977 0.09115806 0.13965291
v -0.05624514 0.09154531 0.13954727
v -0.05603658 0.09245744 0.13775133
v -0.05585565 0.09235875 0.13792148
v -0.05588782 0.09285427 0.13636823
v -0.05555172 0.09295562 0.13615167
v -0.05589182 0.09318979 0.13518354
v -0.0572546 0.09515322 0.13511634
v -0.0554948 0.09346022 0.1338319
v -0.05645269 0.09489346 0.13256936
v -0.05512596 0.09428752 0.13170898
v -0.05607275 0.09515163 0.12988955
v -0.05458721 0.09404003 0.12937909
v -0.05757422 0.09327459 0.13972385
v -0.05616924 0.09494094 0.12805574
v -0.05714114 0.0942027 0.12771168
v -0.05801152 0.09179387 0.13008425
v -0.0590146 0.08818968 0.13407192
v -0.05536715 0.09342287 0.12885369
v -0.05507571 0.09216671 0.1290313
v -0.05604056 0.09067692 0.1316759
v -0.05735822 0.08803178 0.13433221
v -0.0596287 0.08578563 0.13693041
v -0.05815022 0.08588804 0.13749208
v -0.0603057 0.08352669 0.13961981
v -0.05901156 0.08350268 0.14070155
v -0.06131723 0.08073168 0.14303303
v -0.05994527 0.08073594 0.1440513
v -0.06187302 0.07814682 0.14629745
v -0.06080564 0.07820816 0.14765067
v -0.06233233 0.07572144 0.15049101
v -0.06167502 0.07584039 0.1516165
v -0.06330425 0.07443114 0.15418214
v -0.06298664 0.07446528 0.15517534
v -0.06470031 0.07390361 0.15469421
v -0.06476162 0.07368118 0.15616426
v -0.06665889 0.07393882 0.15490383
v -0.06665889 0.07352649 0.15640056
v -0.0685562 0.07368118 0.15616426
v -0.0686175 0.07390361 0.15469421
v -0.07033116 0.07446528 0.15517534
v -0.07001355 0.07443114 0.15418269
v -0.07164279 0.07584039 0.1516165
v -0.07098547 0.07572144 0.15049103
v -0.07251217 0.07820816 0.14765067
v -0.07337249 0.08073594 0.1440513
v -0.06282212 0.08504902 0.13753474
v -0.0640291 0.07997158 0.14335841
v -0.06407112 0.07523924 0.14955226
v -0.06665889 0.07534699 0.14935702
v -0.06924668 0.07523924 0.14955224
v -0.06665889 0.08040737 0.14272153
v -0.07657854 0.09173732 0.12863819
v -0.07698862 0.09128446 0.12927666
v -0.07760364 0.09169359 0.12823068
v -0.07765778 0.09107057 0.12892461
v -0.07760364 0.09169359 0.12823068
v -0.07738579 0.09255822 0.12908413
v -0.07657854 0.09173732 0.12863819
v -0.07657854 0.09173732 0.12863819
v -0.07738579 0.09255822 0.12908413
v -0.07698862 0.09128446 0.12927666
v -0.07855959 0.09279345 0.13019252
v -0.0791203 0.09335458 0.13026825
v -0.07895117 0.09257528 0.1298154
v -0.07890791 0.09354287 0.12992582
v -0.07869075 0.092938 0.12930226
v -0.07849991 0.09173784 0.12921852
v -0.07822749 0.09250274 0.12852348
v -0.07781129 0.09197948 0.12973912
v -0.07811566 0.09297267 0.1295951
v -0.07866522 0.09350394 0.13002822
v -0.07883847 0.09335992 0.13035199
v -0.07891643 0.09407201 0.13038881
v -0.07866522 0.09350394 0.13002822
v -0.07811566 0.09297267 0.1295951
v -0.07765778 0.09107057 0.12892461
v -0.07331589 0.08443081 0.13859515
v -0.0741342 0.08533598 0.14045405
v -0.0738164 0.08365896 0.13896479
v -0.07427079 0.08477164 0.14066152
v -0.07476744 0.08573229 0.14176728
v -0.07523748 0.0849738 0.1401244
v -0.07460578 0.08348507 0.13927042
v -0.07503159 0.08457162 0.14078315
v -0.07478916 0.08418276 0.13855141
v -0.07522345 0.08550027 0.14187397
v -0.07496795 0.08655693 0.1424959
v -0.07526281 0.08574829 0.14152831
v -0.07476744 0.08573229 0.14176728
v -0.0741342 0.08533598 0.14045405
v -0.07490064 0.08531892 0.13999745
v -0.07421184 0.08475032 0.13835672
v -0.07331589 0.08443081 0.13859515
v -0.07525247 0.08615368 0.1371699
v -0.07487566 0.08693671 0.13677253
v -0.074563 0.08609875 0.13756461
v -0.0741976 0.08705512 0.13720563
v -0.07487566 0.08693671 0.13677253
v -0.07511 0.08741411 0.13798441
v -0.0741976 0.08705512 0.13720563
v -0.074563 0.08609875 0.13756461
v -0.07524201 0.08682737 0.13840473
v -0.07525247 0.08615368 0.1371699
v -0.07580614 0.08679483 0.13809697
v -0.07584231 0.0878851 0.13874289
v -0.07564527 0.08725035 0.13772783
v -0.07607657 0.08756773 0.13906987
v -0.07588156 0.08822436 0.13918188
v -0.07610836 0.08806325 0.13936485
v -0.07571685 0.0876216 0.13931578
v -0.07557774 0.08805366 0.13900426
v -0.07570547 0.08842596 0.13938992
v -0.07594136 0.08877854 0.13963635
v -0.07582315 0.08818114 0.13961448
v -0.07557774 0.08805366 0.13900426
v -0.07511 0.08741411 0.13798441
v -0.0741976 0.08705512 0.13720563
v -0.07570547 0.08842596 0.13938992
v -0.07691944 0.09046356 0.13183111
v -0.07725021 0.09092335 0.13322917
v -0.07735423 0.09136767 0.13260189
v -0.07700074 0.0916205 0.13255708
v -0.07741141 0.09230165 0.133674
v -0.07739241 0.09210536 0.13405806
v -0.07663108 0.09119165 0.13353051
v -0.07674272 0.08997604 0.13259816
v -0.07568445 0.09028274 0.13283923
v -0.07565992 0.08992269 0.13223276
v -0.07561357 0.09077613 0.13172978
v -0.0763896 0.09158797 0.13281684
v -0.07714895 0.09227872 0.13371241
v -0.07722715 0.09212884 0.13406873
v -0.07733714 0.09280785 0.13411832
v -0.07714895 0.09227872 0.13371241
v -0.0763896 0.09158797 0.13281684
v -0.07561357 0.09077613 0.13172978
v -0.07518979 0.08424891 0.14535919
v -0.0745176 0.08298901 0.14448281
v -0.07429057 0.08365523 0.14423425
v -0.07355327 0.08208116 0.14094797
v -0.07404745 0.08304929 0.14212571
v -0.07288805 0.08283274 0.14096878
v -0.07441507 0.08251962 0.14213905
v -0.07500486 0.08324292 0.14388275
v -0.07439268 0.08199848 0.14275086
v -0.07282704 0.08143149 0.14157419
v -0.07190751 0.08261991 0.14144991
v -0.07317583 0.08314104 0.14269646
v -0.07429057 0.08365523 0.14423425
v -0.07503073 0.08287327 0.14420758
v -0.07358207 0.08217718 0.14303571
v -0.07317583 0.08314104 0.14269646
v -0.07190751 0.08261991 0.14144991
v -0.07188735 0.07928935 0.15004563
v -0.07191364 0.07991449 0.15061904
v -0.07181352 0.07896558 0.15035875
v -0.07214877 0.07897304 0.1502334
v -0.07188735 0.07928935 0.15004563
v -0.07195218 0.07847806 0.14874467
v -0.07149503 0.07806146 0.14739357
v -0.07195218 0.07847806 0.14874467
v -0.07126155 0.07735471 0.14781977
v -0.07156315 0.07800439 0.1491906
v -0.07178991 0.07721869 0.14785923
v -0.07201601 0.07779317 0.14932661
v -0.07208309 0.07859433 0.15014164
v -0.07237706 0.07802573 0.14893083
v -0.07225592 0.07753394 0.14784376
v -0.07149503 0.07806146 0.14739357
v -0.07194034 0.07993264 0.14432013
v -0.07245637 0.08065646 0.14553253
v -0.07164372 0.07904345 0.14488286
v -0.07229647 0.08034442 0.14654762
v -0.07272969 0.08111893 0.14642599
v -0.0727402 0.07893517 0.14552508
v -0.0733415 0.08041217 0.14568403
v -0.07310808 0.07957155 0.1444236
v -0.07304396 0.07983715 0.14638385
v -0.07194034 0.07993264 0.14432013
v -0.07245637 0.08065646 0.14553253
v -0.07272969 0.08111893 0.14642599
v -0.07317129 0.0810773 0.14652626
v -0.07299368 0.08216544 0.14736104
v -0.07306121 0.08081809 0.14707887
v -0.07268574 0.08094502 0.14701752
v -0.06870771 0.07504988 0.1521083
v -0.06944855 0.07571877 0.1542275
v -0.06892582 0.07372759 0.15298359
v -0.07009915 0.07616629 0.15574022
v -0.07021543 0.07545207 0.15454647
v -0.07001758 0.07474 0.15496518
v -0.06964656 0.07608414 0.15577489
v -0.06944662 0.07495174 0.15470222
v -0.0698562 0.07729124 0.15612747
v -0.06976025 0.07634444 0.15545911
v -0.06944855 0.07571877 0.1542275
v -0.06983324 0.07458476 0.15262729
v -0.06966157 0.07344969 0.15331805
v -0.06976025 0.07634444 0.15545911
v -0.06870771 0.07504988 0.1521083
v -0.07178991 0.07721869 0.14785923
v -0.07149503 0.07806146 0.14739357
v -0.07126155 0.07735471 0.14781977
v -0.06756527 0.0740775 0.15414588
v -0.06766445 0.07473519 0.15528361
v -0.06704582 0.07311738 0.15471555
v -0.06734773 0.07449995 0.15605387
v -0.06765098 0.07600201 0.15633015
v -0.06756942 0.07587241 0.15657713
v -0.06766174 0.07677224 0.1568273
v -0.06799728 0.07582758 0.15668593
v -0.06765098 0.07600201 0.15633015
v -0.06804276 0.0745725 0.15598185
v -0.06766445 0.07473519 0.15528361
v -0.06790033 0.07338248 0.15494704
v -0.06756527 0.0740775 0.15414588
v -0.07500074 0.08797791 0.13316514
v -0.07489526 0.08916312 0.13431835
v -0.07376567 0.08849104 0.1332953
v -0.07571288 0.08981494 0.13531207
v -0.07622176 0.09089241 0.13609883
v -0.07592167 0.08964372 0.1358684
v -0.07594107 0.08826062 0.13484962
v -0.07616024 0.08981869 0.13523047
v -0.0759013 0.08901858 0.13401377
v -0.07630134 0.08955571 0.13577454
v -0.07514737 0.08864787 0.13527526
v -0.07475425 0.08728981 0.13400577
v -0.07412998 0.08767707 0.13453332
v -0.07500074 0.08797791 0.13316514
v -0.07376567 0.08849104 0.1332953
v -0.07489526 0.08916312 0.13431835
v -0.07571288 0.08981494 0.13531207
v -0.06966157 0.07344969 0.15331805
v -0.06870771 0.07504988 0.1521083
v -0.06892582 0.07372759 0.15298359
v -0.05658923 0.09171332 0.12797889
v -0.05653023 0.09096337 0.1285859
v -0.05725651 0.09173732 0.12863819
v -0.05684642 0.09109511 0.12927666
v -0.05725651 0.09173732 0.12863819
v -0.05644926 0.09255823 0.12908413
v -0.05658923 0.09171332 0.12797889
v -0.05571941 0.09297267 0.1295951
v -0.05581185 0.09265903 0.12857366
v -0.05574854 0.09167385 0.12823813
v -0.05653023 0.09096337 0.1285859
v -0.05569924 0.09096709 0.12882969
v -0.05684642 0.09109511 0.12927666
v -0.05516984 0.09350395 0.13002822
v -0.05499659 0.09335992 0.13035201
v -0.05491862 0.09407202 0.13038881
v -0.05644926 0.09255823 0.12908413
v -0.05602376 0.09197949 0.12973912
v -0.05571941 0.09297267 0.1295951
v -0.05527545 0.09279345 0.13019252
v -0.05471475 0.0933546 0.13026825
v -0.0549271 0.09354288 0.12992583
v -0.05516984 0.09350395 0.13002822
v -0.05530831 0.09301161 0.12929961
v -0.05540331 0.09234594 0.12847336
v -0.05533514 0.09173784 0.12921852
v -0.05725651 0.09173732 0.12863819
v -0.0548839 0.09257529 0.1298154
v -0.05498033 0.09286442 0.12930495
v -0.05812217 0.08981494 0.13531207
v -0.05791339 0.08964373 0.1358684
v -0.05761329 0.09089241 0.13609883
v -0.05793371 0.08901858 0.13401377
v -0.05767481 0.08981869 0.13523047
v -0.05789398 0.08826062 0.13484961
v -0.05753371 0.08955571 0.13577454
v -0.05868768 0.08864788 0.13527526
v -0.0590808 0.08728983 0.13400577
v -0.05970509 0.08767708 0.13453332
v -0.05883431 0.08797792 0.13316515
v -0.06006938 0.08849104 0.13329531
v -0.0589398 0.08916312 0.13431834
v -0.05812217 0.08981494 0.13531207
v -0.0589398 0.08916312 0.13431834
v -0.05883431 0.08797792 0.13316515
v -0.06006938 0.08849104 0.13329531
v -0.05886712 0.08714687 0.1415299
v -0.05857225 0.08633824 0.1405618
v -0.05906761 0.08632278 0.14080076
v -0.05963254 0.08564375 0.13959153
v -0.05876598 0.08573657 0.1390944
v -0.05933453 0.08505648 0.13748781
v -0.06051916 0.08502074 0.13762915
v -0.05962395 0.08416197 0.13815135
v -0.05880347 0.08516157 0.13981716
v -0.05861162 0.08609021 0.14090797
v -0.05906761 0.08632278 0.14080076
v -0.06051916 0.08502074 0.13762915
v -0.05963254 0.08564375 0.13959153
v -0.05779034 0.0878179 0.13919681
v -0.05760173 0.08739865 0.13941231
v -0.05749061 0.08835663 0.13963635
v -0.05762584 0.08637291 0.13809696
v -0.05756999 0.0876328 0.13889919
v -0.05733946 0.08739331 0.13921763
v -0.05778666 0.08682843 0.13772783
v -0.0581261 0.08573817 0.13716671
v -0.05818996 0.08640545 0.13840473
v -0.05779034 0.0878179 0.13919681
v -0.05832198 0.0869922 0.13798441
v -0.05844886 0.08652813 0.13669783
v -0.05879532 0.08574563 0.13696507
v -0.05832198 0.0869922 0.13798441
v -0.05908399 0.08636544 0.13673519
v -0.05908399 0.08636544 0.13673519
v -0.0605664 0.08281353 0.13927096
v -0.06113961 0.08238681 0.14001292
v -0.06168287 0.0836643 0.13967635
vn 0.2271 0.7174 -0.6586
vn -0.76633 -0.14431 0.62603
vn -0.28461 -0.79282 0.53892
vn -0.80409 -0.1624 0.57189
vn 0.3606 0.8071 -0.4675
vn 0.99489 -0.1002 -0.0127
vn 0.40661 0.76832 -0.49431
vn 0.86034 -0.45782 -0.22411
vn 0.72781 0.35801 -0.58491
vn -0.0742 -0.8371 0.542
vn -0.2341 -0.6483 0.7245
vn -0.674 -0.4556 0.5815
vn 0.12529 -0.51668 0.84696
vn -0.4563 -0.85319 -0.2527
vn -0.0945 -0.93674 0.33702
vn -0.09459 -0.93675 0.33698
vn 0.3072 -0.5559 0.7724
vn 0.5365 0.488 -0.6885
vn 0.6263 0.5114 -0.5884
vn 0.70439 0.52529 -0.47739
vn -0.61782 0.60982 -0.49641
vn -0.72021 0.59941 -0.3493
vn -0.58829 0.69689 -0.41019
vn -0.67628 0.46579 -0.57069
vn -0.70491 0.1684 -0.68901
vn -0.79204 0.18911 -0.58043
vn -0.55868 0.26539 -0.78577
vn -0.7473 0.3116 -0.5869
vn -0.2942 0.67421 -0.67741
vn -0.86532 0.2467 -0.43631
vn -0.67632 0.46581 -0.57062
vn -0.92082 0.27851 -0.273
vn -0.553 0.8321 -0.0425
vn -0.49019 0.78688 0.37489
vn 0.0249 0.92741 0.37321
vn -0.2944 0.7235 0.6244
vn -0.44109 0.79818 0.41029
vn -0.63939 0.48529 0.59639
vn -0.7666 0.6411 0.0361
vn -0.97291 0.1443 0.1806
vn -0.1867 0.79951 -0.5709
vn 0.0938 0.74318 -0.66248
vn -0.1016 0.80919 -0.57869
vn 0.88474 0.18241 -0.42892
vn -0.13 0.92361 0.36061
vn -0.5662 -0.4489 -0.6913
vn -0.3949 -0.85241 -0.3427
vn -0.99489 -0.1002 -0.0127
vn -0.70189 -0.2295 0.6743
vn -0.77489 0.39969 0.48969
vn -0.425 -0.2296 0.87559
vn -0.89282 0.27291 0.35831
vn -0.5886 -0.0259 0.80801
vn 0.64907 -0.28909 0.70366
vn 0.85779 -0.44049 0.2649
vn 0.64099 -0.31709 -0.69899
vn 0.0761 0.42609 -0.90148
vn 0.21429 0.69088 -0.69048
vn 0.28849 -0.86966 0.40058
vn -0.82502 0.0628 0.56161
vn 0.0212 0.31451 0.94902
vn -0.48599 0.53109 0.69409
vn -0.87611 0.2162 0.43091
vn -0.91852 0.0492 0.39231
vn -0.27 -0.0405 0.96201
vn -0.81348 -0.33689 0.47409
vn -0.94712 -0.31241 0.0733
vn -0.91465 0.25899 0.31038
vn -0.4276 0.50849 0.74739
vn 0.81411 0.3552 0.45941
vn 0.63801 0.63601 0.4341
vn -0.29791 0.89734 0.32562
vn -0.0641 -0.49971 -0.86382
vn 0.51669 0.71728 -0.46749
vn 0.42948 0.40139 -0.80897
vn 0.65862 0.68642 -0.30831
vn 0.5888 0.5946 -0.5475
vn 0.50022 0.18801 -0.84524
vn 0.5282 0.4026 -0.7476
vn 0.74644 0.39312 -0.53693
vn 0.69369 0.47449 -0.54189
vn 0.86621 0.45921 -0.197
vn 0.82137 0.50738 -0.26059
vn 0.85253 0.49602 -0.16481
vn 0.88934 0.42922 -0.15761
vn 0.9834 0.1527 -0.098
vn 0.93409 0.324 -0.15
vn 0.99537 0.0044 -0.096
vn 0.91788 0.0959 -0.38509
vn 0.94776 -0.1247 -0.29359
vn 0.78732 -0.0171 -0.61631
vn 0.86549 0.1692 -0.47149
vn 0.93564 -0.0244 -0.35211
vn 0.73834 0.11961 -0.66374
vn 0.6346 0.1466 -0.75881
vn 0.1355 0.3052 -0.9426
vn 0.67622 0.45522 -0.57922
vn 0.99827 0.0033 -0.0587
vn 0.99801 -0.0076 0.0626
vn 0.95806 0.27809 -0.0692
vn 0.92447 0.36869 -0.0971
vn 0.91486 0.39678 -0.0748
vn 0.9101 0.4075 0.0752
vn 0.91752 0.37721 0.126
vn 0.87049 0.3766 0.3169
vn 0.83273 0.44912 0.32381
vn 0.79031 0.56761 0.2307
vn 0.90977 0.41389 0.0319
vn 0.86806 0.47758 0.13559
vn 0.84463 0.48582 0.22491
vn 0.8784 0.4153 0.2365
vn 0.92132 0.33331 0.2002
vn 0.98865 -0.0389 0.14509
vn 0.97069 -0.2257 0.0826
vn -0.22741 0.86343 -0.45031
vn -0.90999 0.39149 0.1366
vn -0.92209 -0.1973 -0.3329
vn -0.88014 0.47242 0.0467
vn -0.3582 -0.3904 0.8481
vn 0.1386 -0.81669 0.56019
vn 0.99119 0.0151 -0.1316
vn 0.95689 -0.2904 -0.0048
vn 0.65831 0.63271 -0.40781
vn 0.50431 0.59751 -0.62341
vn 0.7466 0.4529 0.4873
vn -0.93718 0.0231 0.34809
vn -0.16001 -0.96844 0.19111
vn 0.64131 -0.2692 -0.71851
vn 0.4079 0.0823 -0.90931
vn -0.87049 0.49019 -0.0443
vn -0.87388 -0.34999 0.33739
vn -0.9584 0.2631 -0.1107
vn -0.897 0.4042 0.1789
vn -0.96179 0.0636 0.2663
vn 0.1956 -0.97338 0.1195
vn 0.35609 -0.78178 0.51188
vn 0.97068 -0.2257 0.0827
vn 0.85433 -0.004 -0.51972
vn 0.57069 0.1314 -0.81059
vn 0.74883 0.59112 -0.29971
vn 0.99262 0.1028 0.0643
vn 0.24499 -0.62179 0.74388
vn -0.6131 -0.3637 0.7013
vn -0.79118 -0.1364 0.59618
vn -0.99941 0.0005 0.0344
vn 0.2395 0.30549 0.92158
vn 0.89922 -0.0566 0.43381
vn 0.83541 0.3942 -0.383
vn 0.80971 0.48921 -0.3241
vn -0.92786 0.37038 0.0435
vn -0.79797 0.0224 0.60228
vn 0.017 0.8566 0.5157
vn 0.64709 -0.5358 0.5424
vn 0.93207 0.30449 -0.19629
vn 0.32181 -0.45111 0.83243
vn -0.73972 -0.1563 0.65451
vn 0.30061 -0.88893 0.34561
vn -0.96343 -0.1198 0.23971
vn -0.29181 -0.84612 -0.44601
vn -0.94996 0.24619 -0.19229
vn -0.84926 0.52647 0.0398
vn 0.2261 0.78482 -0.57701
vn 0.87224 0.35262 -0.33891
vn 0.61129 -0.0777 -0.78758
vn 0.26271 0.1228 -0.95703
vn 0.37771 -0.29571 -0.87743
vn 0.73711 -0.38 -0.55881
vn -0.147 -0.0161 0.98901
vn 0.92413 0.34481 0.1646
vn -0.40941 0.27751 0.86912
vn 0.69549 0.71809 -0.0253
vn 0.23941 -0.26081 -0.93523
vn -0.22999 -0.18799 -0.95486
vn -0.43312 -0.41572 -0.79974
vn -0.84591 -0.2915 0.44661
vn -0.81008 -0.1319 -0.57129
vn -0.53148 -0.38938 -0.75227
vn 0.79449 0.0411 0.60589
vn -0.83973 -0.23541 0.48932
vn -0.83956 -0.10529 0.53297
vn -0.1961 -0.5887 0.7842
vn -0.21251 0.0671 0.97485
vn -0.4104 0.1001 0.9064
vn -0.1131 0.43721 0.89222
vn -0.2522 0.4147 0.87431
vn -0.2908 0.4328 0.8533
vn -0.86211 0.2617 0.43391
vn -0.50679 0.62249 0.59639
vn -0.9486 0.1043 0.2988
vn -0.64718 0.56099 0.51619
vn -0.9511 -0.0956 0.2937
vn -0.83188 0.25189 0.49449
vn -0.81888 0.21449 0.53238
vn -0.92902 -0.23731 0.28391
vn -0.77101 0.2443 0.5881
vn -0.90898 -0.25389 0.33059
vn 0.0196 -0.52678 -0.84977
vn -0.29272 -0.32312 -0.89995
vn -0.0673 -0.2557 -0.96441
vn 0.0601 -0.87032 -0.48881
vn 0.02 -0.91206 -0.40958
vn 0.1017 -0.8692 -0.4839
vn 0.1123 -0.82152 -0.55901
vn -0.0499 -0.8666 -0.4965
vn -0.0803 -0.56201 -0.82322
vn -0.36599 -0.36259 -0.85708
vn -0.17391 0.0745 -0.98194
vn -0.17391 0.0744 -0.98195
vn 0.1186 -0.89419 -0.43169
vn 0.0608 -0.89725 -0.43732
vn -0.0472 -0.73381 -0.67771
vn -0.20869 -0.54396 -0.81274
vn -0.4865 -0.1242 -0.86481
vn -0.31169 0.17699 -0.93356
vn -0.80364 0.1042 -0.58593
vn -0.86688 -0.1645 -0.47059
vn -0.55339 -0.55689 -0.61939
vn -0.0739 -0.65511 -0.75191
vn 0.35551 0.92503 0.1339
vn 0.45032 0.88224 0.13731
vn 0.54021 0.82992 0.1393
vn 0.57309 0.53669 0.61929
vn 0.61431 0.5364 0.5787
vn 0.61437 0.53637 0.57867
vn 0.69549 0.48289 0.53209
vn 0.69539 -0.3255 0.64069
vn 0.7213 -0.6874 0.0849
vn 0.69595 -0.70815 0.11909
vn -0.36999 0.38679 0.84469
vn -0.83509 0.44789 -0.3194
vn -0.56719 -0.1152 0.81549
vn 0.3828 -0.5883 0.7123
vn -0.0271 -0.57541 0.81742
vn -0.8966 0.0444 -0.4406
vn -0.0125 0.1316 -0.99122
vn -0.1008 0.2033 -0.97391
vn -0.33369 0.76418 -0.55198
vn 0.88327 -0.44018 0.16149
vn 0.42679 -0.86118 -0.27609
vn -0.0457 0.17591 -0.98335
vn -0.47859 0.2425 -0.84389
vn -0.42149 -0.0625 -0.90468
vn -0.3391 -0.2968 -0.8927
vn -0.45379 -0.37299 -0.80929
vn -0.47482 -0.16931 -0.86364
vn -0.0923 -0.0327 -0.99519
vn -0.0834 -0.1948 -0.97729
vn 0.0768 -0.0291 -0.99662
vn 0.0004 -0.1136 -0.99353
vn 0.23389 -0.15479 -0.95986
vn 0.2667 -0.1432 -0.95308
vn 0.45321 -0.31731 -0.83302
vn 0.3864 -0.0278 -0.92191
vn 0.1628 0.1921 -0.96778
vn 0.24701 0.48201 -0.84062
vn 0.0678 0.51688 -0.85337
vn 0.0611 0.26229 -0.96305
vn 0.0257 0.49773 -0.86695
vn -0.0516 0.33101 -0.94222
vn -0.3754 0.3562 -0.85569
vn -0.118 0.56512 -0.81653
vn 0.30491 0.74942 -0.58771
vn 0.0498 0.63829 -0.76819
vn 0.0169 0.72798 -0.68539
vn 0.0815 0.97338 -0.2142
vn -0.1425 0.74452 -0.65222
vn 0.30371 0.95192 -0.0401
vn 0.12249 0.97386 0.19129
vn -0.0211 0.98852 0.1496
vn -0.0216 0.98719 -0.1581
vn -0.0904 0.95807 -0.27189
vn -0.30599 0.69907 -0.64627
vn -0.3559 0.5622 -0.7465
vn -0.29719 0.61959 -0.72649
vn -0.27202 0.81726 -0.50803
vn -0.21389 0.97657 -0.0236
vn -0.0345 0.99679 0.0723
vn 0.0493 0.99541 0.082
vn 0.92084 -0.35001 -0.17191
vn 0.98147 0.0349 0.18839
vn 0.89402 -0.38021 0.23701
vn 0.94538 0.28879 -0.1512
vn 0.82355 0.55303 0.12621
vn 0.77538 0.63149 0.002
vn 0.86231 0.50581 -0.024
vn 0.94537 0.32469 0.0293
vn 0.85314 0.51622 0.0753
vn 0.9273 0.2299 0.2954
vn 0.87879 -0.1671 0.447
vn 0.76946 -0.0234 0.63827
vn 0.74078 -0.46449 0.48529
vn 0.6923 0.1359 0.7087
vn 0.73789 0.30199 0.60359
vn 0.6207 0.3614 0.69579
vn 0.82849 -0.0027 0.55999
vn 0.83332 -0.1291 0.53751
vn 0.84387 -0.42299 0.33009
vn 0.87388 -0.34999 0.33739
vn -0.86318 -0.0105 0.50479
vn -0.95113 -0.0956 0.29361
vn -0.83206 -0.55267 -0.0472
vn -0.97911 -0.1975 0.0483
vn -0.98541 0.0561 0.1607
vn -0.94402 -0.30941 -0.1144
vn -0.99736 -0.0654 0.0315
vn -0.94824 0.29151 0.12591
vn -0.9542 0.1628 0.251
vn -0.9428 0.2214 0.2492
vn -0.7988 0.3121 0.5143
vn -0.71863 0.41682 0.55662
vn -0.72359 0.3534 0.59289
vn -0.55671 0.48321 0.67571
vn -0.90309 0.0964 0.41849
vn -0.95204 0.0515 0.30161
vn -0.93718 0.023 0.34809
vn -0.92728 0.22999 0.29539
vn -0.99175 0.12101 0.0424
vn -0.83507 0.44578 0.32239
vn -0.92133 -0.0245 0.38801
vn -0.8509 0.2159 0.4789
vn -0.88982 0.1326 0.43661
vn -0.86627 0.17429 0.46818
vn -0.91851 0.0493 0.39231
vn -0.2775 0.3078 0.91009
vn 0.037 0.66781 0.74341
vn -0.271 -0.0828 0.95901
vn -0.90835 0.13961 0.39422
vn -0.7929 -0.3871 0.4706
vn -0.86459 0.0281 0.50169
vn -0.93481 -0.1603 0.3169
vn -0.87887 -0.20829 0.42919
vn -0.86059 -0.2353 0.45169
vn -0.30859 0.62689 0.71539
vn -0.91843 0.1071 0.38081
vn -0.96236 -0.19779 0.18639
vn -0.91172 -0.35941 -0.199
vn -0.88327 -0.44018 0.16149
vn -0.76811 -0.49151 0.4104
vn -0.88177 -0.31319 0.35269
vn -0.83951 -0.52341 0.1458
vn -0.91642 -0.32631 -0.23171
vn -0.99949 0.0315 -0.0059
vn -0.7834 -0.5165 -0.3457
vn -0.68935 -0.66484 -0.28772
vn -0.9816 0.1419 0.1278
vn -0.96322 -0.2345 0.1312
vn -0.87538 0.31779 0.36429
vn -0.435 -0.7687 -0.4689
vn -0.564 -0.69689 -0.443
vn -0.91136 -0.39878 -0.102
vn -0.86207 0.26169 0.43399
vn -0.98147 0.0349 0.18839
vn -0.6819 0.6215 0.3857
vn -0.71747 0.62777 0.30189
vn -0.97247 -0.18649 0.1397
vn -0.66807 -0.73027 -0.14279
vn -0.84042 -0.54192 0.0037
vn -0.88854 -0.39732 0.22941
vn -0.72125 -0.68165 0.12311
vn -0.7213 -0.6816 0.1231
vn -0.91328 -0.21769 0.34429
vn -0.81884 0.21451 0.53243
vn -0.84863 -0.17751 0.49832
vn -0.77247 0.20319 0.60167
vn -0.94855 -0.0228 0.31582
vn -0.8073 -0.0439 -0.5885
vn -0.3716 -0.87679 -0.3052
vn -0.83178 -0.0808 -0.54919
vn -0.4214 0.89651 -0.1367
vn -0.90928 0.32529 0.25959
vn -0.1791 0.39301 0.90192
vn -0.70976 -0.69976 0.0811
vn -0.0806 -0.85568 0.51119
vn 0.091 -0.0449 0.99484
vn 0.1845 -0.70922 0.68042
vn 0.24021 -0.39161 0.88822
vn -0.1194 0.99284 -0.0046
vn -0.63801 0.63601 0.4341
vn -0.0738 0.96643 0.24611
vn -0.35891 0.90042 -0.24581
vn 0.0004 0.99826 -0.0589
vn -0.1172 0.84073 0.52862
vn 0.12711 0.58944 0.79775
vn 0.288 0.1117 0.95109
vn 0.0055 -0.4682 0.8836
vn -0.22501 -0.92483 0.30671
vn -0.336 0.1678 0.92679
vn -0.68431 -0.0901 0.72361
vn -0.0898 0.0866 0.99219
vn -0.0344 0.5706 0.8205
vn 0.0821 0.92249 0.3772
vn 0.31401 0.93224 0.17981
vn -0.36289 0.74117 0.56478
vn -0.45219 0.53229 0.71568
vn -0.78545 0.11241 0.60864
vn -0.8179 -0.1277 0.561
vn -0.9156 -0.139 0.3773
vn -0.86021 -0.50661 0.0582
vn -0.85376 -0.31702 0.41303
vn 0.59707 0.26039 0.75876
vn 0.307 0.64161 0.70291
vn 0.4448 0.6087 0.657
vn 0.73108 0.44069 0.52088
vn 0.88364 0.16841 0.43682
vn 0.7936 0.2602 0.55
vn 0.78545 0.11241 0.60864
vn 0.37951 0.72551 0.57411
vn 0.1194 0.99284 -0.0046
vn -0.31401 0.93224 0.17981
vn -0.0609 0.93375 0.35272
vn 0.1172 0.84073 0.52862
vn 0.0344 0.5706 0.8205
vn -0.1271 0.5895 0.7977
vn -0.288 0.1117 0.95109
vn 0.88257 -0.25129 0.39739
vn 0.86059 -0.2353 0.45169
vn 0.86318 -0.0106 0.50479
vn 0.65393 0.39342 0.64622
vn 0.70562 0.33721 0.62321
vn 0.9816 0.1419 0.1278
vn 0.85233 0.27001 0.44792
vn 0.96322 -0.2345 0.1312
vn 0.92133 -0.0246 0.38801
vn 0.4454 0.6505 0.6152
vn 0.0641 0.71123 0.70003
vn 0.87887 -0.20829 0.42919
vn 0.7929 -0.3871 0.4706
vn 0.90835 0.13961 0.39422
vn 0.4912 0.6253 0.6064
vn -0.3314 0.51569 0.79009
vn -0.20841 0.59953 0.77274
vn 0.0682 0.76323 0.64252
vn 0 0.62318 0.78208
vn -0.3426 0.4783 0.80861
vn 0 0.69668 0.71738
vn -0.1577 0.6894 0.707
vn -0.0742 0.60979 0.78908
vn 0.2908 0.4328 0.8533
vn 0.7008 0.4419 0.56
vn 0.81419 0.45249 0.36379
vn 0.5585 0.6437 0.5232
vn 0.77686 0.38628 0.49727
vn 0.87538 0.31779 0.36429
vn 0.94283 0.22131 0.24921
vn 0.4874 0.5621 0.6682
vn 0.19799 0.73068 0.65338
vn 0.96474 0.0252 0.26201
vn 0.77093 0.24451 0.58812
vn 0.1607 0.6734 0.7216
vn 0.89911 -0.1395 0.4149
vn 0.94007 -0.24429 0.23789
vn 0.69577 0.39259 0.60148
vn 0.6896 0.6778 0.255
vn 0.337 0.786 0.5183
vn 0.59711 0.2604 0.75871
vn 0.20469 0.33729 0.91888
vn 0.67779 0.31809 0.66289
vn 0.3262 0.6838 0.6527
vn 0.0435 0.7379 0.6735
vn -0.0067 0.74027 0.67227
vn 0.32181 0.72603 0.60772
vn -0.0413 0.75231 0.65751
vn 0 0.65394 0.75655
vn 0.31989 0.1286 0.93869
vn 0.47999 -0.32369 0.81538
vn 0.4036 0.2298 0.88561
vn 0.1028 -0.2259 0.96871
vn -0.0461 0.26941 0.96192
vn -0.0675 0.71389 0.69699
vn -0.3262 0.6838 0.6527
vn -0.67779 0.31809 0.66289
vn -0.62563 0.38672 0.67753
vn -0.89911 -0.1395 0.4149
vn -0.96474 0.0252 0.26201
vn -0.8784 0.4153 0.2365
vn -0.0703 0.354 0.9326
vn 0 0.38468 0.92305
vn 0.1181 0.2577 0.95898
vn 0.1382 0.50869 0.84979
vn 0.4734 0.3217 0.82
vn 0.74081 -0.46451 0.48521
vn 0.94919 -0.2788 0.146
vn 0.7666 0.6411 0.0361
vn 0.8898 0.0848 0.4484
vn 0.55671 0.48321 0.67571
vn 0.13131 0.78453 0.60603
vn 0.72129 0.62799 -0.29219
vn 0.92786 0.37038 0.0435
vn 0.37741 0.76523 0.52152
vn 0.59649 0.32789 0.73259
vn 0.0676 0.87813 0.47362
vn 0.45098 0.71547 0.53358
vn 0.33539 0.90337 -0.26729
vn 0.4214 0.89651 -0.1367
vn 0.8073 -0.0439 -0.5885
vn 0.59411 -0.75732 -0.27111
vn 0.0738 0.9664 0.2462
vn 0.1791 0.39309 0.90189
vn -0.091 -0.0449 0.99484
vn 0.0806 -0.85568 0.51119
vn -0.1845 -0.70922 0.68042
vn 0.22501 -0.92483 0.30671
vn -0.24021 -0.39161 0.88822
vn 0.68431 -0.0901 0.72361
vn 0.68753 -0.69353 0.21521
vn 0.81395 -0.42188 0.39938
vn 0.67041 -0.74011 -0.0527
vn 0.78901 -0.5276 0.3148
vn 0.89613 -0.33341 0.29291
vn 0.91148 -0.30919 0.27129
vn 0.66359 0.71419 0.2227
vn 0.60169 0.79678 0.0558
vn 0.89464 0.44512 -0.0386
vn 0.81218 0.57649 -0.0896
vn 0.54801 0.1724 0.81851
vn 0.1746 0.54989 0.81678
vn 0.45219 0.53229 0.71568
vn -0.30489 0.66468 0.68208
vn 0.0898 0.0866 0.99219
vn 0.336 0.1678 0.92679
vn -0.2076 0.3571 0.9107
vn 0.38708 0.49238 0.77957
vn 0.7404 -0.1198 0.6614
vn 0.7118 0.2523 0.6555
vn 0.4375 -0.3294 0.83671
vn 0.50961 -0.77521 0.3733
vn 0.2336 -0.6625 0.7117
vn 0.5411 -0.6631 0.5172
vn -0.58899 -0.2129 0.77959
vn -0.41851 0.36821 0.83022
vn -0.24701 0.96523 -0.0855
vn -0.34792 -0.49603 0.79555
vn 0.1419 -0.94739 -0.2869
vn -0.94968 0.30069 0.0877
vn -0.61212 0.72183 -0.32291
vn 0.34221 0.2149 -0.91472
vn 0.7502 -0.0026 -0.6612
vn 0.65566 -0.15559 -0.73885
vn 0.56944 -0.36482 -0.73665
vn 0.70543 -0.21801 -0.67442
vn 0.1974 -0.0328 -0.97978
vn -0.91789 0.0958 -0.3851
vn 0.73531 0.066 -0.67451
vn 0.13909 0.50998 -0.84887
vn 0.24109 0.58208 -0.77657
vn 0.65569 0.2339 -0.71789
vn 0.41462 0.85954 0.29881
vn -0.58658 0.80367 0.1002
vn -0.86808 0.38789 -0.30979
vn 0.70117 -0.45878 0.54578
vn 0.54167 -0.74756 0.38438
vn -0.37821 -0.91173 -0.16031
vn -0.67968 0.28759 -0.67478
vn -0.0342 0.46601 -0.88412
vn -0.57 -0.588 0.5739
vn -0.81658 -0.1888 0.54549
vn -0.31089 0.0228 0.95017
vn 0.45359 -0.43919 0.77548
vn 0.73578 -0.24569 0.63108
vn 0.48862 -0.86393 0.122
vn 0.0026 -0.88083 0.47342
vn -0.7091 -0.1322 0.6926
vn -0.81218 0.57649 -0.0896
vn -0.68871 -0.39001 0.61121
vn -0.95837 0.26319 -0.1107
vn -0.14179 0.49567 -0.85686
vn -0.92648 -0.27229 0.25979
vn -0.20231 0.45112 -0.86923
vn -0.48799 -0.85999 -0.1493
vn 0.3091 0.46909 -0.82729
vn 0.49999 0.289 -0.81639
vn 0.53169 0.1855 -0.82638
vn 0.37989 -0.91947 0.1013
vn 0.1422 -0.88948 0.43429
vn 0.34781 -0.89543 0.27791
vn 0.1189 0.60251 -0.78921
vn -0.49322 0.84663 0.19991
vn -0.34179 -0.0277 0.93937
vn -0.125 -0.76729 0.629
vn 0.0202 -0.81372 0.58091
vn 0.40682 -0.78023 0.47512
vn 0.1699 -0.76532 0.62082
vn 0.54057 -0.71436 0.44438
vn 0.38052 0.71383 -0.58792
vn 0.39148 0.28889 -0.87366
vn 0.89464 0.44512 -0.0387
vn 0.118 -0.0248 -0.9927
vn -0.13931 -0.92504 -0.35341
vn -0.93151 0.119 -0.3437
vn -0.38511 -0.49651 0.77792
vn 0.5406 -0.71439 0.4443
vn 0.2763 -0.68521 0.67391
vn 0.57968 -0.76487 0.28099
vn 0.52048 -0.22869 0.82268
vn 0.38788 0.89455 0.22209
vn -0.2701 0.2676 0.9249
vn -0.62608 -0.1327 0.76838
vn -0.95946 0.27589 0.0576
vn 0.37309 0.26219 -0.88998
vn -0.66987 0.73307 -0.1178
vn 0.7041 -0.0169 -0.7099
vn 0.4826 0.074 -0.87271
vn 0.56168 0.0713 -0.82427
vn 0.2422 0.5527 -0.79741
vn -0.35481 0.20571 0.91203
vn 0.0665 -0.75344 0.65414
vn 0.38292 -0.17601 0.90686
vn -0.80249 -0.0145 0.59649
vn -0.54051 -0.4193 0.72941
vn -0.87942 0.46161 -0.1163
vn 0.15051 0.26391 -0.95273
vn 0.0336 0.44588 -0.89446
vn -0.53092 0.84434 -0.0722
vn 0.16939 0.78997 0.58928
vn 0.5957 0.0914 0.79799
vn 0.54061 -0.71431 0.44441
vn 0.4248 -0.81291 0.3984
vn 0.49609 -0.67439 0.54689
vn -0.7097 -0.6998 0.0812
vn 0.67909 -0.40729 -0.61069
vn 0.5754 0.219 -0.788
vn 0.1042 0.2152 -0.971
vn 0.66651 -0.1004 -0.73871
vn -0.27181 0.1351 -0.95282
vn -0.78351 -0.5164 -0.3456
vn -0.16809 -0.31299 0.93476
vn -0.1404 -0.47021 0.87132
vn -0.70493 0.0187 0.70903
vn -0.48091 0.86912 -0.1156
vn -0.82237 0.48048 -0.30469
vn -0.288 0.1116 0.9511
vn 0.0674 -0.1999 0.9775
vn 0.0289 0.82629 0.5625
vn 0.90171 0.3704 -0.223
vn 0.82916 0.0458 -0.55714
vn -0.0557 0.97836 -0.19929
vn 0.26359 0.0451 -0.96358
vn 0.60302 -0.39961 -0.69042
vn -0.84902 0.52661 -0.043
vn -0.318 -0.2771 0.90669
vn -0.0885 -0.1407 0.98609
vn -0.98341 0.149 -0.1035
vn -0.0942 0.0087 -0.99552
vn -0.22649 -0.95578 -0.1876
vn 0.48009 -0.65288 0.58588
vn 0.66247 -0.42438 0.61727
vn -0.0461 0.26931 0.96195
vn 0.55951 0.52381 -0.64231
vn 0.66319 0.3168 -0.67809
vn 0.2335 0.1749 0.9565
vn 0.3872 0.5007 -0.7742
vn -0.6556 0.75509 -0.0052
vn -0.718 -0.3848 0.58
vn -0.24339 -0.85257 0.46248
vn -0.85432 -0.1257 -0.50431
vn 0.5922 0.0948 -0.8002
vn 0.2335 0.1748 0.95651
vn -0.0544 -0.7462 0.6635
vn 0.1479 -0.95043 0.27351
vn -0.1068 -0.89509 0.4329
vn 0.45061 -0.89272 0.0024
vn 0.564 -0.69689 -0.443
vn 0.3795 -0.92511 -0.0122
vn 0.66772 -0.74442 0.0003
vn 0.65841 -0.2014 -0.72521
vn 0.27691 0.73562 -0.61821
vn -0.0493 0.73369 -0.67769
vn -0.3823 0.8919 0.2416
vn -0.83569 0.52329 0.1667
vn -0.71617 -0.17519 0.67558
vn -0.24891 -0.17251 0.95304
vn -0.2598 -0.72709 0.63549
vn -0.57561 -0.49271 0.65261
vn -0.6224 -0.7212 -0.3041
vn -0.90762 0.39381 -0.1454
vn -0.083 0.55751 -0.82601
vn 0.0524 -0.44251 0.89523
vn 0.2584 0.60889 0.74999
vn 0.72947 0.43389 -0.52878
vn 0.3517 0.9312 0.0958
vn 0.39749 0.91068 0.1125
vn 0.47971 0.87112 0.105
vn 0.53993 -0.43772 -0.71894
vn 0.54 -0.4377 -0.7189
vn 0.30238 -0.17729 -0.93655
vn 0.017 0.0977 0.99507
vn -0.8082 0.5358 0.2444
vn -0.1264 -0.1795 0.9756
vn -0.0246 0.0931 -0.99535
vn 0.61868 -0.35909 -0.69878
vn 0.4494 -0.5804 0.6791
vn 0.46711 -0.60861 0.64141
vn -0.19591 -0.97053 -0.1403
vn -0.92883 0.23961 -0.28261
vn 0.0722 -0.1047 -0.99188
vn 0.8214 0.0955 0.5623
vn 0.8078 0.2204 0.5467
vn 0.0521 0.91972 -0.38911
vn 0.44742 -0.38912 -0.80524
vn 0.23061 -0.95485 0.18731
vn -0.20521 -0.46343 -0.86205
vn -0.85898 0.40909 0.30789
vn 0.1188 0.0354 0.99229
vn -0.15661 -0.0291 -0.98723
vn -0.40561 -0.3143 -0.85831
vn -0.88367 0.16839 0.43678
vn -0.98881 -0.1408 0.0493
vn 0.15571 -0.122 0.98024
vn -0.23979 0.1359 0.96127
vn 0.69198 -0.27889 0.66588
vn 0.84419 -0.48319 0.2321
vn 0 0.55611 0.83111
vn 0.0725 0.98835 -0.13379
vn 0.897 0.4042 0.1789
vn 0.65298 0.75717 0.0176
vn -0.0373 0.2796 -0.95939
vn 0.3608 -0.40021 -0.84241
vn 0.3787 -0.5572 -0.739
vn -0.1926 -0.36511 -0.91082
vn 0.31169 -0.94826 -0.0604
vn -0.3423 0.2149 -0.91469
vn 0.61212 0.72183 -0.32291
vn 0.24689 0.96526 -0.0855
vn -0.42948 0.40139 -0.80897
vn -0.7502 -0.0027 -0.6612
vn -0.6575 -0.128 -0.7425
vn -0.56939 -0.3648 -0.73669
vn -0.74132 -0.1195 0.66042
vn -0.38701 0.49251 0.77952
vn -0.70957 0.25629 0.65637
vn -0.70543 -0.21801 -0.67442
vn -0.1974 -0.0327 -0.97978
vn -0.1418 -0.94738 -0.28699
vn 0.34789 -0.49599 0.79559
vn -0.5411 -0.6631 0.5172
vn -0.2342 -0.64829 0.72448
vn -0.50961 -0.77521 0.3733
vn -0.43761 -0.32921 0.83673
vn 0.4023 0.3573 0.8429
vn 0.94971 0.3006 0.0877
vn 0.58899 -0.2129 0.77959
vn 0.52781 -0.83972 -0.1276
vn -0.0358 -0.79958 0.59949
vn -0.43488 -0.76397 0.47668
vn -0.36369 -0.89718 0.25059
vn 0.98866 -0.039 0.14499
vn -0.0341 0.46601 -0.88412
vn 0.80453 0.57502 -0.14861
vn 0.4889 0.8387 0.2399
vn 0.78943 -0.14521 0.59642
vn 0.40422 -0.1296 0.90543
vn -0.34008 0.70286 -0.62477
vn -0.52142 0.22041 -0.82434
vn -0.49771 0.3059 -0.81161
vn 0.20899 -0.78268 0.58629
vn -0.21029 -0.72208 0.65908
vn -0.52691 -0.83632 0.1514
vn -0.3666 -0.5324 0.76299
vn -0.36511 0.28141 -0.88742
vn -0.73521 0.65621 -0.1699
vn -0.79322 0.51851 -0.31931
vn -0.54028 0.82986 0.13939
vn -0.45032 0.88223 0.13741
vn -0.35539 0.92507 0.13399
vn -0.68963 0.67773 0.25511
vn -0.7494 0.6413 0.1647
vn -0.79789 0.59729 0.0814
vn -0.61642 0.65002 -0.44441
vn -0.72129 0.62799 -0.29219
vn 0.0228 -0.26001 0.96534
vn 0.15321 -0.20051 0.96764
vn 0.3939 0.9043 0.1646
vn -0.41188 0.26828 -0.87085
vn -0.0802 -0.0661 -0.99458
vn 0.92932 0.0251 -0.36841
vn 0.33321 -0.33081 0.88292
vn -0.79319 0.51849 -0.3194
vn -0.75241 0.0863 -0.65301
vn -0.69135 -0.30098 -0.65685
vn -0.16721 -0.17061 -0.97105
vn -0.0853 -0.97941 -0.183
vn -0.5074 -0.5232 0.6847
vn -0.32909 -0.55638 0.76298
vn -0.55762 0.20441 -0.80453
vn -0.34789 0.67079 -0.65499
vn -0.69132 0.1206 -0.71242
vn -0.13 0.61261 -0.77962
vn -0.14169 0.49568 -0.85687
vn 0.55319 0.82618 0.1068
vn -0.1142 0.62202 0.77463
vn 0.3654 -0.0463 0.9297
vn -0.57988 -0.76368 0.28379
vn 0.81662 -0.18881 0.54542
vn 0.86238 0.50569 -0.024
vn 0.86819 0.3878 -0.3096
vn 0.39781 -0.90212 -0.1671
vn 0.18449 -0.70927 0.68037
vn 0.5699 -0.588 0.574
vn -0.54162 -0.74753 0.38451
vn -0.70121 -0.45881 0.54571
vn -0.43541 -0.88402 0.1701
vn 0.94352 0.26951 0.1927
vn 0.12451 -0.45422 0.88214
vn -0.0696 0.15631 0.98525
vn -0.14189 -0.94737 -0.28699
vn -0.81257 0.29639 -0.50188
vn -0.71381 0.018 -0.70011
vn -0.56944 -0.36482 -0.73665
vn -0.4714 -0.6866 0.5535
vn -0.48003 -0.32372 0.81534
vn -0.17879 0.55436 0.81285
vn -0.56721 0.74261 0.3561
vn 0.70819 0.1265 -0.69459
vn 0.88618 0.31769 -0.33729
vn 0.18509 -0.48169 0.85657
vn 0.8578 0.4999 -0.1195
vn -0.1009 0.3198 -0.9421
vn 0.0367 0.23059 -0.97236
vn -0.47997 -0.32378 0.81535
vn -0.4246 -0.68329 0.59399
vn 0.58979 -0.43279 0.68179
vn -0.22761 0.78185 0.58044
vn 0.53092 0.84434 -0.0722
vn -0.19759 0.54908 -0.81207
vn -0.37448 -0.35168 0.85795
vn 0.0286 -0.73239 0.68029
vn 0.35481 0.20571 0.91203
vn 0.8 -0.0015 0.6
vn -0.6666 -0.2881 0.6875
vn -0.42153 -0.83886 0.34442
vn -0.65723 -0.46552 -0.59273
vn -0.60831 -0.78522 0.1157
vn -0.6838 -0.3462 -0.6423
vn -0.19199 0.29449 -0.93617
vn -0.69287 -0.39218 -0.60508
vn -0.46459 -0.016 -0.88538
vn 0.42469 0.90378 -0.0532
vn 0.75907 0.64008 -0.1188
vn 0.69225 0.13591 0.70875
vn 0.21261 0.0672 0.97482
vn -0.1601 0.0685 0.98472
vn 0.0499 -0.53742 0.84184
vn 0.59159 -0.1664 0.78888
vn 0.1328 0.1246 -0.98328
vn -0.0371 0.0154 -0.99919
vn -0.60039 0.0339 -0.79899
vn 0.7834 -0.5165 -0.3457
vn 0.14789 -0.28229 0.94786
vn 0.149 -0.3904 0.90851
vn -0.53108 -0.0381 -0.84647
vn 0.49816 0.79154 -0.35397
vn -0.0558 -0.0392 -0.99767
vn -0.458 0.88761 0.0488
vn -0.78115 -0.39412 -0.48423
vn -0.67008 -0.58958 -0.45099
vn -0.85005 -0.37558 -0.36928
vn -0.3079 -0.1903 -0.93219
vn 0.146 -0.74299 -0.65319
vn 0.9471 0.0827 -0.3101
vn 0.52053 -0.22871 0.82264
vn 0.93611 0.334 0.1102
vn 0.42448 -0.22719 0.87647
vn -0.1978 -0.4769 0.85641
vn 0.2361 0.35841 0.90322
vn -0.26221 0.0862 0.96115
vn -0.75824 0.54763 0.35382
vn -0.7302 0.5539 0.4
vn -0.73001 0.55401 0.4002
vn -0.70692 0.53761 0.45961
vn -0.75049 0.57079 -0.3331
vn -0.85295 0.49583 -0.16321
vn -0.92773 0.37321 -0.0054
vn -0.46652 0.1117 -0.87743
vn 0.63054 0.77055 -0.09311
vn 0.0563 0.0103 -0.99836
vn 0.92805 0.21771 -0.30221
vn -0.0535 -0.1185 -0.99151
vn -0.4765 -0.2403 0.8457
vn -0.44921 -0.64491 0.61831
vn -0.1181 0.2577 0.95898
vn -0.2296 0.62521 0.74592
vn -0.16521 0.98334 -0.0758
vn 0.18779 -0.33319 0.92397
vn 0.36741 -0.2768 0.88791
vn 0.22649 -0.95578 -0.1876
vn -0.62032 -0.37951 -0.68642
vn -0.54251 -0.51391 -0.66451
vn -0.70998 -0.1167 -0.69448
vn -0.81116 0.19549 -0.55118
vn -0.79839 -0.51959 -0.3043
vn -0.3024 0.452 -0.8392
vn 0.1446 0.93277 -0.33019
vn -0.2372 0.57921 -0.77991
vn -0.63378 0.107 -0.76608
vn -0.056 0.62229 -0.78078
vn -0.61721 0.29021 -0.73132
vn 0.86499 -0.466 -0.1861
vn 0.70984 0.68594 0.16001
vn 0.68729 0.0731 0.72269
vn 0.96344 0.26711 -0.021
vn 0.70001 0.69911 -0.1457
vn 0.53208 -0.1404 0.83497
vn 0.1038 -0.8366 0.5379
vn 0.39711 -0.61612 0.68022
vn -0.29011 -0.94852 0.1271
vn -0.2184 -0.94739 0.234
vn -0.028 -0.8945 0.4462
vn 0.64209 -0.73739 -0.2097
vn -0.59891 -0.79852 0.0606
vn -0.75543 -0.31991 -0.57182
vn 0.29201 -0.70691 0.64421
vn 0.67036 -0.37008 0.64316
vn 0.66958 -0.26069 0.69548
vn 0.21881 -0.80262 0.55491
vn 0.3015 -0.101 0.9481
vn -0.16911 -0.50273 0.84774
vn -0.44918 -0.64487 0.61837
vn -0.3296 0.4312 0.8399
vn 0.35582 0.90494 0.23341
vn 0.78827 0.59808 0.14469
vn -0.0218 0.56482 -0.82493
vn -0.65711 -0.2304 -0.71772
vn -0.44782 -0.88633 -0.1178
vn -0.52439 -0.67809 -0.51499
vn -0.2505 0.74279 -0.62089
vn -0.76582 0.63721 -0.0865
vn -0.46951 0.84822 -0.24511
vn -0.72773 0.41321 -0.54742
vn -0.63803 0.46012 -0.61743
vn -0.50153 0.47943 -0.72015
vn -0.27981 0.92183 -0.26821
vn 0.0004 0.99826 -0.059
vn -0.35931 0.92974 -0.0805
vn -0.65234 0.75414 0.0757
vn -0.66359 0.71419 0.2227
vn -0.6748 0.7152 0.182
vn -0.71578 0.65888 -0.23139
vn 0.36181 0.1732 -0.91602
vn 0.40069 -0.47449 -0.78378
vn -0.14921 -0.29671 -0.94324
vn 0.1244 -0.63741 -0.76041
vn 0.13509 -0.55418 -0.82136
vn -0.2259 -0.0852 -0.97042
vn 0.55918 -0.63018 -0.53869
vn 0.0673 -0.2557 -0.96441
vn -0.42268 0.20689 -0.88235
vn -0.49201 0.72471 0.48241
vn -0.60488 0.72968 0.31889
vn -0.44321 0.75542 0.48261
vn -0.66287 0.73487 0.14339
vn -0.1923 0.5178 -0.83361
vn -0.0106 0.84421 0.53591
vn -0.74847 0.36319 0.55488
vn -0.78029 0.4333 0.451
vn -0.0593 0.86172 0.50391
vn 0.6634 0.5565 0.5002
vn 0.16541 0.31772 0.93365
vn 0.52968 -0.60638 0.59308
vn 0.39789 -0.90209 -0.1671
vn 0.568 -0.7836 -0.2517
vn 0.7234 -0.6758 -0.1414
vn 0.92872 -0.36951 -0.0306
vn 0.52128 0.67498 0.52218
vn -0.0469 0.7832 0.62
vn -0.71769 0.48849 0.49629
vn -0.5964 -0.7547 -0.2734
vn -0.6928 -0.6943 -0.1949
vn -0.68388 -0.72668 -0.0652
vn 0.0508 -0.99763 0.0463
vn -0.34139 -0.93738 -0.0691
vn -0.20871 -0.88133 -0.42391
vn 0.18519 -0.48168 0.85656
vn 0.1644 -0.8646 -0.4748
vn 0.154 -0.84091 -0.5188
vn 0.1017 -0.86924 -0.48382
vn -0.1779 -0.86709 -0.4653
vn -0.17769 -0.86715 -0.46527
vn -0.71337 -0.66877 -0.20939
vn -0.21931 -0.84564 -0.48662
vn -0.92441 -0.3786 -0.0461
vn -0.88947 -0.45668 -0.0169
vn -0.30369 -0.79476 -0.52548
vn -0.9467 -0.3209 -0.0281
vn -0.28811 -0.81882 -0.49651
vn -0.93859 -0.3376 -0.0713
vn -0.29189 -0.84606 -0.44608
vn -0.89795 -0.41208 -0.15449
vn -0.1092 -0.91517 -0.38799
vn -0.97899 -0.1366 -0.1514
vn -0.53602 -0.43662 -0.72253
vn -0.45061 0.83922 -0.30441
vn -0.14079 0.0367 -0.98936
vn -0.0324 0.91453 -0.40321
vn -0.0516 0.87922 0.47361
vn 0.42611 0.84012 0.33561
vn -0.0433 0.97951 0.1967
vn 0.99962 0.0199 -0.0193
vn 0.50531 -0.43081 -0.74771
vn 0.45658 0.68857 0.56338
vn -0.034 0.82018 0.57109
vn 0.3924 0.67419 0.62569
vn 0.40312 0.79753 0.44882
vn -0.0665 0.89957 0.43169
vn 0.41721 0.82332 0.38481
vn 0.93172 -0.34831 -0.1029
vn 0.1265 -0.9199 -0.3712
vn -0.53562 0.78403 0.31371
vn 0.2948 -0.8109 -0.5055
vn 0.31121 -0.85562 -0.41361
vn 0.95347 -0.27249 -0.129
vn 0.22489 -0.86858 -0.44159
vn 0.96157 -0.26959 -0.0519
vn 0.30419 -0.74618 -0.59218
vn 0.90317 -0.40068 -0.15409
vn 0.2037 -0.8351 -0.511
vn -0.63969 0.69779 0.3223
vn -0.61238 0.69758 0.37199
vn -0.43903 0.72504 0.53063
vn -0.48359 0.59989 0.63739
vn -0.48362 0.59983 0.63743
vn 0.71008 0.49558 0.50018
vn 0.55847 0.64357 0.52338
vn -0.97201 0.0032 0.2349
vn 0.81459 -0.53149 -0.2323
vn -0.51429 0.81128 -0.27809
vn -0.92624 0.16789 -0.33748
vn -0.77751 -0.0566 -0.62631
vn -0.96474 0.0251 0.26201
vn -0.83519 0.1549 -0.52769
vn -0.94588 0.32009 -0.0534
vn -0.94007 -0.24429 0.23789
vn -0.73641 0.1089 0.66771
vn -0.89922 -0.0264 0.43671
vn -0.99645 0.0064 -0.0839
vn -0.76686 0.64157 -0.0179
vn -0.94489 0.3261 0.0289
vn -0.7418 0.1638 0.6503
vn -0.75958 -0.0869 0.64458
vn -0.8121 -0.3937 0.4307
vn -0.84143 -0.40492 0.35781
vn -0.78468 -0.49649 0.37119
vn -0.76571 -0.56261 0.3117
vn -0.71411 -0.56741 0.41
vn -0.7507 -0.4463 0.4871
vn -0.70962 0.25631 0.65632
vn -0.54114 0.45773 0.70545
vn -0.27909 0.61128 0.74057
vn -0.21411 0.48052 0.85044
vn -0.83938 -0.50629 0.19779
vn -0.65644 -0.74824 0.09601
vn -0.58951 -0.77762 0.2186
vn -0.73368 -0.65528 0.17979
vn -0.6246 -0.7544 0.2019
vn -0.81728 -0.56489 0.1138
vn -0.8064 -0.5543 -0.2061
vn -0.93061 0.0598 0.3611
vn -0.73891 0.58341 0.33711
vn -0.60169 0.79678 0.0558
vn -0.3456 0.1698 -0.92289
vn 0.0722 -0.1048 -0.99187
vn 0.72951 0.43391 -0.52871
vn 0.1626 -0.30081 -0.93972
vn 0.22751 -0.0906 -0.96955
vn 0.63566 0.46107 -0.61916
vn 0.46869 0.84848 -0.24579
vn 0.76692 0.63782 -0.0709
vn 0.73907 0.63867 -0.21419
vn -0.3651 0.2815 -0.88739
vn -0.62471 0.1437 -0.76752
vn -0.5522 0.0707 -0.83071
vn -0.6502 -0.1995 -0.7331
vn -0.3762 -0.49771 -0.78151
vn -0.11959 -0.56547 -0.81605
vn 0.49858 0.48008 -0.72177
vn 0.41502 0.17741 -0.89235
vn -0.53001 -0.65191 -0.54231
vn 0.279 0.92181 -0.2691
vn 0.0416 0.98453 -0.17021
vn 0.3594 0.9297 -0.0806
vn 0.65311 0.75291 0.0811
vn 0.68172 0.72372 0.1072
vn 0.63461 0.71832 0.28511
vn 0.48252 0.73673 0.47372
vn 0.4495 0.74279 0.4962
vn -0.75568 0.43839 0.48659
vn -0.55699 0.78768 0.26329
vn -0.40289 0.82087 0.40479
vn -0.1276 0.89591 0.42551
vn 0.0289 0.82634 0.56243
vn 0.0747 0.89439 0.441
vn 0 0.7842 0.6205
vn -0.0597 0.91816 0.39168
vn 0.064 0.71124 0.70003
vn -0.30248 0.76826 0.56417
vn -0.301 0.8462 0.4397
vn 0.0742 0.60979 0.78908
vn -0.1382 0.50869 0.84979
vn -0.37829 0.69968 0.60609
vn -0.50682 0.62242 0.59642
vn -0.28868 0.91315 0.28778
vn -0.59847 0.78357 0.16689
vn -0.35668 0.44458 0.82166
vn -0.5276 0.3562 0.7712
vn -0.3567 0.4445 0.8217
vn 0.0642 0.71128 0.69998
vn -0.67548 0.36329 0.64168
vn -0.99622 0.0743 -0.0449
vn -0.8826 -0.2512 0.3974
vn -0.76468 0.0683 0.64078
vn -0.70691 0.53771 0.45951
vn -0.85008 -0.37549 -0.36929
vn -0.94778 -0.1246 -0.29359
vn -0.89464 0.44512 -0.0386
vn -0.81219 0.57649 -0.0895
vn -0.9471 0.0827 -0.3101
vn -0.56434 0.39603 0.72435
vn -0.52141 0.67261 0.52511
vn -0.63801 0.3476 0.68711
vn -0.47328 0.32169 0.82007
vn -0.85313 0.51622 0.0754
vn -0.82202 0.55231 0.1387
vn -0.94538 0.28879 -0.1512
vn -0.88128 -0.0505 0.46989
vn -0.81411 0.3552 0.45941
vn -0.94278 0.2215 0.2492
vn -0.87881 -0.167 0.447
vn -0.91148 -0.30919 0.27129
vn -0.89613 -0.33341 0.29291
vn -0.71239 -0.0235 0.70139
vn -0.82849 -0.0026 0.55999
vn -0.7414 0.2969 0.6018
vn -0.76946 -0.0234 0.63827
vn -0.78901 -0.5276 0.3148
vn -0.1788 0.55429 0.81289
vn -0.7116 0.1126 0.6935
vn -0.56052 0.17731 0.80893
vn -0.42129 -0.90687 0.0103
vn -0.4996 -0.8662 -0.0097
vn -0.81395 -0.42188 0.39938
vn -0.94919 -0.2788 0.146
vn -0.69161 -0.69601 0.193
vn -0.40369 0.22979 0.88557
vn -0.4733 0.3216 0.8201
vn -0.49708 0.1296 0.85797
vn -0.4583 0.0831 0.8849
vn -0.48001 -0.32381 0.81532
vn -0.31989 0.1286 0.93869
vn -0.65293 -0.48662 0.58042
vn -0.597 0.2604 0.7588
vn -0.1028 -0.2259 0.96871
vn 0.0703 0.354 0.9326
vn 0 0.55622 0.83103
vn 0 0.65389 0.75659
vn 0 0.78429 0.62039
vn -0.099 0.78282 0.61432
vn 0.046 0.26931 0.96195
vn 0.76121 -0.488 0.4271
vn 0.3716 -0.87679 -0.3052
vn 0.83175 -0.08081 -0.54923
vn 0.90928 0.32529 0.25959
vn -0.0305 0.71651 0.69691
vn 0.37829 0.69968 0.60609
vn 0.2999 0.7762 0.5546
vn -0.034 0.82015 0.57114
vn 0.49131 0.62541 0.60621
vn 0.301 0.8462 0.4397
vn 0.70691 0.53771 0.45951
vn 0.94778 -0.1246 -0.29359
vn 0.76468 0.0683 0.64078
vn 0.3899 0.4475 0.80481
vn 0.28419 0.91997 0.26999
vn 0.47652 0.79493 0.37552
vn 0.2124 0.89321 0.39631
vn 0.6452 0.7514 0.1383
vn 0.72601 0.64651 0.2344
vn 0.45639 0.75428 -0.47199
vn 0.83085 0.28642 -0.47713
vn 0.7709 -0.1004 -0.629
vn 0.6665 0.5695 -0.4811
vn 0.95852 -0.0024 0.28501
vn 0.95689 -0.2904 -0.0049
vn 0.82629 0.1379 -0.5461
vn 0.89628 -0.2619 0.35789
vn 0.74361 0.0945 0.66191
vn 0.87528 -0.0359 0.48229
vn 0.99827 0.0032 -0.0587
vn 0.72059 0.1728 0.67149
vn 0.7069 -0.0034 0.7073
vn 0.81392 -0.42181 0.39951
vn 0.85112 -0.37221 0.37021
vn 0.79239 -0.47129 0.3873
vn 0.78898 -0.52759 0.31489
vn 0.72267 -0.52958 0.44418
vn 0.73319 -0.44199 0.51679
vn 0.75986 -0.57777 0.29798
vn 0.8839 -0.311 0.3493
vn 0.84052 -0.50501 0.1962
vn 0.6607 -0.7443 0.0974
vn 0.59009 -0.77749 0.2175
vn 0.73278 -0.65658 0.1787
vn 0.82247 -0.55298 0.13329
vn 0.83012 -0.53901 -0.1427
vn 0.93244 0.0557 0.35701
vn 0.73997 0.58127 0.33848
vn 0.95921 0.2613 -0.1079
vn 0.85092 -0.37561 -0.36721
vn 0.62403 -0.75534 0.20011
vn 0.80758 -0.0884 0.58309
vn 0.77939 -0.095 0.61929
vn 0.56843 0.36582 0.73693
vn 0.89581 0.0052 0.44441
vn 0.99622 0.0743 -0.045
vn 0.67567 0.36329 0.64147
vn 0.71158 0.25219 0.65578
vn 0.54336 0.45507 0.70545
vn 0.32949 0.59599 0.73228
vn 0.17939 0.51178 0.84017
vn -0.08741 0.69194 0.71664
vn 0.17449 0.54997 0.81675
vn 0.35701 0.44441 0.82161
vn 0.5276 0.3562 0.7712
vn -0.7182 -0.5407 0.438
vn -0.90628 0.029 0.42169
vn -0.46892 -0.83134 0.29831
vn 0.59458 -0.63748 -0.48999
vn 0.5508 -0.74121 -0.3837
vn -0.70971 -0.69981 0.0811
vn -0.78367 -0.62048 -0.0295
vn 0.60899 0.0013 -0.79318
vn -0.76198 -0.60599 0.22839
vn -0.92096 0.20479 0.33149
vn -0.5715 -0.7432 -0.3479
vn -0.76629 0.3739 0.52249
vn -0.1565 -0.98692 0.0388
vn -0.46548 -0.69208 -0.55168
vn 0.84204 -0.20061 -0.50072
vn 0.49 -0.0815 0.8679
vn -0.0359 0.2201 0.97482
vn -0.1811 0.6473 0.7404
vn -0.1659 0.79478 0.58378
vn 0.23661 0.90092 0.36381
vn 0.19471 0.98083 0.0076
vn -0.1092 0.96461 0.24
vn 0.21229 0.97567 -0.0548
vn 0.21229 0.97566 -0.0549
vn -0.0799 0.98782 0.1335
vn 0.29271 0.93033 -0.22091
vn 0.0031 0.99834 0.0575
vn 0.078 0.97988 0.1837
vn 0.78702 0.57921 -0.2124
vn 0.80957 -0.17709 -0.55968
vn 0.86684 -0.16461 -0.47062
vn 0.96662 -0.0619 -0.24861
vn 0.2021 -0.7289 0.6541
vn 0.062 -0.58579 0.80809
vn 0.1264 -0.70582 0.69702
vn 0.1961 -0.5887 0.7842
vn 0.1045 -0.5911 0.7998
vn 0.18691 -0.37321 0.90872
vn 0.1852 -0.4816 0.8566
vn 0.34711 -0.0031 0.93782
vn 0.2928 -0.0118 0.9561
vn 0.271 -0.0828 0.95901
vn 0.27359 0.15569 0.94916
vn 0.54388 -0.38628 0.74497
vn 0.39708 -0.61608 0.68027
vn 0.38278 -0.58836 0.71226
vn 0.42008 -0.79716 0.43368
vn 0.0106 -0.67841 0.73461
vn 0.50959 -0.77518 0.37339
vn 0.21311 -0.84723 0.48661
vn 0.3847 -0.85971 0.336
vn -0.0808 -0.76246 0.64197
vn -0.3036 -0.6201 0.7234
vn -0.0891 -0.48272 0.87123
vn -0.0709 -0.62942 0.77382
vn -0.1263 -0.70588 0.69698
vn -0.32231 -0.64892 0.68922
vn -0.51249 -0.69559 0.50349
vn -0.54711 -0.31181 0.77682
vn -0.29319 -0.17139 0.94057
vn -0.1453 -0.36049 0.92138
vn 0.077 -0.3149 0.946
vn -0.0338 -0.47367 0.88005
vn -0.0709 -0.6287 0.77441
vn -0.27559 -0.51199 0.81358
vn 0.0523 -0.44252 0.89523
vn 0.0061 -0.65232 0.75792
vn 0 -0.79153 0.61113
vn 0.0107 -0.31651 0.94853
vn -0.2018 -0.25211 0.94642
vn -0.1847 -0.65848 0.72958
vn 0.6372 -0.6174 0.4613
vn 0.71689 -0.60659 0.34369
vn 0.48001 -0.65291 0.58591
vn 0.84421 -0.4832 0.232
vn 0.6092 -0.3179 0.7265
vn 0.54448 -0.44568 0.71057
vn 0.0052 -0.86122 0.50821
vn -0.1076 -0.3049 0.94629
vn -0.39008 -0.68897 0.61087
vn -0.3599 -0.87981 0.3105
vn 0.70739 -0.68229 0.1846
vn 0.90719 -0.419 -0.038
vn -0.37988 -0.91946 0.1014
vn -0.65539 -0.63929 0.4022
vn -0.1437 -0.41 0.9007
vn -0.046 0.26929 0.96196
vn 0.41039 0.1002 0.90639
vn 0.5656 -0.4629 0.6825
vn 0.66932 -0.60871 0.42601
vn 0.97458 -0.1148 0.1924
vn 0.998 -0.0076 0.0627
vn 0.9747 -0.1444 0.1706
vn 0.92905 -0.23731 0.28381
vn -0.2501 0.968 -0.0205
vn -0.61237 0.76556 0.19729
vn -0.1753 0.95679 0.232
vn -0.47062 0.25481 0.84474
vn 0.6431 -0.6486 0.4071
vn 0.83051 0.49411 0.2571
vn -0.84044 0.26081 -0.47502
vn -0.1414 -0.9828 -0.1188
vn -0.90761 0.2244 -0.3548
vn -0.62408 0.73308 -0.27039
vn -0.86953 0.30671 -0.38711
vn -0.4499 0.8224 -0.3482
vn -0.82729 0.52669 -0.1954
vn -0.75979 -0.64999 0.0151
vn -0.4741 -0.8593 -0.1919
vn -0.3689 -0.567 0.7365
vn -0.2933 -0.95599 0.0082
vn 0.94328 0.1181 0.31029
vn 0.7177 0.6919 0.0786
vn 0.86236 0.50573 -0.024
vn 0.0554 -0.99466 -0.0871
vn -0.75004 -0.24071 -0.61603
vn -0.6661 0.6669 -0.334
vn 0.1068 -0.99158 -0.0732
vn 0.83188 0.25189 0.49449
vn 0.2816 0.93762 0.2039
vn -0.85312 -0.36901 0.36881
vn 0.61138 0.40019 -0.68268
vn 0.78243 0.22201 -0.58182
vn 0.69549 -0.1635 -0.69969
vn 0.65778 0.40979 -0.63198
vn 0.31069 0.36948 -0.87576
vn 0.0472 0.3678 -0.92871
vn 0.1759 0.5035 -0.8459
vn 0.43159 0.58108 -0.68998
vn 0.0965 0.78238 -0.61528
vn 0.69544 -0.16351 -0.69974
vn 0.1576 0.1146 0.98083
vn -0.86178 0.0778 0.50129
vn 0.2456 0.2168 0.94481
vn 0.80858 0.17749 0.56098
vn 0.84008 0.1494 0.52149
vn 0.98795 -0.0214 -0.15329
vn 0.98252 -0.0756 -0.1701
vn 0.74773 -0.19761 -0.63392
vn 0.71842 -0.27781 -0.63772
vn 0.202 -0.3585 -0.91141
vn -0.75539 -0.31989 -0.57189
vn -0.66378 -0.0448 -0.74658
vn -0.97113 -0.124 -0.20381
vn -0.6783 0.5327 -0.5061
vn -0.93798 0.2722 -0.2147
vn -0.96606 -0.16289 -0.20049
vn -0.1045 -0.287 -0.95221
vn -0.4604 -0.2038 -0.864
vn -0.163 -0.231 -0.9592
vn -0.4822 -0.2297 -0.84541
vn -0.5853 -0.2006 -0.78561
vn -0.50482 -0.17911 -0.84444
vn -0.0521 -0.43058 -0.90105
vn -0.29509 -0.59277 -0.74936
vn 0.0803 -0.56201 -0.82322
vn 0.5971 -0.3261 -0.7329
vn 0.7633 0.2122 -0.6102
vn 0.80364 0.1042 -0.58593
vn 0.42381 0.70832 0.56451
vn 0.8946 0.4452 -0.0387
vn 0.8259 -0.5568 0.0887
vn -0.2023 -0.75321 -0.6259
vn 0.58918 -0.74408 -0.31499
vn 0.51571 -0.82092 -0.24521
vn -0.33912 -0.90844 -0.24441
vn 0.393 -0.91919 0.0254
vn -0.50661 -0.86092 -0.0466
vn 0.31172 -0.94825 -0.0604
vn -0.44257 -0.87574 -0.19289
vn 0.21381 -0.96574 -0.14711
vn 0.7654 0.511 0.3912
vn 0.78093 0.59812 0.18001
vn 0.6819 0.6215 0.3857
vn -0.3331 0.8942 0.2991
vn -0.18049 0.96587 0.18579
vn -0.21361 0.96885 0.12531
vn -0.26091 0.87022 0.41791
vn -0.92649 0.36589 -0.088
vn -0.60718 0.79428 -0.0214
vn -0.8691 0.4496 -0.2062
vn -0.81199 0.45109 -0.37039
vn -0.0735 0.9834 -0.1659
vn -0.89344 0.39202 -0.21931
vn 0.94009 -0.2443 0.2378
vn -0.1755 0.9755 0.1327
vn -0.3485 0.85771 0.378
vn -0.9429 0.3328 -0.0133
vn -0.43991 0.86093 0.25551
vn 0.23561 0.94433 -0.22961
vn 0.88823 0.35291 0.29411
vn 0.99077 -0.1 0.0915
vn 0.93481 -0.1603 0.3169
vn 0.82025 -0.47673 0.31612
vn 0.5235 -0.8446 0.1122
vn 0.73484 -0.67743 0.0332
vn 0.3743 -0.9013 0.2181
vn 0.55551 -0.82822 0.0739
vn 0.6224 -0.7212 -0.3041
vn -0.14959 0.72577 0.67147
vn -0.74497 -0.0049 0.66708
vn 0.08 -0.25461 0.96373
vn -0.3725 -0.80509 0.4616
vn 0.8696 -0.3897 0.3032
vn -0.95642 -0.0683 -0.2839
vn 0.0942 0.5634 0.8208
vn 0.2084 0.5996 0.77269
vn 0.79793 0.54122 0.26531
vn 0.45661 0.68852 0.56342
vn -0.41439 0.78187 0.46578
vn 0.73868 0.66229 0.1254
vn 0.81737 0.53158 0.22209
vn 0.84569 0.36139 0.39269
vn -0.38221 0.89193 0.24161
vn -0.9511 -0.2007 -0.2348
vn -0.90223 -0.39082 -0.18231
vn -0.3822 -0.79301 -0.4744
vn -0.65852 -0.57142 -0.48972
vn -0.74722 -0.63862 -0.18391
vn -0.90775 -0.41838 -0.0307
vn -0.2109 -0.91468 -0.34479
vn -0.94776 -0.1247 -0.29359
vn 0.74049 -0.54309 -0.39589
vn 0.67063 0.60222 0.43312
vn 0.79542 -0.57521 -0.1909
vn -0.8991 -0.3046 -0.3144
vn -0.84949 -0.3249 -0.4157
vn -0.92229 -0.136 -0.36179
vn 0.4113 -0.8297 -0.3774
vn -0.74931 0.64141 0.1647
vn -0.83567 0.48698 0.25399
vn -0.93253 0.35771 -0.0492
vn -0.8474 -0.1624 -0.5055
vn -0.72463 0.68242 0.096
vn -0.53301 -0.2347 -0.81291
vn 0.40229 -0.26549 0.87617
vn -0.31608 0.30029 0.89996
vn 0.61389 0.66989 0.41759
vn 0.3035 0.79759 0.52129
vn -0.1811 0.6472 0.7405
vn -0.2725 0.6985 0.6617
vn 0.81392 -0.42191 0.39941
vn 0.79768 -0.60138 -0.0452
vn 0.98541 0.0561 0.1607
vn 0.94916 -0.27889 0.14599
vn -0.87572 -0.45111 -0.1721
vn -0.57842 -0.81572 0.0054
vn -0.59559 -0.69759 -0.39829
vn -0.23579 -0.89566 -0.37708
vn -0.43951 -0.59101 -0.67641
vn -0.30361 -0.95052 -0.0659
vn -0.23289 -0.92637 -0.29599
vn -0.0138 -0.99908 0.0407
vn -0.49572 -0.74213 -0.45112
vn -0.27279 -0.95838 -0.0842
vn -0.6237 -0.7743 -0.1071
vn -0.34648 -0.93805 0.0019
vn -0.8369 -0.4886 -0.2467
vn -0.97633 0.0453 -0.21151
vn -0.98088 0.086 -0.1746
vn -0.99279 0.1103 -0.0469
vn -0.44811 -0.89371 -0.0219
vn -0.9029 -0.0863 -0.4211
vn -0.89799 -0.412 -0.1545
vn -0.98443 -0.14 -0.1063
vn -0.99704 -0.0669 -0.0379
vn -0.97008 -0.23519 0.0603
vn -0.9949 -0.1001 -0.0127
vn -0.98808 0.1017 0.1156
vn -0.90176 -0.25449 -0.34938
vn -0.97386 -0.06 -0.21909
vn -0.6565 -0.7482 0.096
vn -0.78029 -0.61569 0.1099
vn -0.88611 -0.45751 0.0741
vn -0.78801 -0.59951 0.1401
vn -0.8073 -0.5846 0.0807
vn -0.95204 0.0514 0.30161
vn -0.78805 -0.59946 0.14009
vn -0.73472 -0.67362 0.0801
vn -0.1448 -0.98663 0.0748
vn 0.16029 -0.97377 0.16149
vn 0.3599 -0.87981 0.3105
vn -0.63968 -0.61738 0.45788
vn -0.49162 -0.64503 0.58502
vn -0.71689 -0.60659 0.34369
vn -0.85009 -0.47779 0.2215
vn -0.54799 -0.45239 0.70359
vn -0.57982 -0.76372 0.28381
vn 0.10849 -0.29999 0.94775
vn 0.3736 -0.7057 0.602
vn -0.97872 -0.1388 0.1511
vn 0.0461 0.26941 0.96192
vn 0.1489 -0.39041 0.90852
vn 0.37988 -0.91946 0.1014
vn -0.144 0.97311 0.1798
vn -0.4028 0.82091 0.4048
vn -0.1892 0.69578 0.69288
vn 0 0.89941 0.43711
vn -0.0904 0.93992 0.32921
vn -0.3939 0.90431 0.1645
vn -0.759 0.5172 0.3955
vn -0.88173 0.0062 0.47172
vn -0.97457 -0.1149 0.19239
vn -0.948 -0.2471 0.2006
vn -0.68331 0.52111 0.51141
vn -0.4454 0.6505 0.6152
vn -0.8626 0.3648 0.3505
vn -0.97051 0.0675 0.2314
vn -0.83511 0.4457 0.3224
vn -0.9101 0.4075 0.0752
vn -0.93264 0.32061 0.16551
vn -0.86955 0.47383 0.13921
vn -0.67282 0.73893 0.036
vn -0.30509 0.95227 0.0103
vn -0.74935 0.64136 0.16469
vn -0.70688 0.53768 0.45959
vn -0.2354 0.72049 0.65229
vn -0.81621 0.49291 0.3014
vn -0.7645 0.486 0.4235
vn -0.13001 0.92365 0.36052
vn 0.96414 -0.25751 0.0642
vn 0.88611 -0.45751 0.0741
vn 0.93725 0.34728 -0.0309
vn 0.76453 0.48602 0.42342
vn 0.4606 0.8211 0.3371
vn 0.1312 0.78458 0.60599
vn -0.037 0.66781 0.74341
vn -0.0064 0.87443 0.48511
vn 0.60699 0.78699 0.1105
vn 0.17361 0.95813 0.22771
vn 0.79282 0.45011 0.41091
vn 0.95204 0.0515 0.30161
vn 0.97247 -0.18649 0.1397
vn 0.78805 -0.59946 0.14009
vn 0.78801 -0.59951 0.1401
vn 0.72107 -0.67857 0.13999
vn 0.96648 0.0885 0.241
vn 0.97457 -0.1149 0.19239
vn 0.79749 0.4144 0.4385
vn 0.45749 0.84408 0.27969
vn 0.61191 0.62671 0.4825
vn 0.1811 0.6473 0.7404
vn 0.1231 0.89727 0.42398
vn 0.9156 -0.139 0.3773
vn 0.89158 0.0491 0.45019
vn 0.45102 0.71543 0.53362
vn 0.0748 0.89413 0.44151
vn 0.3314 0.51569 0.79009
vn -0.0469 0.78329 0.61989
vn 0.80447 0.57508 -0.14869
vn 0.5381 0.6234 -0.5673
vn 0.9464 0.2114 -0.2442
vn 0.86804 0.47762 0.13561
vn 0.81422 0.45251 0.36371
vn 0.70406 0.59017 0.39498
vn 0.61197 0.62667 0.48248
vn 0.22761 0.78185 0.58044
vn 0.26309 0.70606 0.65747
vn -0.0761 0.75722 0.64871
vn 0.56721 0.74261 0.3561
vn 0.5176 -0.8556 -0.0062
vn 0.86495 -0.46607 -0.18609
vn 0.57842 -0.81572 0.0054
vn 0.46801 -0.86321 -0.1893
vn 0.83882 -0.48351 -0.25021
vn 0.93024 0.11961 -0.34691
vn 0.90198 0.2054 -0.37979
vn 0.92082 0.27851 -0.273
vn 0.97618 0.0448 -0.2123
vn 0.99022 0.1213 -0.0689
vn 0.7582 0.6291 0.1714
vn 0.46047 0.76275 0.45407
vn -0.1336 0.7874 0.6018
vn 0.97684 0.17751 0.1195
vn 0.81615 0.49297 0.30148
vn 0.81376 -0.50687 -0.28439
vn 0.9029 -0.0863 -0.4211
vn 0.988 -0.1416 -0.0617
vn 0.99704 -0.0669 -0.0379
vn 0.94712 -0.31241 0.0733
vn 0.6237 -0.7743 -0.1071
vn 0.27279 -0.95838 -0.0842
vn 0.42661 -0.90402 -0.0273
vn 0.90258 -0.2574 -0.34509
vn 0.78122 -0.61951 0.0768
vn 0.23289 -0.92637 -0.29599
vn -0.0139 -0.99909 0.0404
vn 0.1735 -0.98159 0.0799
vn 0.92079 -0.3501 -0.172
vn 0.60978 -0.70228 -0.36739
vn 0.43948 -0.59108 -0.67637
vn 0.23579 -0.89566 -0.37708
vn 0.49572 -0.74213 -0.45112
vn 0.88367 0.16839 0.43678
vn 0.1356 0.85969 0.49249
vn -0.85089 0.216 0.47889
vn -0.1356 0.85969 0.49249
vn -0.72499 -0.64769 0.2343
vn 0.95987 0.1707 0.22249
vn 0.61848 0.46578 0.63288
vn 0.6144 0.5363 0.5787
vn 0.3804 0.6457 0.6621
vn 0.99621 0.0744 -0.045
vn 0.7828 -0.6097 -0.1245
vn 0.95686 -0.28749 0.042
vn 0.77018 -0.63688 0.0348
vn 0.92902 -0.23731 0.28391
vn 0.78806 -0.59947 0.13999
vn 0.72262 -0.52962 0.44421
vn 0.71613 -0.17521 0.67562
vn 0.27029 -0.64078 0.71857
vn 0.6238 -0.5088 0.5933
vn -0.325 -0.6811 0.6561
vn -0.96536 0.20479 -0.16169
vn -0.98158 0.142 0.1278
vn -0.65401 0.3933 0.64621
vn -0.60814 0.66084 0.43983
vn -0.9876 -0.0969 -0.1235
vn -0.88429 -0.3905 -0.256
vn -0.87392 -0.48601 0.0076
vn -0.412 -0.74509 0.5245
vn -0.16439 -0.88037 0.44488
vn -0.70847 -0.70407 -0.0484
vn -0.63959 -0.73249 -0.2332
vn -0.5677 -0.8124 0.1331
vn 0.0161 0.98937 0.1445
vn -0.1228 0.95334 0.27581
vn 0.0829 0.93945 0.33252
vn -0.2208 0.91309 0.3428
vn -0.53008 0.78847 -0.31199
vn -0.1612 0.97303 -0.16501
vn -0.66189 0.71529 0.2242
vn -0.83805 0.54543 -0.0131
vn -0.92548 0.36369 0.1059
vn -0.73249 0.63559 0.2439
vn 0.28561 0.95694 0.0519
vn 0.6816 0.6842 -0.2594
vn 0.227 0.9619 -0.1524
vn -0.0445 0.99786 -0.0479
vn 0.0725 0.98835 -0.13381
vn 0.3517 0.93119 0.0959
vn 0.34531 0.93773 0.0376
vn 0.198 0.94749 -0.2511
vn 0.1741 0.88618 -0.42939
vn -0.0961 0.94528 -0.31179
vn 0.4452 0.8779 0.1763
vn 0.709 0.6581 -0.2534
vn 0.68568 0.64498 -0.33739
vn 0.3727 0.89699 -0.2377
vn -0.48108 0.87666 0.0046
vn -0.64911 0.61731 -0.44451
vn 0.0902 0.89098 -0.44499
vn 0.1454 0.85831 -0.4921
vn -0.1768 0.91972 0.35051
vn 0.1722 0.90949 0.37839
vn 0.68966 0.67776 0.25498
vn -0.0124 0.89138 -0.45309
vn 0.75201 0.54611 0.36911
vn 0.6649 0.6645 0.3411
vn 0.55323 0.82615 0.10681
vn 0.53088 0.84437 -0.0722
vn -0.47327 0.75756 -0.44958
vn -0.45181 0.68022 -0.57721
vn 0.1786 0.82071 -0.54271
vn 0.0272 0.85023 -0.52572
vn 0.25021 0.85095 -0.46183
vn 0.91484 0.39682 -0.0748
vn 0.91531 0.3724 -0.1534
vn -0.46949 0.58209 -0.66389
vn 0.53541 0.79372 -0.28871
vn 0.53543 0.79374 -0.28861
vn 0.83201 0.54371 -0.1102
vn 0.71828 0.67268 -0.17769
vn 0.69198 0.71888 0.0661
vn 0.81638 0.57628 -0.0378
vn 0.85042 0.44001 -0.28841
vn 0.8539 0.4664 -0.2309
vn 0.90977 0.41389 0.0318
vn 0.94733 0.24341 -0.20811
vn 0.89293 0.44701 0.0535
vn 0.6326 0.5846 -0.508
vn 0.2976 -0.0135 -0.9546
vn -0.0374 0.2796 -0.95939
vn -0.35581 0.56222 -0.74653
vn -0.55058 0.57688 -0.60338
vn 0.22611 0.91902 -0.32291
vn 0.43293 0.88356 -0.17861
vn 0.43768 0.79607 -0.41798
vn 0.17851 0.82073 -0.54272
vn 0.44461 0.83072 -0.33501
vn 0.74641 0.3932 -0.53691
vn 0.39671 0.84402 -0.36091
vn 0.46452 0.88515 0.0271
vn 0.35572 0.62213 -0.69744
vn 0.55051 0.73562 -0.39471
vn 0.32691 0.89143 -0.31381
vn 0.47051 0.77521 -0.42151
vn 0.41649 0.85028 -0.32179
vn 0.43301 0.88352 -0.1786
vn 0.0639 0.93268 -0.35499
vn 0.0548 0.96703 -0.24871
vn 0.22601 0.91905 -0.32292
vn 0.31638 0.93095 -0.18229
vn 0.2514 0.96561 0.0663
vn 0.41791 0.90603 0.0668
vn 0.348 0.92881 -0.1273
vn 0.49602 0.82182 -0.28031
vn -0.0146 0.96614 -0.25761
vn 0.55318 0.71668 -0.42469
vn 0.40841 0.73461 -0.54181
vn 0.1916 0.72931 -0.65681
vn 0.55769 0.79429 -0.241
vn 0.93091 -0.3123 0.1894
vn -0.0622 0.77857 -0.62447
vn -0.1307 -0.93671 0.3248
vn -0.56688 0.38899 -0.72618
vn -0.84776 0.04 -0.52887
vn -0.2348 0.53679 -0.81039
vn -0.65653 -0.54082 0.52582
vn -0.72229 -0.57929 -0.37779
vn -0.97839 0.1042 0.1786
vn -0.1818 -0.52179 -0.83348
vn -0.0864 -0.99018 -0.1099
vn -0.0011 -0.97472 -0.22341
vn -0.54032 -0.72323 -0.43012
vn -0.36979 -0.92258 -0.11
vn -0.62613 -0.69333 -0.35672
vn 0.1069 -0.99157 -0.0732
vn -0.1129 -0.98391 0.1385
vn -0.28579 -0.95587 0.0681
vn 0.0936 -0.99538 -0.0214
vn 0.052 -0.982 -0.1816
vn 0.0804 -0.96646 -0.24389
vn 0.0507 -0.99764 0.0463
vn 0.0224 -0.99713 0.0723
vn 0.0187 -0.99371 0.1104
vn 0.0069 -0.99997 -0.0019
vn -0.0662 -0.98654 0.14951
vn -0.1834 -0.9824 -0.0355
vn -0.0497 -0.99247 -0.112
vn 0.1947 -0.98002 -0.0406
vn -0.0193 -0.98725 0.15799
vn 0.172 -0.98141 -0.0852
vn 0.23059 -0.95487 0.18719
vn 0.4299 -0.8952 -0.1175
vn -0.0565 -0.99629 -0.0649
vn -0.0852 -0.97941 -0.183
vn -0.0055 -0.99606 -0.0885
vn 0.0205 -0.99186 -0.12569
vn -0.47813 -0.87575 0.0668
vn -0.28959 -0.93568 0.2016
vn 0.0506 -0.99835 -0.0273
vn 0.1623 -0.98673 0.0047
vn 0.19461 -0.98004 -0.0406
vn 0.0868 -0.99011 -0.1102
vn -0.14119 -0.97496 -0.17179
vn 0.0521 -0.98199 -0.1816
vn 0.1414 -0.98247 -0.1215
vn 0.1743 -0.9737 -0.1467
vn 0.1268 -0.9919 0.0071
vn -0.113 -0.97391 0.1968
vn 0.86036 -0.49138 0.13539
vn 0.36391 -0.92052 0.1422
vn 0.50649 -0.86099 -0.0466
vn 0.54692 -0.83193 -0.0936
vn 0.68803 -0.66643 0.28721
vn 0.82019 -0.3184 0.4753
vn -0.33572 -0.59083 0.73363
vn -0.71858 -0.29239 0.63099
vn -0.9022 -0.424 0.0791
vn -0.94673 -0.32081 -0.0281
vn -0.69597 -0.71807 -0.0036
vn -0.84269 -0.51969 -0.1407
vn -0.64282 -0.75422 -0.1339
vn -0.5784 -0.8107 -0.0907
vn -0.76318 -0.64409 -0.052
vn 0.3598 -0.83169 0.42289
vn 0.84139 -0.0349 0.5393
vn 0.38301 -0.176 0.90682
vn -0.76162 -0.58441 0.28001
vn -0.0214 0.3145 0.94901
vn 0.41979 0.52029 0.74369
vn 0.3972 0.6086 0.6869
vn -0.57511 0.70251 0.41921
vn 0.1306 0.72599 0.67519
vn -0.794 0.4863 0.3648
vn -0.8792 -0.4615 0.1184
vn -0.6116 -0.7731 0.1681
vn -0.50323 -0.38902 0.77164
vn 0.23058 0.65416 0.72035
vn 0.74365 0.09449 0.66186
vn 0.81978 0.40369 0.40619
vn 0.95886 0.25579 0.1231
vn 0.73103 0.44072 0.52092
vn 0.91465 0.25899 0.31038
vn 0.91848 0.0493 0.39239
vn 0.2697 -0.0406 0.96209
vn 0.87609 0.2163 0.4309
vn 0.5119 0.5209 0.6831
vn 0.32709 -0.2231 0.91828
vn 0.93674 -0.0042 0.35001
vn 0.75388 -0.1941 0.62769
vn 0.2857 0.0245 0.95801
vn 0.94939 -0.146 0.2781
vn 0.96251 -0.0916 0.2553
vn 0.97312 -0.0736 0.21821
vn 0.9731 -0.0736 0.2183
vn 0.62142 -0.27901 0.73212
vn 0.47572 -0.18301 0.86034
vn 0.5515 -0.0529 0.8325
vn 0.29331 -0.1714 0.94053
vn 0.0225 -0.0816 0.99641
vn 0.0461 0.26931 0.96195
vn 0.3793 -0.2254 0.8974
vn 0.1632 -0.6713 0.723
vn 0.23329 -0.66256 0.71175
vn 0.47291 -0.55281 0.68612
vn 0.66628 -0.1607 0.72818
vn 0.86996 -0.28519 0.40228
vn 0.64911 -0.28911 0.70361
vn 0.60922 -0.31781 0.72653
vn 0.7419 -0.3835 0.55
vn 0.50241 -0.59101 0.63111
vn 0.49823 -0.72324 0.47822
vn 0.3294 -0.74891 0.57501
vn 0.5907 -0.7891 0.1685
vn 0.75567 -0.62618 0.19199
vn 0.7444 -0.6573 0.1176
vn 0.67141 -0.72811 0.1381
vn 0.81582 -0.45691 0.35451
vn 0.77394 -0.59393 0.21971
vn 0.63163 -0.76234 0.14101
vn 0.72592 -0.64902 0.22761
vn 0.72125 -0.68745 0.08489
vn 0.66808 -0.73028 -0.1427
vn 0.88569 -0.46129 -0.0526
vn 0.53869 -0.84158 0.0394
vn 0.80853 -0.57012 -0.14571
vn 0.95123 -0.21221 0.22391
vn 0.93484 -0.16031 0.31681
vn 0.95113 -0.0956 0.29361
vn 0.6157 -0.7875 -0.0273
vn 0.53869 -0.84158 0.0395
vn 0.74871 -0.65941 0.0679
vn 0.92451 -0.0642 0.37571
vn 0.2603 -0.95199 -0.1611
vn 0.29 -0.92989 -0.2263
vn 0.3954 -0.9116 -0.1124
vn 0.31771 -0.94812 -0.011
vn 0.4171 -0.90511 -0.0825
vn 0.36451 -0.91551 -0.1702
vn 0.96236 -0.19779 0.18639
vn 0.99736 -0.0654 0.0315
vn 0.9825 0.1742 -0.066
vn 0.99076 -0.1 0.0916
vn 0.41711 -0.90511 -0.0824
vn 0.7658 -0.6225 -0.1614
vn 0.90315 -0.40072 -0.15411
vn 0.98809 -0.1412 -0.0612
vn 0.98341 0.1527 -0.0979
vn 0.80575 0.53907 -0.24529
vn 0.94901 -0.1738 -0.263
vn 0.85467 -0.41308 -0.31449
vn 0.70759 -0.61549 -0.3471
vn 0.3388 -0.86341 -0.37381
vn -0.85379 -0.31699 0.41299
vn -0.79286 -0.38708 0.47068
vn -0.65348 -0.57898 0.48759
vn -0.0742 -0.83705 0.54207
vn 0.1334 -0.9365 0.3243
vn 0.29762 -0.91115 0.28502
vn 0.2964 -0.9274 0.2282
vn 0.4628 -0.85089 0.2486
vn 0.2357 -0.89568 -0.37709
vn 0.39308 -0.91915 0.0254
vn 0.48148 -0.86186 0.15929
vn 0.17269 -0.86497 0.47118
vn -0.37579 -0.72959 0.57139
vn -0.62892 -0.53972 0.55962
vn -0.54152 -0.54522 0.63992
vn 0.83603 -0.0699 0.54422
vn 0.91557 -0.13899 0.37739
vn 0.34139 -0.73529 -0.58549
vn 0.65531 -0.69431 -0.2975
vn 0.8388 -0.4835 -0.2503
vn 0.1116 -0.9336 -0.3405
vn -0.0506 -0.99835 -0.0273
vn -0.0389 -0.99288 0.1126
vn -0.30769 -0.89368 0.32659
vn -0.40542 -0.65082 0.64192
vn 0.79806 -0.32648 0.50647
vn 0.0664 -0.93247 -0.35509
vn 0.86022 -0.50661 0.0581
vn 0.1257 -0.90939 0.3965
vn 0.93527 -0.28199 0.21389
vn 0.8643 -0.4931 -0.0992
vn 0.73043 -0.65473 -0.19441
vn 0.67047 -0.62648 -0.39748
vn 0.45381 -0.74022 -0.49611
vn 0.54561 -0.81961 -0.1748
vn 0.88647 -0.23869 -0.39649
vn 0.74251 -0.45161 -0.49471
vn 0.83686 -0.44438 -0.31968
vn 0.92781 -0.2216 -0.3001
vn 0.98079 -0.0314 -0.1925
vn 0.93551 0.1523 -0.3188
vn 0.98478 0.0556 -0.1647
vn 0.98332 -0.1182 0.1382
vn 0.97297 0.1253 0.19399
vn 0.79388 0.52938 -0.29919
vn 0.59802 0.75943 -0.25621
vn 0.98113 -0.1679 0.0959
vn 0.96179 0.0636 0.2663
vn 0.98428 0.1238 -0.126
vn 0.77669 0.0783 -0.62499
vn 0.88476 0.18239 -0.42888
vn 0.6557 0.2338 -0.71791
vn 0.2106 0.2507 -0.94488
vn 0.97677 0.21429 0.0016
vn 0.65879 0.48599 0.57429
vn 0.82648 0.36979 0.42449
vn 0.83107 0.52848 0.17329
vn 0.49732 0.79812 0.34011
vn 0.42481 0.90372 -0.0532
vn 0.74198 0.66958 0.0337
vn 0.41729 0.82329 0.38479
vn -0.0266 0.92846 0.37048
vn 0.5528 0.832 -0.0469
vn 0.86532 0.2467 -0.43631
vn 0.65442 0.48771 -0.57782
vn -0.1136 0.97556 -0.18809
vn 0.1891 0.90282 -0.38621
vn -0.2908 0.88351 -0.3672
vn 0.1472 0.76531 -0.62661
vn -0.20311 0.64883 -0.73333
vn 0.1065 0.69932 -0.70683
vn 0.2113 0.85319 -0.47689
vn -0.1635 0.85488 -0.49239
vn -0.31421 0.81383 -0.48882
vn 0.2924 0.6755 -0.6769
vn 0.43798 0.65488 -0.61588
vn 0.0199 0.75496 -0.65547
vn -0.34869 0.84778 -0.39959
vn 0.54713 0.28081 -0.78854
vn 0.33381 0.76382 -0.55241
vn 0.71851 0.39911 -0.56961
vn 0.6921 0.1934 -0.6954
vn 0.4179 0.7813 -0.4636
vn 0.39321 0.36491 -0.84393
vn 0.83851 0.1615 -0.5204
vn 0.91019 -0.3545 0.2142
vn 0.60091 -0.1511 -0.78491
vn 0.72144 -0.57683 -0.38312
vn 0.58162 -0.51872 -0.62662
vn 0.58681 0.63311 -0.50481
vn 0.72352 0.60042 -0.34061
vn 0.32411 -0.26611 -0.90782
vn 0.1742 0.0059 -0.98469
vn 0.33819 -0.004 -0.94107
vn 0.67652 0.1313 -0.72462
vn -0.32751 -0.92162 -0.20821
vn -0.3989 -0.66451 -0.63191
vn 0.1799 -0.1493 -0.97229
vn -0.20909 -0.30519 -0.92906
vn -0.91445 -0.17521 -0.36482
vn -0.93772 -0.0767 -0.33881
vn -0.92824 -0.36232 0.0842
vn -0.94447 -0.32609 0.0405
vn -0.97292 -0.2285 -0.0348
vn -0.51351 0.0874 -0.85362
vn -0.1553 0.2086 -0.96559
vn -0.2719 0.1351 -0.9528
vn -0.34681 0.0341 -0.93732
vn 0.46837 0.37957 -0.79784
vn 0.57213 0.32312 -0.75384
vn 0.44429 0.2462 -0.86139
vn 0.76308 0.1305 -0.63299
vn 0.79973 0.17161 -0.57532
vn 0.79831 0.3179 -0.51151
vn 0.95173 -0.0368 -0.30471
vn 0.94623 0.1594 -0.28151
vn 0.93554 0.15231 -0.31871
vn 0.90557 0.1259 -0.40509
vn 0.96834 -0.24881 0.0203
vn 0.98681 -0.1542 0.0492
vn 0.37363 -0.70565 0.60204
vn 0.85772 -0.44061 0.26491
vn 0.78477 -0.55188 0.28209
vn 0.97675 0.21439 0.0016
vn 0.86647 0.21349 -0.45128
vn 0.97301 -0.0051 -0.2307
vn 0.98946 0.0909 -0.1127
vn 0.61568 -0.07 0.78488
vn 0.99935 -0.035 -0.0085
vn 0.99076 -0.1001 0.0915
vn 0.92699 -0.1001 0.36149
vn 0.8605 0.0518 0.5068
vn 0.74433 -0.0461 0.66622
vn 0.75408 -0.56199 0.33989
vn 0.7524 -0.3373 0.5658
vn 0.77477 -0.22599 0.59048
vn -0.66639 -0.3795 0.64179
vn -0.0582 -0.33199 0.94148
vn -0.12931 -0.87575 0.46513
vn -0.45701 -0.36591 0.81071
vn -0.68868 -0.39009 0.61118
vn -0.68867 -0.38998 0.61127
vn -0.77078 -0.34349 0.53658
vn -0.77387 -0.42388 0.47058
vn -0.81345 -0.33698 0.47407
vn -0.71063 -0.48862 0.50622
vn -0.68941 -0.55491 0.46561
vn -0.79161 -0.4525 0.4106
vn -0.93091 -0.3123 0.1894
vn -0.95349 -0.1855 0.2376
vn -0.3197 0.2993 -0.899
vn -0.93274 0.0452 -0.35771
vn -0.92623 0.1679 -0.33751
vn 0.49632 0.40962 -0.76543
vn 0.34792 -0.49603 0.79555
vn -0.65618 -0.33619 0.67558
vn -0.96496 -0.0347 0.26009
vn -0.81198 0.45119 -0.37029
vn 0.2305 0.75171 -0.61791
vn 0.90298 0.31779 -0.28919
vn 0.98429 0.1237 -0.126
vn 0.17411 -0.51983 0.83634
vn -0.58612 -0.32331 0.74292
vn -0.98983 -0.0445 0.1351
vn 0.99622 0.0743 -0.0449
vn 0.44462 0.62283 -0.64373
vn 0.7778 0.0227 -0.6281
vn 0.78365 -0.20509 -0.58637
vn 0.83661 -0.2514 -0.48671
vn -0.95246 0.20619 -0.22429
vn -0.94904 -0.17381 -0.26291
vn -0.8661 -0.3996 -0.3003
vn -0.98809 -0.1412 -0.0612
vn -0.99941 0.0004 0.0344
vn -0.98438 0.1722 -0.0366
vn -0.99077 -0.1 0.0915
vn -0.70757 -0.61547 -0.34719
vn -0.83519 -0.4724 -0.2816
vn -0.8947 0.2047 -0.397
vn -0.8024 0.5435 -0.2465
vn -0.34139 -0.73529 -0.58549
vn -0.66393 -0.69323 -0.28041
vn -0.94997 0.24619 -0.19219
vn -0.97871 -0.1389 0.1511
vn -0.34038 -0.87385 -0.34718
vn -0.1342 -0.83278 -0.53709
vn -0.1109 -0.86611 -0.4874
vn -0.54561 -0.81961 -0.1748
vn 0.3076 -0.79861 0.51731
vn 0.0614 -0.82722 0.55851
vn -0.29762 -0.91115 0.28502
vn -0.31421 -0.91614 0.24891
vn -0.4628 -0.85089 0.2486
vn -0.2648 -0.93388 0.2403
vn -0.37822 -0.91175 -0.16021
vn -0.2358 -0.8957 -0.377
vn -0.36041 -0.84172 -0.40201
vn -0.41711 -0.90511 -0.0824
vn -0.76329 -0.64169 0.0749
vn -0.4516 -0.729 -0.5144
vn -0.0663 -0.93244 -0.35518
vn -0.1394 -0.92502 -0.35341
vn 0.4321 -0.69999 0.5686
vn -0.16449 -0.88036 0.44488
vn 0.0187 -0.99372 0.1103
vn -0.75158 -0.41849 -0.50989
vn -0.87762 -0.22771 -0.42181
vn -0.83642 -0.43701 -0.33081
vn -0.1956 -0.97338 0.1195
vn -0.92627 0.16789 -0.33739
vn -0.98082 -0.0313 -0.1924
vn -0.85688 -0.45509 -0.24219
vn -0.71332 -0.66882 -0.20941
vn -0.86022 -0.50661 0.0581
vn -0.1257 -0.90939 0.3965
vn 0.30062 -0.88896 0.34552
vn 0.37579 -0.72959 0.57139
vn -0.98555 -0.10089 0.13609
vn -0.96591 -0.245 -0.0836
vn -0.86121 -0.49451 -0.1174
vn -0.93603 -0.27821 0.21551
vn -0.7936 -0.3281 0.5124
vn 0.4055 -0.6508 0.6419
vn -0.5861 -0.3234 0.7429
vn 0.54152 -0.54522 0.63992
vn 0.67031 -0.3701 0.64321
vn -0.4013 0.6094 -0.6838
vn -0.54611 0.75142 -0.37031
vn -0.79128 0.34299 -0.50619
vn -0.2098 0.92162 -0.32651
vn -0.27429 0.93386 -0.22949
vn -0.0545 0.96784 -0.24561
vn -0.052 0.94145 -0.33312
vn -0.3427 0.8817 -0.3243
vn -0.43309 0.88348 -0.1786
vn -0.55318 0.71668 -0.42469
vn -0.57601 0.78412 -0.23101
vn -0.41791 0.90603 0.0668
vn -0.35438 0.92665 -0.12539
vn -0.31659 0.93088 -0.1823
vn -0.2514 0.96561 0.0663
vn -0.33611 0.94082 -0.0435
vn -0.46679 0.73008 -0.49909
vn -0.3795 0.7444 -0.5494
vn -0.4297 0.71881 -0.54651
vn -0.19159 0.72926 -0.65687
vn 0.1187 0.97447 -0.19059
vn 0.31421 0.81383 -0.48882
vn 0.1453 0.85828 -0.49219
vn -0.2217 0.84381 -0.48871
vn -0.17851 0.82073 -0.54272
vn -0.1063 0.69859 -0.70759
vn 0.2039 0.65189 -0.73039
vn -0.14249 0.74456 -0.65217
vn 0.29141 0.88652 -0.35941
vn -0.20531 0.89553 -0.39481
vn -0.4487 0.5426 -0.7101
vn 0.34869 0.84778 -0.39959
vn -0.6269 0.3743 -0.6833
vn -0.41429 0.47449 -0.77668
vn -0.41009 0.78918 -0.45719
vn -0.47331 0.75752 -0.44961
vn -0.35579 0.56218 -0.74657
vn -0.2553 -0.1419 -0.95639
vn -0.82671 -0.0038 -0.56261
vn -0.73907 0.37608 -0.55888
vn -0.3132 0.362 -0.87799
vn -0.0854 0.36741 -0.92613
vn -0.60608 -0.52868 -0.59428
vn -0.32311 -0.26631 -0.90812
vn -0.1732 0.0189 -0.98471
vn -0.33329 -0.0483 -0.94158
vn 0.89282 0.27291 0.35831
vn -0.0851 0.219 0.97201
vn -0.92785 0.37042 0.0435
vn -0.38309 0.92347 -0.0211
vn 0.58594 0.69785 0.41193
vn 0.98859 0.1489 0.0227
vn 0.65391 0.39331 0.64631
vn 0.92134 0.33331 0.20011
vn 0.77247 0.20319 0.60167
vn 0.5754 -0.7373 0.354
vn 0.67559 0.3634 0.64149
vn 0.71268 -0.0932 0.69528
vn 0.3919 0.6742 0.626
vn -0.29431 0.72352 0.62442
vn -0.41921 0.67322 0.60912
vn -0.47922 0.47842 0.73584
vn -0.53359 0.75309 0.38489
vn -0.97067 0.23539 0.0489
vn -0.9785 -0.1878 0.0853
vn -0.66868 -0.67358 0.31489
vn 0.0387 -0.93188 0.36069
vn -0.93828 0.33609 0.0817
vn -0.95348 0.23739 0.1858
vn -0.99355 0.11339 0.0014
vn -0.98079 -0.0314 -0.1925
vn -0.96785 -0.20989 -0.13859
vn -0.80139 -0.53629 -0.2649
vn -0.8859 -0.4609 -0.0525
vn -0.0231 0.60181 0.79831
vn -0.61761 -0.76381 -0.1875
vn -0.95769 0.2842 -0.0453
vn -0.89639 0.4408 0.0467
vn -0.7904 0.5675 0.2307
vn -0.79878 0.31219 0.51429
vn -0.74899 0.2448 0.6157
vn -0.196 -0.58871 0.78422
vn -0.82581 -0.35411 0.43891
vn -0.70645 -0.63814 0.30612
vn -0.15351 -0.83994 0.52052
vn 0.2184 -0.94739 0.234
vn 0.76323 -0.64403 -0.052
vn 0.5784 -0.8107 -0.0907
vn 0.64281 -0.75421 -0.134
vn 0.83203 -0.55272 -0.0472
vn 0.97808 -0.1944 -0.0747
vn -0.26819 0.48978 0.82957
vn 0.99122 -0.0002 0.1322
vn 0.96015 0.10729 -0.25809
vn 0.77251 0.2032 0.60161
vn 0.94904 -0.17381 -0.26291
vn 0.96787 -0.20979 -0.1386
vn 0.5418 -0.8276 0.1467
vn 0.77063 -0.63722 -0.0089
vn -0.64989 -0.67139 0.3562
vn -0.84979 -0.036 0.52589
vn -0.69508 0.20969 0.68768
vn -0.58268 0.45458 0.67368
vn -0.64767 0.31099 0.69557
vn -0.2141 0.4806 0.8504
vn -0.60421 0.1509 0.78241
vn 0.64963 0.75853 -0.0511
vn 0.85313 0.51622 0.0754
vn 0.81939 -0.47979 -0.31369
vn 0.82617 -0.34599 -0.44468
vn 0.76511 -0.58511 -0.2688
vn 0.57161 -0.74312 -0.34791
vn -0.0387 -0.93192 0.36061
vn -0.34789 -0.49599 0.79559
vn -0.80413 -0.55062 0.22401
vn 0.0952 -0.97671 0.1923
vn -0.35861 -0.91573 0.18121
vn -0.41051 -0.60682 0.68062
vn -0.81662 -0.18881 0.54542
vn -0.91976 -0.31412 0.23531
vn 0.0696 0.15629 0.98526
vn 0.99622 0.0744 -0.0449
vn 0.80139 -0.53629 -0.2649
vn 0.63806 0.63596 0.43408
vn 0.96474 0.0252 0.26198
vn -0.3352 -0.7903 0.5129
vn -0.96009 0.118 0.2536
vn -0.5606 0.1772 0.8089
vn -0.6144 0.5363 0.5787
vn -0.88992 0.23651 0.39001
vn -0.84333 0.1095 0.52612
vn 0.036 0.78967 0.61248
vn -0.342 0.3707 0.86349
vn 0.62089 0.71529 0.3207
vn -0.43988 0.86095 0.25549
vn 0.12319 0.89725 0.42398
vn 0.3939 0.90431 0.1645
vn 0.38321 0.92342 -0.0212
vn 0.96872 0.24151 0.057
vn 0.99354 0.1135 0.0012
vn 0.9808 -0.0313 -0.1925
vn 0.61761 -0.76381 -0.1875
vn 0.53359 0.75309 0.38489
vn -0.47089 0.84508 0.25319
vn 0.47928 0.47848 0.73577
vn 0.94582 0.24161 0.21691
vn 0.7064 -0.6382 0.3061
vn 0.81608 -0.35829 0.45349
vn 0.8443 -0.2194 0.4889
vn 0.0303 0.3671 0.92969
vn -0.56731 -0.1152 0.81541
vn 0.79878 0.31219 0.51429
vn 0.90981 0.4138 0.0318
vn 0.32179 0.72598 0.60778
vn -0.84051 0.1469 0.5215
vn -0.4802 -0.85589 0.192
vn 0.4087 -0.72969 0.54819
vn 0.66905 -0.50754 0.54294
vn 0.38472 -0.85974 0.33592
vn -0.79352 0.26021 0.55011
vn 0.15 -0.8467 0.5105
vn -0.617 -0.4654 0.6346
vn -0.69549 0.48289 0.53209
vn -0.56129 0.65799 0.50199
vn -0.22059 0.84366 0.48947
vn -0.97684 0.17751 0.1195
vn -0.5754 -0.7373 0.354
vn -0.98627 0.0034 0.1651
vn -0.99277 0.1103 -0.0473
vn -0.94856 -0.0228 0.31579
vn -0.7854 0.1124 0.6087
vn 0.26791 0.49001 0.82952
vn 0.3185 0.89829 0.3027
vn -0.30099 0.84617 0.43978
vn -0.8493 0.5264 0.0398
vn -0.72929 0.68379 -0.0237
vn -0.97504 0.17681 -0.13431
vn -0.9454 0.2887 -0.1512
vn -0.9349 0.3362 -0.1137
vn -0.95391 0.0267 -0.2989
vn -0.9218 0.0257 -0.3868
vn -0.87383 -0.35241 -0.33501
vn -0.69588 -0.64168 -0.32249
vn -0.9582 -0.1211 -0.2592
vn -0.95644 -0.0683 -0.28381
vn -0.98528 0.0215 -0.1696
vn -0.6341 0.282 0.72
vn -0.99605 0.0555 0.0693
vn -0.74179 0.1639 0.65029
vn -0.99735 0.0352 -0.0637
vn -0.94333 0.0192 -0.33131
vn -0.95638 -0.0115 -0.29189
vn -0.95962 -0.2554 -0.1179
vn 0.20849 0.59958 0.77268
vn 0.2631 0.70611 0.65741
vn -0.0641 -0.27971 0.95794
vn -0.1788 0.55441 0.81281
vn 0.66377 0.70007 0.26329
vn -0.352 0.60651 0.71291
vn -0.49001 -0.0814 0.86791
vn -0.55711 -0.71242 0.42671
vn 0.1048 0.63799 0.76288
vn -0.3417 -0.0277 0.9394
vn 0.85662 -0.1374 -0.49731
vn 0.96299 -0.199 -0.1818
vn 0.97033 0.20561 -0.1272
vn 0.82342 0.32591 -0.46451
vn 0.87893 0.42011 -0.22581
vn 0.83104 0.52852 0.17331
vn 0.93809 -0.3464 -0.0008
vn 0.62408 -0.73778 -0.25729
vn 0.66648 -0.48838 -0.56328
vn 0.122 -0.9249 0.3601
vn -0.1536 -0.83992 0.52051
vn -0.2957 -0.58731 0.75341
vn 0.3255 -0.93191 0.16
vn 0.93369 -0.3342 0.1286
vn 0.88261 -0.0026 -0.4701
vn 0.95662 0.1622 -0.24201
vn 0.1559 0.62109 0.76808
vn -0.6182 0.1868 0.7635
vn -0.69811 -0.41521 0.58331
vn 0.85231 0.2701 0.4479
vn 0.71742 0.62782 0.30191
vn 0.10919 0.34898 0.93075
vn 0.39381 0.90433 0.16461
vn 0.88867 -0.0623 -0.45429
vn 0.71747 0.62777 0.30189
vn 0.5171 0.5985 0.6119
vn 0.58073 0.59613 0.55443
vn 0.46791 0.66031 0.58741
vn 0.5433 -0.1721 -0.82171
vn 0.52089 -0.0617 -0.85139
vn 0.70567 0.33718 0.62317
vn 0.6402 -0.0595 -0.7659
vn 0.0167 -0.98784 0.15461
vn 0.64541 0.72391 -0.2437
vn 0.76649 0.5621 -0.3107
vn 0.86768 0.49699 0.012
vn 0.1325 0.9368 0.3238
vn 0.21241 0.93085 0.29732
vn -0.0433 0.97949 0.1968
vn 0.63467 0.71827 0.28509
vn 0.89803 0.37951 0.22251
vn 0.91751 0.3772 0.1261
vn 0.2483 0.7421 0.6226
vn 0.23051 0.65422 0.72032
vn 0.71011 0.49561 0.50011
vn 0.8478 0.3869 0.3627
vn 0.78164 0.59793 -0.17751
vn 0.81809 0.56979 0.0779
vn 0.96438 0.2228 0.1426
vn 0.0224 -0.0816 0.99641
vn -0.4109 -0.0913 0.9071
vn 0.1246 -0.45422 0.88213
vn -0.23099 -0.49068 0.84016
vn -0.0626 -0.68348 0.72728
vn 0.95828 0.22309 0.1787
vn 0.66691 0.1064 0.73751
vn 0.86326 -0.11549 0.49138
vn 0.56677 0.0618 0.82156
vn 0.87571 0.0149 0.48261
vn 0.66633 -0.16071 0.72813
vn 0.2186 -0.0427 0.97488
vn 0.18611 -0.63714 0.74794
vn -0.24559 -0.61687 0.74777
vn 0.2917 -0.52479 0.79969
vn 0.85379 -0.31699 0.41299
vn 0.99935 -0.0349 -0.0085
vn 0.97524 0.20811 -0.0748
vn 0.74193 -0.38342 0.55002
vn 0.90673 -0.42032 0.0342
vn 0.89615 -0.33342 0.29282
vn 0.84118 -0.35549 0.40749
vn 0.97552 -0.116 -0.1868
vn 0.92621 0.294 -0.236
vn 0.95641 0.2417 -0.1639
vn 0.98581 -0.0932 -0.1396
vn 0.95091 -0.0798 -0.299
vn 0.64569 0.0252 -0.76319
vn 0.73819 0.2597 -0.6226
vn 0.99212 -0.0421 -0.118
vn 0.59277 -0.38668 0.70647
vn 0.97546 0.12639 -0.18029
vn 0.0477 0.1941 -0.97982
vn -0.18009 0.48058 -0.85826
vn 0.27689 0.73557 -0.61828
vn 0.89328 0.40789 -0.1889
vn 0.99723 0.0286 0.0687
vn 0.9672 0.0303 -0.2522
vn 0.91642 -0.32631 -0.23171
vn 0.17871 0.59483 -0.78374
vn 0.74981 -0.1398 -0.64671
vn 0.214 0.0932 -0.97238
vn -0.4607 -0.2681 -0.8461
vn -0.5384 0.1098 -0.8355
vn 0.1102 -0.36978 -0.92256
vn 0.62939 -0.52129 -0.57629
vn 0.80989 -0.37699 -0.44939
vn -0.49 0.6003 -0.6321
vn -0.40592 0.56703 -0.71673
vn 0.78481 -0.2663 -0.55961
vn 0.333 -0.51061 -0.79271
vn -0.88802 -0.0804 -0.45271
vn -0.89882 0.1068 -0.42511
vn -0.78377 0.30199 -0.54268
vn -0.75499 0.2243 -0.61619
vn -0.57069 0.1314 -0.81059
vn -0.90493 0.34401 -0.25051
vn -0.81321 0.51051 -0.2794
vn -0.8138 0.0693 -0.577
vn -0.85987 0.1265 -0.49459
vn -0.91956 -0.0597 -0.38838
vn -0.85433 -0.1256 -0.50432
vn -0.85937 -0.0414 -0.50968
vn -0.87937 0.0473 -0.47378
vn -0.94713 0.0827 -0.31001
vn 0.49471 0.67491 -0.54751
vn 0.2412 -0.36459 -0.89939
vn 0.90577 -0.21309 -0.36629
vn 0.33152 0.60113 -0.72714
vn -0.28149 0.24079 -0.92886
vn 0.842 -0.2006 -0.5008
vn -0.1165 -0.146 -0.9824
vn -0.61899 -0.1218 -0.77589
vn -0.81029 -0.088 -0.57939
vn -0.14919 -0.29668 -0.94325
vn 0.96289 -0.0029 -0.2699
vn -0.15149 -0.15349 0.97647
vn -0.58507 -0.1116 -0.80326
vn -0.85433 -0.004 -0.51972
vn 0.0212 0.20211 0.97913
vn -0.44232 0.15571 0.88324
vn 0.0411 0.054 0.99769
vn -0.9266 0.3222 -0.1939
vn -0.83621 -0.0702 0.5439
vn -0.9721 0.2051 -0.1138
vn -0.97357 0.0889 -0.21039
vn -0.98441 -0.1401 -0.1063
vn -0.41189 -0.74508 0.52459
vn -0.3035 -0.5263 0.79429
vn 0.206 -0.43189 0.87809
vn 0.1479 -0.2822 0.94789
vn 0.40959 -0.51089 0.75579
vn 0.73548 -0.28969 0.61249
vn 0.62526 -0.22509 0.74725
vn -0.81422 0.45251 0.36371
vn -0.94276 0.22149 0.24929
vn -0.83637 -0.45588 0.30439
vn 0.0153 -0.95188 0.30609
vn 0.77632 -0.51211 0.36751
vn -0.3626 -0.2324 0.9025
vn -0.16979 -0.69278 -0.70088
vn 0 -0.89023 -0.45551
vn -0.54258 -0.51388 -0.66448
vn -0.75889 -0.58339 -0.28939
vn -0.81007 -0.132 -0.57128
vn -0.96844 0.0205 -0.24841
vn -0.96018 0.1072 -0.25799
vn -0.90313 0.29801 0.30911
vn -0.76682 0.64162 -0.0179
vn -0.31371 0.73892 0.59631
vn 0.36161 0.87132 0.33171
vn -0.62819 0.73529 0.2544
vn 0.32471 0.55682 0.76453
vn -0.43558 -0.84876 -0.29979
vn -0.97354 0.0889 -0.21051
vn -0.66083 -0.64503 -0.38372
vn -0.92773 0.37321 -0.0055
vn -0.0037 0.4955 0.8686
vn 0.96234 -0.19779 0.18649
vn 0.77398 -0.59388 0.21969
vn 0.44702 -0.84124 0.30411
vn 0.7988 0.3121 0.5143
vn 0.6038 0.4998 0.621
vn -0.4584 0.435 0.77501
vn -0.70952 0.25631 0.65642
vn -0.95947 0.27589 0.0575
vn -0.98041 0.1968 0.0075
vn -0.9621 0.1953 0.1903
vn -0.58077 0.63137 0.51388
vn -0.2276 0.78189 0.58039
vn -0.96935 0.23579 -0.0691
vn -0.5319 0.8468 -0.0029
vn -0.49189 0.81738 0.29989
vn -0.48661 0.36411 0.79412
vn -0.29901 0.95264 -0.0553
vn 0.1498 0.74469 0.65039
vn 0.95511 0.2913 0.054
vn 0.6346 0.7183 0.2852
vn -0.85635 0.30742 0.41492
vn -0.96595 -0.16029 0.20309
vn -0.98627 0.0035 0.1651
vn -0.88324 -0.44022 0.16151
vn -0.93959 -0.0528 0.3382
vn -0.1852 -0.90562 0.38151
vn -0.88994 0.23641 0.39002
vn -0.55341 0.52401 0.64741
vn -0.53608 0.25799 0.80378
vn -0.44861 -0.50201 0.73942
vn -0.24429 -0.80698 0.53769
vn -0.3975 0.91069 0.1124
vn -0.94182 0.1938 0.27461
vn -0.5808 0.6314 0.5138
vn -0.1154 0.98194 0.14991
vn 0.60553 0.75184 0.26091
vn -0.69577 0.39259 0.60148
vn 0.95841 0.0505 -0.2809
vn 0.23891 0.84043 0.48642
vn 0.23601 -0.90984 0.34131
vn 0.9585 -0.0024 0.2851
vn 0.6813 -0.7285 0.0716
vn 0.97294 -0.22841 -0.0348
vn 0.96017 0.1073 -0.25799
vn 0.88331 0.4681 0.0255
vn 0.96651 0.0885 0.2409
vn 0.5859 0.6979 0.4119
vn -0.35851 0.29671 0.88512
vn 0.70688 0.53768 0.45959
vn 0.64002 0.66442 0.38591
vn 0.70401 0.59021 0.395
vn -0.93564 -0.0244 -0.35211
vn -0.99893 -0.0137 -0.0441
vn -0.99935 -0.035 -0.0085
vn 0.1132 -0.19101 -0.97504
vn -0.239 -0.3188 -0.9172
vn -0.0845 -0.4032 -0.9112
vn -0.4854 -0.4064 -0.7741
vn -0.16489 -0.42579 -0.88967
vn -0.2708 -0.1722 -0.94711
vn -0.40019 -0.0109 -0.91637
vn -0.4752 0.0618 -0.8777
vn -0.5168 -0.3164 -0.7955
vn -0.2778 -0.71871 -0.63741
vn -0.6512 -0.4252 -0.6286
vn -0.7502 -0.0026 -0.6612
vn 0.0826 -0.97015 0.22799
vn -0.025 -0.97082 0.2385
vn 0.104 -0.98203 0.1575
vn -0.0606 -0.973 -0.2227
vn -0.1249 -0.98932 -0.0752
vn 0.1237 -0.9903 0.0633
vn 0.1913 -0.9631 -0.1893
vn -0.1873 -0.97911 -0.0791
vn 0.24829 -0.93667 -0.24699
vn 0.5176 -0.8556 -0.0063
vn 0.0911 -0.99528 0.0336
vn -0.0668 -0.99716 0.0349
vn 0.71112 -0.65922 -0.24441
vn 0.50431 -0.77741 -0.37591
vn 0.4632 -0.83901 -0.2855
vn 0.39532 -0.91164 -0.11241
vn 0.2949 -0.94799 0.1198
vn -0.0901 -0.99376 0.0657
vn 0.30341 -0.95193 0.0421
vn -0.24849 -0.77588 0.57988
vn -0.48512 -0.72834 0.48392
vn 0.0045 -0.9406 -0.3395
vn 0.27571 -0.86094 -0.42752
vn 0.49549 -0.86279 -0.1004
vn 0.2499 -0.9653 0.0758
vn -0.15581 -0.95544 0.25071
vn -0.49151 -0.86462 0.1042
vn 0.28139 -0.95197 -0.1207
vn 0.0943 -0.9759 -0.1968
vn 0.052 -0.98201 -0.1815
vn 0.41921 0.28221 0.86292
vn 0.59379 0.61369 0.52039
vn -0.92224 -0.0156 -0.38631
vn -0.88476 0.18239 -0.42888
vn -0.71793 0.47592 -0.50802
vn -0.90491 0.2797 -0.3208
vn -0.9331 0.0998 0.3455
vn -0.86318 -0.0106 0.50479
vn -0.83621 -0.0701 0.54391
vn -0.58893 -0.21291 0.77964
vn -0.98759 -0.0969 -0.1236
vn -0.97385 -0.06 -0.21911
vn -0.85941 -0.0414 -0.50961
vn -0.87429 0.0036 -0.48539
vn -0.96016 0.1072 -0.25809
vn -0.88611 0.35771 -0.2947
vn -0.78281 0.55311 -0.2851
vn -0.83923 0.46911 -0.27501
vn -0.97502 0.1769 -0.1343
vn -0.83487 0.22159 -0.50388
vn -0.96962 0.1336 -0.2049
vn -0.96043 0.0521 -0.27361
vn -0.97355 0.0889 -0.21049
vn -0.33549 -0.15759 0.92877
vn 0.49072 -0.0222 0.87103
vn -0.79605 -0.0512 0.60306
vn -0.1676 -0.2069 0.9639
vn 0.6562 0.0322 0.7539
vn 0.92447 -0.0643 0.37579
vn 0.98865 -0.039 0.14509
vn 0.94855 -0.0228 0.31582
vn 0.84867 -0.17739 0.49828
vn 0.49648 0.0293 0.86756
vn 0.66812 -0.0537 0.74212
vn 0.98288 -0.0834 0.1643
vn 0.94442 -0.2045 0.2574
vn -0.112 0.0508 0.99241
vn 0.98809 0.1196 0.0968
vn 0.97911 -0.1975 0.0483
vn 0.95142 -0.21721 -0.21821
vn 0.74513 -0.101 -0.65923
vn 0.86233 -0.1003 -0.49632
vn 0.37439 -0.50379 -0.77848
vn 0.97436 -0.0686 -0.21429
vn 0.55089 -0.1055 -0.82788
vn -0.0129 -0.2642 -0.96438
vn 0.5245 0.0985 -0.8457
vn -0.0895 -0.32771 -0.94053
vn -0.0673 0.0663 -0.99553
vn -0.39519 -0.1418 -0.90759
vn 0.0239 -0.0308 -0.99924
vn 0.44979 0.1407 -0.88198
vn 0.89513 0.1068 -0.43282
vn 0.1328 0.1247 -0.98327
vn -0.0597 -0.2217 -0.97329
vn -0.2124 0.0119 -0.97711
vn 0.38319 -0.1389 -0.91317
vn 0.1414 -0.455 -0.87919
vn 0.0048 -0.5616 -0.8274
vn 0.0639 -0.1832 -0.981
vn 0.36559 -0.33399 -0.86879
vn 0.69713 -0.35772 -0.62133
vn 0.90812 -0.1694 -0.38291
vn 0.48349 -0.55759 -0.67478
vn 0.95891 -0.1813 -0.2182
vn 0.93195 -0.064 -0.35688
vn 0.2116 -0.5071 -0.83551
vn 0.68184 0.62154 0.38572
vn 0.9632 -0.2346 0.1312
vn 0.62829 0.74249 0.2323
vn 0.11651 0.68983 0.71453
vn 0.242 -0.1759 0.9542
vn -0.49668 0.16979 0.85116
vn -0.1794 -0.94303 0.28021
vn -0.61111 -0.28871 0.73701
vn 0.9443 0.3202 -0.076
vn 0.93237 -0.1189 -0.34139
vn 0.8882 0.353 0.2941
vn -0.1456 0.2077 0.9673
vn -0.70241 0.1554 0.69461
vn -0.62408 -0.035 0.78058
vn -0.57541 0.3044 0.75911
vn 0.86687 -0.16459 -0.47058
vn -0.19799 0.73068 0.65338
vn 0.195 0.46049 0.86598
vn 0.3426 0.4783 0.80861
vn 0.86803 0.47761 0.1357
vn 0.91543 0.35241 -0.19441
vn 0.72999 0.0193 -0.68319
vn 0.76754 -0.0434 -0.63953
vn 0.75543 -0.31991 -0.57182
vn 0.65103 -0.44292 -0.61643
vn 0.5194 -0.345 -0.7818
vn 0.56028 0.0321 -0.82768
vn 0.4752 0.0254 -0.87951
vn 0.3864 -0.0279 -0.92191
vn 0.49781 -0.146 -0.85491
vn 0.1704 -0.4116 -0.89529
vn 0.48731 -0.40751 -0.77231
vn 0.0838 -0.40478 -0.91056
vn 0.2394 -0.3185 -0.9172
vn 0.81116 0.19549 -0.55118
vn 0.90422 0.27131 -0.32981
vn 0.98548 0.02 -0.1686
vn 0.64545 0.72385 -0.24378
vn 0.86862 0.27581 -0.41161
vn 0.87842 0.41531 0.23641
vn 0.6718 0.2457 0.6988
vn -0.31611 0.30031 0.89994
vn -0.67948 -0.0998 -0.72688
vn -0.98759 -0.097 -0.1235
vn 0.3557 0.0711 0.93189
vn -0.0359 0.2202 0.97479
vn -0.75002 -0.24081 -0.61602
vn -0.3823 -0.1055 -0.918
vn -0.44099 -0.1345 -0.88738
vn -0.96867 0.20999 0.1326
vn -0.40572 -0.88904 0.21211
vn -0.6746 0.0113 0.7381
vn -0.99734 0.0352 -0.0638
vn -0.49687 -0.45438 0.73936
vn -0.61252 -0.78713 -0.0724
vn -0.65524 -0.12891 0.74434
vn -0.88474 0.18241 -0.42892
vn -0.48652 -0.61482 -0.62072
vn -0.1997 -0.2361 -0.95099
vn -0.50912 -0.71622 -0.47731
vn 0.96836 -0.16109 -0.19059
vn 0.93504 0.33601 -0.1131
vn 0.92329 -0.1589 -0.3497
vn 0.95656 -0.13441 -0.25872
vn 0.87388 -0.35229 -0.33499
vn 0.69571 -0.64181 -0.3226
vn -0.2219 0.53951 0.81221
vn -0.20539 0.67128 0.71218
vn 0.72058 0.55269 0.41869
vn -0.31419 -0.91616 0.24889
vn 0.63169 -0.76229 0.141
vn 0.8792 -0.4615 0.1184
vn -0.54102 -0.60632 0.58282
vn -0.54098 -0.60638 0.58278
vn 0.794 0.4863 0.3648
vn -0.14961 0.72572 0.67152
vn -0.42751 0.60701 0.66991
vn 0.8235 0.5531 0.1262
vn 0.84634 0.53162 0.033
vn -0.59649 0.32789 0.73259
vn -0.50649 -0.86099 -0.0466
vn -0.39479 -0.90817 0.1392
vn -0.86033 -0.49142 0.13541
vn -0.82463 0.38101 0.41811
vn -0.73079 0.5013 0.4633
vn -0.95105 0.15301 -0.26851
vn 0.1745 0.5499 0.8168
vn -0.46788 0.66027 0.58748
vn -0.58073 0.59613 0.55443
vn -0.64968 0.75848 -0.0512
vn -0.95379 0.3004 0.0068
vn -0.97137 0.23719 0.0135
vn 0.60421 0.1509 0.78241
vn -0.10909 0.34898 0.93076
vn -0.8357 0.5233 0.1666
vn -0.96299 -0.199 -0.1818
vn -0.8291 0.3172 -0.4604
vn -0.73831 0.1194 -0.66381
vn -0.156 0.62101 0.76812
vn 0.64761 0.31101 0.69561
vn 0.57243 0.44693 0.68744
vn -0.92134 0.33331 0.20011
vn -0.93809 -0.3464 -0.0008
vn -0.66648 -0.48838 -0.56328
vn -0.87433 0.0036 -0.48532
vn 0.1629 -0.231 -0.95922
vn 0.5108 -0.232 -0.8278
vn 0.24721 -0.21271 -0.94533
vn 0.56342 -0.22291 -0.79553
vn 0.50471 -0.17901 -0.84452
vn 0.0521 -0.43058 -0.90105
vn 0.29511 -0.59282 -0.74932
vn -0.59699 -0.3263 -0.73289
vn -0.65019 -0.1996 -0.73309
vn -0.76219 0.1849 -0.62039
vn -0.5431 -0.1723 -0.8218
vn 0.75514 -0.22911 -0.61423
vn 0.83171 -0.0808 -0.5493
vn 0.1049 -0.28611 -0.95244
vn 0.46061 -0.20321 -0.86403
vn -0.88464 0.32441 -0.33491
vn -0.74773 -0.19631 -0.63432
vn -0.91512 0.35651 -0.1883
vn -0.53451 0.59461 0.60061
vn -0.70562 0.33721 0.62321
vn 0.4425 0.8635 0.242
vn -0.63806 0.63596 0.43408
vn 0.342 0.3707 0.86349
vn 0.7619 0.3354 0.5541
vn 0.8434 0.1096 0.526
vn 0.8509 0.2159 0.4789
vn 0.91736 0.19999 0.34418
vn 0.48898 0.83866 0.23989
vn -0.9731 -0.0736 0.2183
vn -0.3387 -0.32 0.88481
vn 0.64251 0.0778 0.76232
vn 0.91 0.1783 0.3743
vn 0.97943 -0.0007 0.20181
vn 0.84047 -0.50508 0.19619
vn 0.91977 -0.31409 0.23529
vn 0.95855 -0.26681 0.1
vn 0.35861 -0.91573 0.18121
vn -0.52879 -0.82449 0.2015
vn -0.7212 -0.6817 0.1231
vn -0.82617 -0.34609 -0.44459
vn -0.81939 -0.47979 -0.31369
vn -0.57161 -0.74312 -0.34791
vn -0.95112 -0.2007 -0.23471
vn -0.78402 0.1703 0.59692
vn 0.69501 0.2101 0.68761
vn -0.4023 -0.2654 0.8762
vn -0.75712 -0.64681 -0.0917
vn 0.49819 -0.72329 0.47819
vn 0.49001 -0.0814 0.86791
vn 0.61821 0.1867 0.76352
vn 0.65004 -0.67124 0.35622
vn -0.75975 -0.65004 0.0151
vn 0.69811 -0.41521 0.58331
vn -0.32541 -0.93194 0.16001
vn -0.93557 -0.32539 0.1372
vn -0.6317 -0.7623 0.1409
vn -0.122 -0.92487 0.36019
vn 0.30341 -0.95193 0.042
vn 0.1307 -0.98297 0.1292
vn 0.54032 -0.72323 -0.43012
vn 0.0869 -0.99009 -0.1103
vn 0.31771 -0.94812 -0.0111
vn -0.0852 -0.97943 -0.18291
vn 0.14119 -0.97496 -0.17179
vn -0.0138 -0.99909 0.0404
vn 0.0069 -0.99997 -0.0018
vn -0.0606 -0.98567 -0.1574
vn -0.0911 -0.99584 -0.0015
vn 0.2841 -0.94111 0.1833
vn -0.1268 -0.9919 0.0071
vn -0.0506 -0.99834 -0.0274
vn -0.1959 -0.97052 -0.1404
vn -0.18731 -0.98203 0.0229
vn -0.20369 -0.96126 0.18569
vn 0.47813 -0.87575 0.0668
vn 0.0205 -0.99187 -0.1256
vn 0.0866 -0.98323 -0.1605
vn -0.2246 -0.97312 -0.0509
vn -0.44541 0.62261 -0.64341
vn -0.77762 0.023 -0.62832
vn -0.78352 -0.20461 -0.58671
vn -0.98794 -0.021 -0.15341
vn -0.15709 0.11429 0.98095
vn 0.5717 -0.3656 0.7345
vn 0.6631 -0.3297 0.672
vn -0.98067 0.1372 -0.1395
vn -0.90263 0.31851 -0.28951
vn -0.49709 0.41099 -0.76419
vn 0.96232 -0.1617 0.21861
vn -0.39 -0.68899 0.61089
vn -0.96826 -0.24919 0.0196
vn -0.13919 0.17059 -0.97546
vn 0.6773 0.5335 -0.5066
vn 0.8011 0.4547 -0.3892
vn 0.91437 0.064 -0.39979
vn 0.45832 0.28711 -0.84114
vn -0.58329 0.33759 -0.73879
vn -0.95106 0.15299 -0.26849
vn -0.98883 0.0955 -0.1144
vn 0.44421 0.24621 -0.86143
vn 0.92835 -0.36208 0.084
vn 0.90811 -0.1695 -0.3829
vn -0.99645 0.0063 -0.0839
vn -0.95638 -0.0114 -0.29189
vn -0.49398 0.38078 -0.78166
vn 0.2628 0.1228 -0.957
vn 0.90253 -0.25741 -0.34521
vn 0.94723 -0.31991 0.0202
vn 0.93764 -0.34172 -0.0637
vn 0.78331 -0.4017 -0.47441
vn 0.39651 -0.66932 -0.62832
vn 0.32751 -0.92162 -0.20821
vn 0.27059 -0.1057 -0.95687
vn 0.2006 -0.3187 -0.92639
vn 0.52302 0.0583 -0.85033
vn 0.34391 0.0328 -0.93843
vn -0.52138 0.22039 -0.82437
vn -0.3547 0.0852 -0.93109
vn -0.21161 0.25151 -0.94444
vn -0.6688 0.2159 -0.7114
vn -0.1301 0.2729 -0.9532
vn -0.85549 0.2227 -0.46749
vn -0.99276 0.1104 -0.0473
vn -0.83888 0.50019 0.21469
vn -0.85553 0.22271 -0.46741
vn -0.93154 0.11901 -0.34361
vn -0.88579 0.0934 0.45459
vn -0.92998 -0.1286 0.34439
vn -0.73349 -0.0438 0.67829
vn -0.61201 -0.0669 0.78801
vn -0.91561 -0.1389 0.37731
vn -0.55071 -0.2177 0.80581
vn -0.76806 -0.24519 0.59157
vn -0.74815 -0.34108 0.56916
vn -0.81261 0.2964 -0.50181
vn -0.74333 -0.56082 0.36461
vn 0.68328 -0.39219 0.61588
vn 0.4581 -0.3672 0.80951
vn 0.061 -0.49941 0.86422
vn 0.1294 -0.8757 0.4652
vn -0.99935 -0.035 -0.0086
vn 0.77138 -0.34229 0.53648
vn 0.81093 -0.39781 0.42911
vn 0.81096 -0.39778 0.42908
vn 0.68052 -0.56692 0.46421
vn -0.84298 -0.46639 0.26809
vn 0.81399 -0.42179 0.39939
vn 0.8439 -0.423 0.33
vn 0.65351 -0.57901 0.48751
vn 0.9976 0.0579 0.0381
vn 0.94354 0.0188 -0.33072
vn 0.86051 0.0517 0.50681
vn 0.96709 -0.0231 0.2534
vn 0.95087 -0.0799 -0.29909
vn 0.99826 0.0033 -0.0588
vn 0.57751 0.1703 0.79842
vn -0.20759 0.35719 0.91067
vn 0.72647 0.20639 0.65547
vn 0.97163 0.17021 0.16421
vn 0.63918 0.25889 0.72417
vn -0.24511 0.21601 0.94513
vn -0.98248 -0.0748 -0.1707
vn 0.7292 0.6839 -0.0236
vn 0.63471 0.54971 0.54311
vn 0.23889 0.84046 0.48638
vn 0.55841 0.64361 0.52341
vn 0.84637 0.53158 0.033
vn -0.80861 0.1906 0.55661
vn 0.6402 -0.0594 -0.7659
vn -0.95119 -0.1456 0.2721
vn -0.92451 -0.0643 0.3757
vn -0.61113 -0.28861 0.73704
vn -0.76802 -0.24521 0.59162
vn -0.77882 -0.2003 0.59441
vn -0.75009 -0.4822 0.4526
vn -0.74193 -0.38342 0.55002
vn -0.81582 -0.45691 0.35451
vn -0.66628 -0.1607 0.72818
vn -0.89033 -0.37181 0.26281
vn -0.86996 -0.28519 0.40228
vn -0.36269 -0.23239 0.90247
vn -0.47349 -0.55259 0.68589
vn -0.47773 -0.59543 0.64594
vn -0.55143 -0.0529 0.83254
vn -0.29322 -0.17141 0.94055
vn -0.0227 -0.0811 0.99645
vn -0.23421 -0.64833 0.72444
vn -0.75567 -0.62618 0.19199
vn -0.2603 -0.95199 -0.1611
vn -0.4171 -0.90511 -0.0825
vn -0.3698 -0.92259 -0.1099
vn -0.3294 -0.74891 0.57501
vn -0.53759 -0.84309 0.014
vn -0.60592 -0.79552 -0.0039
vn -0.67178 -0.72778 0.138
vn -0.80853 -0.57012 -0.14571
vn 0.85048 0.43989 -0.28839
vn 0.83167 0.47578 -0.28629
vn 0.93564 -0.0243 -0.35212
vn 0.86177 0.057 -0.50408
vn 0.97345 0.16111 -0.16261
vn 0.83341 0.2136 -0.50971
vn 0.91172 0.2224 -0.34541
vn 0.83849 0.1616 -0.5204
vn 0.97357 0.0889 -0.21039
vn 0.98441 -0.1401 -0.1063
vn 0.79601 -0.0512 0.60311
vn -0.20601 -0.43201 0.87802
vn 0.0611 -0.49941 0.86421
vn -0.62526 -0.22509 0.74725
vn 0.46391 0.0698 0.88313
vn 0.42292 0.15431 0.89293
vn -0.0411 0.0541 0.99769
vn -0.2186 -0.0427 0.97488
vn -0.65529 -0.1289 0.74429
vn -0.65523 -0.12901 0.74433
vn -0.0452 -0.2224 0.97391
vn -0.99212 -0.0421 -0.118
vn -0.83953 -0.1053 0.53302
vn -0.84121 -0.3554 0.4075
vn -0.90675 -0.42028 0.0343
vn -0.1758 -0.75968 0.62608
vn -0.66529 -0.2536 0.70219
vn -0.82683 -0.28361 0.48572
vn -0.71861 -0.2925 0.63091
vn -0.94861 0.1042 0.2988
vn -0.66812 -0.0537 0.74212
vn -0.98554 -0.1009 0.13611
vn -0.93277 -0.20299 -0.29789
vn -0.78479 -0.2664 -0.55959
vn -0.691 -0.1803 -0.7
vn -0.333 -0.51061 -0.79271
vn -0.28039 -0.11679 -0.95276
vn 0.1627 -0.3008 -0.93971
vn 0.1165 -0.146 -0.9824
vn 0.61899 -0.1218 -0.77589
vn -0.98043 0.19671 0.0075
vn -0.95382 0.30031 0.0068
vn -0.8056 -0.3952 -0.4414
vn -0.60611 -0.52871 -0.59421
vn -0.99534 0.0844 0.0466
vn 0.81052 -0.1061 -0.57602
vn 0.85987 0.1265 -0.49459
vn 0.38971 -0.37991 -0.83892
vn -0.0196 -0.52678 -0.84977
vn -0.11021 -0.36982 -0.92255
vn -0.74981 -0.1398 -0.64671
vn 0.90493 0.34401 -0.25051
vn 0.5824 0.3597 -0.72899
vn 0.80577 0.53908 -0.24519
vn -0.14099 0.30559 -0.94167
vn 0.81121 0.1955 -0.55111
vn 0.86177 0.0571 -0.50408
vn 0.76327 0.21209 -0.61028
vn -0.28239 0.0379 -0.95855
vn -0.6248 0.1429 -0.7676
vn -0.64038 0.25249 -0.72537
vn -0.65309 0.3136 -0.68929
vn -0.81399 -0.42179 0.39939
vn -0.93409 0.324 -0.15
vn -0.92652 0.36581 -0.088
vn -0.9137 0.3994 -0.0751
vn -0.92547 0.36369 0.106
vn -0.87049 0.3766 0.3169
vn -0.81418 0.45259 0.36369
vn -0.63967 0.69777 0.32239
vn -0.67421 0.57771 0.46011
vn -0.65239 0.75409 0.0757
vn -0.53088 0.84437 -0.0722
vn -0.68441 0.70681 -0.1789
vn -0.53687 0.83866 0.0918
vn -0.8005 0.5977 -0.0441
vn -0.54899 -0.48239 0.68258
vn -0.88934 0.42922 -0.15761
vn -0.8259 0.5089 -0.2427
vn -0.85314 0.51622 0.0753
vn -0.53001 0.78851 -0.312
vn -0.66978 0.49759 -0.55118
vn -0.52818 0.40269 -0.74757
vn -0.67492 0.68742 -0.26821
vn -0.57381 0.62301 -0.53161
vn -0.48442 0.19931 -0.85183
vn -0.89015 0.45547 0.0134
vn -0.76889 0.59319 -0.2386
vn -0.64268 0.70728 -0.29449
vn -0.2904 -0.0018 -0.9569
vn 0.47049 0.77529 -0.42139
vn 0.46241 0.55931 -0.68801
vn 0.0206 0.29801 -0.95434
vn -0.0174 0.51308 -0.85817
vn -0.46681 0.73012 -0.49901
vn -0.4732 0.75759 -0.4496
vn -0.57212 0.75592 -0.31821
vn 0.51421 0.56241 -0.64752
vn 0.44701 0.68381 -0.57671
vn -0.81202 0.45111 -0.37031
vn -0.1615 0.87952 -0.44761
vn -0.50172 0.86283 0.0616
vn -0.42708 0.90397 -0.0211
vn -0.57597 0.78416 -0.23099
vn -0.42481 0.80873 -0.40681
vn -0.45062 0.83924 -0.30432
vn -0.39671 0.84402 -0.36091
vn 0.083 0.93944 0.33251
vn 0.635 0.6267 -0.4517
vn -0.0902 0.89098 -0.44499
vn 0.0277 0.88467 -0.46539
vn -0.0272 0.85023 -0.52572
vn -0.22479 0.94316 -0.24479
vn -0.28561 0.95694 0.0519
vn -0.2799 0.9218 -0.2682
vn 0.0334 0.99543 -0.0895
vn -0.16519 0.98334 -0.0758
vn -0.3481 0.93709 0.0263
vn -0.3481 0.93709 0.0262
vn 0.0961 0.94528 -0.31179
vn -0.69837 0.60528 -0.38199
vn -0.3165 0.93091 -0.1823
vn -0.35551 0.92502 0.134
vn -0.0738 0.9664 0.2462
vn -0.4055 0.721 0.5619
vn -0.84388 0.38039 0.37839
vn -0.86957 0.47378 0.1392
vn -0.6997 0.7031 0.1268
vn -0.73997 0.62268 -0.25439
vn -0.88016 0.47238 0.0467
vn -0.78164 0.59793 -0.17751
vn -0.92436 0.35428 0.14159
vn -0.89803 0.37951 0.22251
vn -0.95886 0.25579 0.1231
vn -0.83613 -0.15281 0.52682
vn -0.84984 -0.0359 0.52582
vn 0.24139 -0.48618 0.83986
vn -0.10991 -0.42762 0.89725
vn 0.4142 -0.0883 0.90589
vn 0.0655 -0.6835 0.727
vn -0.66701 0.1064 0.73741
vn -0.86326 -0.11549 0.49138
vn -0.56677 0.0618 0.82156
vn -0.73819 0.2597 -0.6226
vn -0.64569 0.0252 -0.76319
vn -0.76861 0.3719 -0.52051
vn -0.17869 0.59478 -0.78378
vn 0.40592 0.56703 -0.71673
vn -0.2139 0.093 -0.97242
vn 0.44151 -0.26241 -0.85803
vn 0.78377 0.30199 -0.54268
vn -0.41431 0.47441 -0.77671
vn 0.95642 0.24171 -0.1638
vn 0.4646 0.8851 0.0271
vn 0.63466 0.71825 0.28518
vn 0.0039 0.4526 0.8917
vn -0.1149 0.66123 0.74133
vn -0.77251 0.2032 0.60161
vn -0.61844 0.46573 0.63295
vn -0.66207 0.27169 0.69847
vn -0.1035 0.71658 0.68978
vn 0.77422 0.55391 0.30621
vn 0.92445 0.38128 -0.0031
vn 0.4792 0.4785 0.7358
vn -0.58079 0.59609 0.55439
vn -0.0826 -0.97015 0.22799
vn 0.013 -0.97971 0.2
vn 0.0305 -0.96897 -0.24529
vn -0.0193 -0.98725 0.15801
vn -0.21309 -0.94897 -0.23249
vn -0.0663 -0.98654 0.14951
vn -0.68933 -0.66483 -0.28781
vn -0.50371 -0.76971 -0.39221
vn -0.4633 -0.8284 -0.3148
vn -0.28582 -0.95586 0.0681
vn -0.113 -0.98389 0.1385
vn 0.2549 -0.80601 0.53421
vn -0.2919 -0.8461 -0.446
vn -0.2539 -0.94429 -0.2094
vn -0.0057 -0.92821 -0.37201
vn -0.36051 -0.84172 -0.40191
vn -0.25041 -0.96713 0.0442
vn 0.1655 -0.95947 0.22809
vn 0.0912 -0.99526 0.0337
vn -0.161 -0.98692 -0.0083
vn -0.2932 -0.95601 0.0082
vn -0.213 -0.94899 -0.2325
vn 0.3178 -0.94809 -0.0111
vn 0.0497 -0.98789 -0.147
vn 0.0826 -0.97018 0.22789
vn 0.87392 -0.48601 0.0076
vn 0.57347 -0.81846 -0.0355
vn 0.70849 -0.70189 -0.0734
vn 0.88429 -0.3905 -0.256
vn 0.69572 0.39261 0.60152
vn 0.70298 -0.35289 0.61748
vn -0.4852 -0.7283 0.4839
vn -0.29199 -0.70687 0.64427
vn 0.0683 0.76322 0.64252
vn -0.61851 0.4657 0.63291
vn -0.0722 0.81791 0.5708
vn -0.86313 0.1256 0.48912
vn 0.24832 0.74215 0.62254
vn -0.7985 0.4535 0.3959
vn -0.95685 -0.28882 0.032
vn -0.78282 -0.60492 -0.1458
vn -0.39338 0.62097 0.67797
vn -0.80671 0.1445 0.57301
vn -0.7926 0.6086 0.0374
vn -0.5643 0.396 0.7244
vn -0.59627 0.32789 0.73277
vn 0.48661 0.36411 0.79412
vn 0.58079 0.59609 0.55439
vn 0.7904 0.5675 0.2307
vn 0.5317 0.84651 0.0268
vn 0.71176 0.25228 0.65556
vn 0.45833 0.43502 0.77504
vn -0.4969 -0.4543 0.7394
vn -0.78605 -0.58447 0.20129
vn 0.99354 0.1135 0.0013
vn -0.71547 -0.33338 0.61397
vn 0.4356 -0.83751 -0.3299
vn 0.50788 -0.84246 -0.17979
vn 0.84425 -0.48313 0.23201
vn 0.82021 -0.4768 0.3161
vn 0.2702 -0.3045 0.91339
vn -0.28428 -0.85495 0.43387
vn 0.75881 -0.57281 -0.31
vn 0.6705 -0.6265 -0.3974
vn 0.92224 -0.0155 -0.38632
vn 0.94581 0.1688 0.2774
vn -0.64284 0.23131 0.73024
vn 0.75199 0.54609 0.36919
vn 0.98583 -0.0932 -0.1395
vn 0.90464 0.1023 0.41372
vn 0.33429 0.27629 0.90106
vn 0.50809 0.1187 0.85309
vn -0.35599 0.071 0.93179
vn -0.49648 0.0292 0.86756
vn -0.94855 -0.0227 0.31582
vn 0.0688 0.82562 0.56001
vn -0.92177 0.0257 -0.38689
vn -0.98526 0.0215 -0.16969
vn -0.92447 -0.0643 0.37579
vn -0.68729 0.0731 0.72269
vn -0.66209 0.27159 0.69848
vn -0.47919 0.47839 0.73588
vn -0.3192 0.56909 0.75779
vn 0.42081 0.38041 0.82353
vn -0.23799 0.82036 0.51997
vn 0.56889 0.50359 0.65019
vn -0.6597 0.4476 0.6037
vn -0.76939 0.55239 0.32079
vn 0.20851 0.59952 0.77272
vn 0.32959 0.43128 0.83986
vn 0.86046 0.12989 0.49268
vn 0.73784 0.30202 0.60363
vn 0.94918 -0.27889 0.1459
vn 0.89746 -0.42188 0.12879
vn 0.93971 -0.0646 0.3358
vn 0.65691 -0.68961 0.3048
vn -0.82079 -0.49569 0.2839
vn 0.1852 -0.91852 0.34931
vn -0.7861 -0.5844 0.2013
vn -0.15711 0.11431 0.98094
vn -0.68133 -0.73053 0.0461
vn -0.97294 -0.22841 -0.0348
vn -0.6288 0.6189 0.4707
vn 0.76637 -0.1443 0.62598
vn 0.55618 -0.49979 0.66398
vn 0.44881 -0.52792 0.72102
vn 0.5366 0.2107 0.81711
vn -0.86738 0.49729 0.0189
vn -0.85639 0.50229 -0.1196
vn 0.3919 0.2637 0.8814
vn 0.2135 0.6902 0.6914
vn -0.87052 0.37661 0.31681
vn 0.74638 0.1691 0.64368
vn 0.53608 0.25799 0.80378
vn -0.1848 0.4288 0.8843
vn -0.30349 -0.62018 0.72338
vn 0.45948 0.1066 0.88177
vn 0.40369 0.22979 0.88557
vn -0.9808 -0.0313 -0.1925
vn -0.822 0.5525 0.1381
vn -0.29079 0.43288 0.85326
vn -0.62661 -0.2361 -0.74271
vn -0.64031 -0.27181 -0.71842
vn -0.88803 -0.0803 -0.45272
vn -0.99604 0.0555 0.0694
vn 0.0596 -0.2217 -0.97329
vn -0.1414 -0.455 -0.87919
vn 0.13511 -0.55422 -0.82133
vn -0.48341 -0.55761 -0.67482
vn -0.98081 -0.0314 -0.1924
vn -0.56069 -0.0856 -0.82359
vn -0.71003 -0.11671 -0.69443
vn 0.2086 0.0126 -0.97792
vn -0.46651 0.1579 -0.87031
vn -0.41689 0.1559 -0.89549
vn -0.1157 0.1042 -0.9878
vn 0.0675 0.0659 -0.99554
vn 0.0896 -0.32801 -0.94042
vn -0.013 -0.26419 -0.96438
vn 0.50113 -0.10021 -0.85955
vn 0.4414 -0.263 -0.8579
vn 0.48033 -0.36012 -0.79975
vn -0.74489 -0.1011 -0.65949
vn 0.83178 -0.0808 -0.54919
vn -0.37629 -0.49769 -0.78148
vn -0.2412 -0.36459 -0.89939
vn 0.6709 -0.0146 -0.7414
vn 0.82911 0.0458 -0.55721
vn -0.49471 0.67491 -0.54751
vn -0.3313 0.60119 -0.72719
vn 0.2817 0.2408 -0.9288
vn -0.90577 -0.21309 -0.36629
vn -0.83988 -0.2069 -0.50179
vn -0.472 -0.0323 0.88101
vn 0.4104 0.1001 0.9064
vn 0.93311 0.0997 0.3455
vn 0.147 -0.0153 0.98902
vn -0.87879 -0.1671 0.447
vn -0.31291 -0.0948 0.94504
vn -0.29331 -0.1714 0.94053
vn -0.15561 -0.11551 0.98104
vn 0.33549 -0.15759 0.92877
vn 0.58893 -0.21291 0.77964
vn 0.85941 -0.0414 -0.50961
vn 0.8333 0.0058 -0.5528
vn 0.44319 -0.1352 -0.88618
vn 0.7503 -0.0026 -0.6611
vn 0.99473 0.0619 -0.0817
vn 0.86688 -0.1645 -0.47059
vn 0.83168 -0.157 -0.53259
vn 0.92224 -0.0156 -0.38631
vn 0.71821 0.47551 -0.50801
vn 0.83469 0.1922 0.51609
vn 0.5597 -0.3033 0.7712
vn 0.48738 -0.61468 -0.62018
vn 0.1703 -0.4116 -0.89531
vn 0.50791 -0.71581 -0.47921
vn 0.55342 -0.55682 -0.61942
vn 0.1995 -0.23429 -0.95148
vn 0.36551 -0.33401 -0.86882
vn 0.37599 -0.0877 -0.92247
vn 0.41479 -0.1037 -0.90399
vn 0.54888 -0.48798 -0.67868
vn 0.1695 -0.66701 -0.72551
vn -0.4955 -0.82571 -0.2696
vn 0.91508 -0.2629 0.30579
vn 0.79109 -0.3609 0.49389
vn 0.94025 -0.31752 -0.12291
vn 0.79949 -0.2741 0.53449
vn 0.95508 0.29139 0.054
vn 0.78952 -0.42411 0.44361
vn 0.90675 -0.42028 0.0342
vn 0.80748 0.38389 -0.44789
vn 0.87386 -0.35232 -0.33502
vn 0.65683 0.36552 -0.65953
vn 0.832 0.5437 -0.1103
vn 0.47889 0.72719 -0.49179
vn 0.76109 -0.37999 -0.52569
vn 0.46211 0.58671 -0.66501
vn 0.55001 0.43991 -0.70991
vn 0.65852 -0.57142 -0.48972
vn 0.4644 0.1703 -0.8691
vn 0.4447 0.6228 -0.6437
vn 0.73041 -0.4218 -0.5372
vn 0.4875 0.6346 -0.5997
vn 0.74761 0.3255 -0.57891
vn 0.62467 0.43208 -0.65046
vn 0.1541 -0.43389 0.88769
vn 0.0108 -0.31651 0.94853
vn 0.1231 0.8973 0.4239
vn 0.5859 0.75521 -0.2939
vn 0.84837 0.23479 -0.47448
vn 0.76342 -0.60822 -0.21741
vn 0.81487 -0.57898 0.0276
vn 0.42371 -0.45981 0.78041
vn 0.0907 -0.52891 0.84382
vn 0.44459 0.62279 -0.64379
vn 0.55948 0.52388 -0.64228
vn 0.83683 -0.44441 -0.31971
vn 0.79581 -0.4227 -0.4336
vn 0.48719 0.51759 -0.70338
vn 0.85392 0.46641 -0.23081
vn 0.62381 -0.78042 0.0425
vn 0.85109 -0.3723 0.3702
vn 0.46418 -0.68878 0.55688
vn 0.726 -0.3581 0.5871
vn 0.1926 -0.5486 0.8136
vn 0.99935 -0.035 -0.0086
vn -0.8529 0.4959 -0.1632
vn -0.73796 -0.53107 -0.41638
vn -0.5449 0.4311 -0.7192
vn -0.56059 0.1773 0.80889
vn -0.49826 0.64115 -0.58366
vn -0.72968 0.34259 -0.59178
vn -0.2218 0.84379 -0.48869
vn -0.58333 0.33762 -0.73874
vn -0.64437 0.41538 -0.64207
vn -0.5282 0.4026 -0.7476
vn -0.7514 -0.4187 -0.51
vn -0.7483 -0.3867 -0.539
vn -0.77628 0.42189 -0.46839
vn -0.95688 0.24699 -0.1529
vn -0.66083 0.17551 -0.72973
vn -0.4368 0.5812 -0.6866
vn -0.47321 0.45801 -0.75252
vn -0.87232 -0.27481 -0.40441
vn -0.91975 -0.31408 0.23539
vn -0.79379 -0.5976 -0.113
vn -0.5003 -0.4882 0.7151
vn -0.0582 -0.33208 0.94145
vn -0.0987 0.91512 0.39091
vn -0.99228 0.0077 -0.1238
vn -0.0884 -0.52771 0.84481
vn -0.69962 -0.67862 0.22361
vn -0.78368 -0.58668 -0.20409
vn -0.82521 -0.5635 0.0387
vn -0.82585 -0.35412 0.43883
vn -0.43449 -0.45469 0.77748
vn -0.57642 0.52232 -0.62842
vn -0.80556 -0.39528 -0.44138
vn -0.16251 -0.54592 0.82193
vn -0.1691 -0.5028 0.8477
vn -0.93372 -0.2417 -0.2641
vn -0.54191 0.51481 -0.66431
vn -0.80409 -0.2396 -0.54409
vn -0.83926 0.46908 -0.27499
vn -0.82614 -0.34612 -0.44462
vn -0.81289 -0.3259 -0.4827
vn -0.48211 0.51741 -0.70701
vn -0.57044 -0.78316 -0.24752
vn -0.6848 0.3649 -0.6308
vn -0.68482 0.36481 -0.63082
vn -0.84521 -0.2719 -0.4601
vn -0.7534 0.4076 -0.516
vn -0.63164 -0.76235 0.14091
vn -0.99782 -0.0384 0.0537
vn -0.59342 -0.52182 0.61282
vn -0.16241 -0.54593 0.82194
vn -0.1127 -0.6641 0.7391
vn -0.81083 -0.56432 0.15521
vn -0.38219 0.70119 -0.60189
vn -0.54184 0.51484 -0.66435
vn -0.76757 0.27329 -0.57978
vn -0.54587 0.37118 -0.75116
vn -0.7014 0.2478 -0.6683
vn -0.5895 0.4521 -0.6694
vn -0.98749 0.0624 -0.1448
vn -0.27561 -0.51191 0.81362
vn -0.1405 -0.4702 0.8713
vn -0.67921 -0.60981 -0.40841
vn -0.74251 -0.45161 -0.49471
vn -0.4013 0.6093 -0.6839
vn -0.53981 0.64111 -0.54551
vn -0.90956 -0.0737 0.40898
vn -0.0142 -0.52641 0.85011
vn -0.87758 0.39549 -0.27099
vn -0.85821 0.4289 -0.282
vn -0.91326 -0.21771 0.34432
vn -0.8757 -0.4511 -0.1722
vn -0.8858 -0.4087 -0.2198
vn -0.66342 0.63242 -0.39991
vn -0.74827 -0.38678 -0.53898
vn -0.51171 -0.27571 -0.81372
vn -0.58822 0.54252 -0.59972
vn -0.51522 0.55483 -0.65323
vn -0.82775 -0.38648 -0.40678
vn -0.84276 0.38098 -0.38028
vn 0.51571 0.51711 -0.68311
vn 0.3835 0.4649 -0.798
vn 0.68209 0.41019 -0.60539
vn 0.65688 0.36549 -0.65948
vn 0.4122 0.6228 -0.665
vn 0.53807 0.62336 -0.56737
vn 0.59214 0.44873 -0.66934
vn 0.7201 0.3268 -0.6121
vn 0.1253 -0.5166 0.84701
vn 0.90785 -0.19409 0.37168
vn 0.87133 0.41201 -0.26651
vn 0.79837 -0.34679 -0.49228
vn 0.0499 -0.53738 0.84186
vn 0.82028 -0.47669 0.31609
vn 0.5119 -0.4608 0.725
vn 0.84394 -0.28681 0.45332
vn 0.59441 -0.51811 0.61501
vn 0.196 -0.58871 0.78422
vn 0.81372 -0.55491 0.173
vn 0.82999 -0.41899 0.36819
vn 0.1128 -0.66288 0.74018
vn 0.79882 0.34881 -0.49011
vn 0.9472 -0.32 0.0202
vn 0.78109 0.4081 -0.4726
vn 0.6357 0.4611 -0.6191
vn 0.5486 0.5805 -0.6017
vn 0.53803 0.62343 -0.56733
vn 0.26711 0.83143 -0.48722
vn 0.5142 -0.2735 -0.8129
vn 0.907 -0.291 -0.3044
vn 0.7939 0.5294 -0.2991
vn 0.1564 -0.52402 -0.83722
vn 0.3816 0.6852 -0.6204
vn 0.93761 -0.3418 -0.0637
vn 0.96437 0.22279 0.14269
vn 0.33372 0.76384 -0.55243
vn -0.197 0.0028 0.9804
vn 0.70423 0.29861 -0.64412
vn 0.1041 -0.98202 0.1575
vn 0.2522 0.4147 0.87431
vn 0.61848 0.46659 0.63228
vn 0.29109 0.88747 0.35729
vn -0.36267 0.67545 0.64205
vn -0.17939 0.51178 0.84017
vn 0.73542 0.058 0.67512
vn 0.57647 0.23209 0.78346
vn 0.1092 0.34889 0.93078
vn 0.94822 0.29161 0.1259
vn -0.15409 0.45188 0.87867
vn -0.088 0.50501 0.85862
vn 0.2219 0.53951 0.81221
vn 0.09351 0.52693 0.84475
vn 0.39438 0.55348 0.73357
vn 0.8327 0.4491 0.3239
vn -0.58081 0.63131 0.51391
vn -0.83513 0.44572 0.32231
vn -0.6838 -0.631 0.3664
vn -0.89158 0.0491 0.45019
vn -0.81419 0.45249 0.36379
vn 0.6838 -0.631 0.3664
vn 0.75413 -0.56192 0.33991
vn -0.80758 -0.0884 0.58309
vn -0.97806 -0.19449 -0.0747
vn -0.72647 0.20639 0.65547
vn 0 0.38471 0.92304
vn 0.7437 0.0945 0.6618
vn -0.58609 -0.62749 0.51259
vn 0.7854 0.1124 0.6087
vn 0.58599 -0.62759 0.51259
vn 0.21261 0.0671 0.97483
vn 0 -0.3557 0.9346
vn 0.88324 -0.44022 0.16151
vn 0.1131 0.43721 0.89222
vn 0.2909 0.43291 0.85321
vn 0.88992 0.23651 0.39001
vn 0.3296 0.4312 0.8399
vn -0.0578 0.31861 0.94612
vn -0.84035 -0.54203 0.0036
vn 0.85372 -0.31701 0.41311
vn 0.85123 -0.52072 -0.0653
vn 0.6669 0.1065 0.7375
vn 0.56682 0.0618 0.82152
vn -0.51572 -0.80923 0.28141
vn 0.52879 -0.82449 0.2015
vn 0.83206 -0.55267 -0.0472
vn 0.72359 0.3534 0.59289
vn 0.72629 0.41459 0.54829
vn 0.86621 0.1743 0.4683
vn 0.88979 0.1326 0.43669
vn 0.84042 -0.54192 0.0036
vn 0.89916 -0.39038 0.19779
vn 0.83951 -0.52341 0.1458
vn 0.72108 -0.67858 0.1399
vn 0.91844 0.10709 0.38078
vn 0.2775 0.30771 0.91011
vn 0.91136 -0.39878 -0.102
vn 0.435 -0.7687 -0.4689
vn 0.85376 -0.31702 0.41303
vn 0.9511 -0.0956 0.2937
vn 0.56801 -0.78362 -0.25161
vn 0.4563 -0.85319 -0.2527
vn 0.78348 -0.51639 -0.34569
vn 0.91328 -0.21769 0.34429
vn 0.68748 -0.69358 0.21519
vn 0.91843 0.1071 0.38081
vn 0.68935 -0.66484 -0.28772
vn 0.75712 -0.64681 -0.0917
vn 0.81623 -0.56852 -0.1027
vn 0.91506 -0.26299 0.30579
vn 0.87575 0.0148 0.48253
vn 0.96018 0.1072 -0.25799
vn 0.64969 0.75848 -0.0511
vn 0.81309 -0.42009 -0.403
vn 0.31798 -0.0466 -0.94695
vn 0.4002 0.1436 -0.90511
vn -0.02 -0.91206 -0.40958
vn 0.55339 -0.55689 -0.61939
vn 0.0739 -0.65511 -0.75191
vn 0.2068 -0.46929 -0.85849
vn 0.0472 -0.73381 -0.67771
vn 0.34709 -0.2393 -0.90679
vn -0.0608 -0.89727 -0.43728
vn -0.1186 -0.89419 -0.43169
vn -0.0195 -0.52678 -0.84978
vn 0.29272 -0.32312 -0.89995
vn 0.17391 0.0745 -0.98194
vn 0.1554 0.036 -0.9872
vn 0.2038 -0.83508 -0.51099
vn 0.69227 -0.68477 -0.22769
vn 0.60976 -0.70225 -0.36747
vn 0.71063 -0.48862 0.50622
vn 0.73041 -0.63031 -0.2631
vn 0.0752 -0.79488 -0.60209
vn -0.0213 -0.80851 -0.5881
vn 0.025 -0.97082 0.2385
vn -0.1059 -0.78034 -0.61633
vn -0.0236 -0.82854 -0.55943
vn -0.11731 -0.79933 -0.58933
vn 0.4518 -0.81639 -0.3597
vn 0.12931 -0.87575 0.46513
vn 0.29198 -0.70696 0.64417
vn 0.88615 -0.45743 0.0741
vn 0.64767 0.31099 0.69557
vn 0.72064 0.17281 0.67143
vn 0.70757 -0.61547 -0.34719
vn 0.51572 -0.80923 0.28141
vn 0.0576 0.3187 0.9461
vn -0.37992 -0.91944 0.1014
vn -0.67179 -0.72779 0.1379
vn -0.85123 -0.52072 -0.0653
vn -0.5515 -0.0529 0.8325
vn -0.90675 -0.42028 0.0342
vn -0.76637 -0.1443 0.62598
vn -0.3899 0.4475 0.80481
vn -0.10919 0.34898 0.93075
vn -0.57647 0.23209 0.78346
vn -0.73542 0.058 0.67512
vn -0.88132 -0.0505 0.46981
vn 0.15409 0.45188 0.87867
vn -0.0696 0.15629 0.98526
vn -0.22181 0.53952 0.81223
vn -0.4874 0.5621 0.6682
vn 0.0742 0.60972 0.78913
vn -0.39438 0.55348 0.73357
vn -0.0874 0.69189 0.71669
vn -0.33698 0.78596 0.51837
vn -0.6897 0.6777 0.255
vn -0.55678 0.48318 0.67567
vn -0.73108 0.44069 0.52088
vn -0.37741 0.76523 0.52152
vn -0.81459 -0.53149 -0.2323
vn -0.59458 -0.63748 -0.48999
vn -0.81822 -0.57011 -0.0741
vn -0.74255 -0.45157 -0.49467
vn -0.58512 -0.1116 -0.80323
vn -0.68209 0.41019 -0.60539
vn -0.6916 -0.696 0.1931
vn -0.81821 -0.57011 -0.0742
vn -0.50788 -0.84246 -0.17979
vn -0.57051 -0.78311 -0.2475
vn -0.4518 -0.81639 -0.3597
vn -0.73041 -0.63031 -0.2631
vn 0.1059 -0.78034 -0.61633
vn 0.0213 -0.80851 -0.5881
vn -0.0752 -0.79488 -0.60209
vn 0.0236 -0.82854 -0.55943
vn 0.11731 -0.79933 -0.58933
vn -0.91 0.1783 0.3743
vn 0.0839 0.78249 0.61699
vn 0.13121 0.78454 0.60603
vn 0 -0.61591 0.78782
vn -0.49871 -0.83722 0.2244
vn -0.31691 -0.90433 -0.28591
vn -0.1801 -0.83769 -0.51559
vn 0.45519 -0.81919 0.3489
vn 0.29089 0.43279 0.85327
vn 0.71617 -0.17519 0.67558
vn 0.54099 0.099 0.83518
vn 0.56641 -0.79961 -0.1995
vn 0.6894 -0.6648 -0.2877
vn 0.55241 -0.78402 -0.28311
vn 0.37159 -0.87677 -0.30529
vn 0.31691 -0.90433 -0.28591
vn 0.2432 -0.7279 -0.6411
vn 0.20369 -0.83505 -0.51107
vn -0.2562 -0.90139 -0.34909
vn 0.36051 -0.84172 -0.40191
vn -0.1017 -0.95228 -0.28779
vn 0.0663 -0.93248 -0.35509
vn -0.71117 -0.65917 -0.24439
vn 0.3704 -0.7369 -0.5655
vn 0.78483 -0.26641 -0.55952
vn 0.46548 -0.69208 -0.55168
vn 0.31441 -0.67801 -0.66441
vn -0.54692 -0.83193 -0.0936
vn -0.55323 -0.78144 -0.28861
vn -0.0689 -0.8335 -0.5482
vn -0.29221 -0.87223 -0.39221
vn 0.58909 -0.66199 -0.46339
vn 0.2597 -0.77489 -0.57629
vn 0.24701 -0.67902 -0.69132
vn 0.11721 -0.79934 -0.58933
vn 0 -0.77651 -0.63011
vn 0 -0.705 -0.7092
vn -0.0236 -0.82857 -0.55938
vn 0.88832 -0.44071 -0.1291
vn -0.2432 -0.7279 -0.6411
vn -0.31441 -0.67801 -0.66441
vn -0.2465 -0.67881 -0.69171
vn -0.1173 -0.79937 -0.58928
vn -0.2597 -0.77489 -0.57629
vn -0.58909 -0.66199 -0.46339
vn -0.88832 -0.44071 -0.1291
vn 0.0689 -0.83346 -0.54827
vn 0.3226 -0.79221 -0.51801
vn -0.48349 -0.55759 -0.67478
vn -0.3704 -0.7369 -0.5655
vn 0.2561 -0.90141 -0.3491
vn 0.88619 -0.463 -0.0173
vn 0.38209 -0.79307 -0.47438
vn 0.7111 -0.6592 -0.2445
vn 0.1017 -0.95228 -0.28779
vn -0.57539 -0.79579 -0.1888
vn -0.55918 -0.63018 -0.53869
vn -0.54099 0.099 0.83518
vn -0.3035 0.79759 0.52129
vn -0.37739 0.76519 0.52159
vn -0.54092 0.81593 0.20411
vn 0 0.97525 0.22111
vn 0 0.96408 0.2656
vn 0.39382 0.90435 0.16451
vn 0.54088 0.81597 0.20409
vn 0.49189 0.81738 0.29989
vn -0.2124 0.89321 0.39631
vn 0.2249 -0.86861 -0.44151
vn 0.36838 -0.77167 -0.51848
vn 0.3685 -0.7716 -0.5185
vn 0.5036 -0.662 -0.5551
vn 0.25839 0.64488 -0.71928
vn 0.49072 -0.0223 0.87103
vn -0.52039 0.50049 -0.69189
vn -0.82358 -0.54078 -0.1711
vn 0.70438 0.28889 0.64838
vn 0.0821 0.92245 0.37728
vn 0.3385 0.70209 -0.62649
vn -0.46077 -0.80746 0.36838
vn 0.81603 -0.28961 0.50022
vn -0.453 -0.72329 0.52119
vn -0.47342 -0.55262 0.68592
vn -0.48359 0.59979 0.63749
vn -0.70279 0.65939 -0.267
vn 0.3491 0.3221 -0.87999
vn 0.45732 -0.51482 -0.72513
vn 0.4574 -0.5148 -0.7251
vn -0.0125 0.89138 -0.45309
vn 0.53689 -0.28269 0.79488
vn 0.3351 -0.6247 0.7053
vn -0.78479 -0.61619 -0.0665
vn -0.92441 -0.37861 -0.046
vn 0.0265 0.78892 -0.61392
vn 0.0806 0.68081 -0.72801
vn 0.6562 0.0323 0.7539
vn 0.87571 0.0148 0.48261
vn -0.61183 -0.27822 -0.74044
vn -0.09211 0.75525 -0.64894
vn -0.77909 0.4776 -0.4061
vn -0.28849 -0.86966 0.40058
vn 0.96434 0.22289 0.14269
vn 0.585 -0.0263 0.8106
vn 0.1867 0.79951 -0.5709
vn -0.66691 0.1064 0.73751
vn 0.40962 -0.51082 0.75583
vn 0.1507 0.5424 -0.8265
vn -0.85118 0.34609 -0.39459
vn -0.66302 -0.74772 -0.0362
vn 0.46991 0.45451 -0.75671
vn -0.16209 0.90717 -0.38829
vn -0.6067 -0.7099 0.3577
vn 0.57172 -0.36551 0.73453
vn 0.95918 0.2614 -0.1079
vn -0.75052 0.57081 -0.33301
vn 0.87543 0.47752 -0.0748
vn 0.9618 0.0635 0.2663
vn -0.29569 -0.58737 0.75337
vn -0.85436 -0.004 -0.51967
vn 0.90986 0.41368 0.0319
vn -0.39231 -0.85821 0.33101
vn -0.56062 -0.0856 -0.82363
vn 0.95201 0.0515 0.3017
vn 0.97162 0.1702 0.1643
vn 0.78947 -0.14519 0.59637
vn 0.0641 -0.49971 -0.86382
vn 0.6972 -0.2098 0.6855
vn 0.83054 0.49412 0.25701
vn -0.90493 0.27961 -0.32081
vn -0.62477 0.14369 -0.76747
vn -0.0199 0.75496 -0.65547
vn -0.21429 0.69088 -0.69048
vn 0.85649 0.3072 0.4148
vn -0.68861 -0.39001 0.61131
vn 0.77424 0.43232 0.46222
vn 0.0965 0.78234 -0.61533
vn -0.18181 -0.52171 -0.83352
vn -0.1593 0.39761 -0.90362
vn -0.41509 -0.37639 0.82827
vn -0.34179 -0.0276 0.93937
vn 0.81664 -0.18871 0.54543
vn -0.0001 0.82448 -0.56589
vn 0.63928 0.28879 -0.71268
vn 0.83339 0.2137 -0.5097
vn -0.85631 0.3074 0.41501
vn 0.68326 -0.39227 0.61586
vn -0.40229 -0.26549 0.87617
vn -0.88851 -0.3974 0.2294
vn -0.0966 0.78237 -0.61528
vn 0.49128 0.62537 0.60627
vn 0.6299 0.6747 -0.3847
vn -0.28459 0.79298 -0.53869
vn 0.8465 0.3438 -0.4065
vn -0.47767 -0.59546 0.64596
vn 0.92876 -0.36942 -0.0306
vn -0.171 0.77491 -0.60851
vn -0.0494 0.89201 -0.44931
vn 0.29499 0.33279 -0.89567
vn -0.66808 -0.73028 -0.1427
vn -0.1592 0.3977 -0.9036
vn -0.56618 -0.44898 -0.69127
vt 0.12012 0.97701
vt 0.10626 1.00375
vt 0.10071 0.96073
vt 0.08716 0.9943
vt 0.09125 0.96918
vt 0.04919 0.97741
vt 0.0238 0.93836
vt 0.02835 0.94584
vt 0.05771 0.93195
vt 0.05743 0.94904
vt 0.09943 0.93305
vt 0.09296 0.95228
vt 0.05423 0.96345
vt 0.02689 0.95136
vt 0.01781 0.95554
vt 0.01791 0.94681
vt 0.51807 0.46973
vt 0.49463 0.45997
vt 0.47998 0.46631
vt 0.48267 0.4629
vt 0.11114 0.98831
vt 0.10223 0.99405
vt 0.11395 0.97759
vt 0.09869 0.97007
vt 0.2771 0.88105
vt 0.29736 0.86487
vt 0.28662 0.89197
vt 0.30566 0.87873
vt 0.30835 0.89252
vt 0.31641 0.89741
vt 0.28955 0.92359
vt 0.31982 0.91279
vt 0.323 0.92103
vt 0.35376 0.90772
vt 0.35913 0.91511
vt 0.37646 0.90528
vt 0.37891 0.91224
vt 0.38989 0.90705
vt 0.39453 0.9159
vt 0.40064 0.90064
vt 0.41016 0.90699
vt 0.41138 0.88837
vt 0.42334 0.89777
vt 0.41724 0.87537
vt 0.04288 0.85486
vt 0.06113 0.87525
vt 0.07166 0.87086
vt 0.04077 0.85926
vt 0.05453 0.87879
vt 0.03186 0.85706
vt 0.03629 0.92914
vt 0.04828 0.92017
vt 0.02275 0.92731
vt 0.03729 0.91285
vt 0.01628 0.89472
vt 0.03 0.88697
vt 0.02309 0.86365
vt 0.02956 0.86475
vt 0.03461 0.86414
vt 0.04236 0.88398
vt 0.06082 0.89759
vt 0.07361 0.90638
vt 0.08661 0.9029
vt 0.04858 0.90229
vt 0.14453 0.41212
vt 0.14966 0.41456
vt 0.14526 0.41846
vt 0.13757 0.41602
vt 0.13892 0.40333
vt 0.13477 0.40235
vt 0.13879 0.3921
vt 0.146 0.39112
vt 0.14526 0.40284
vt 0.1543 0.40626
vt 0.15442 0.41798
vt 0.14795 0.42188
vt 0.14075 0.42383
vt 0.11877 0.9784
vt 0.10394 0.97341
vt 0.10895 0.99057
vt 0.58301 0.91877
vt 0.60986 0.89814
vt 0.58887 0.88978
vt 0.60303 0.88282
vt 0.61426 0.89167
vt 0.60693 0.88111
vt 0.62012 0.88581
vt 0.61084 0.8722
vt 0.62402 0.86182
vt 0.61816 0.8512
vt 0.64941 0.85132
vt 0.63281 0.82056
vt 0.68213 0.83631
vt 0.65918 0.78919
vt 0.69971 0.82044
vt 0.68506 0.78174
vt 0.69385 0.7826
vt 0.69287 0.77064
vt 0.69629 0.76331
vt 0.71582 0.77149
vt 0.73047 0.75928
vt 0.70801 0.75306
vt 0.69678 0.74732
vt 0.69775 0.72535
vt 0.71387 0.70777
vt 0.70361 0.70167
vt 0.70801 0.72755
vt 0.73486 0.74293
vt 0.74512 0.76893
vt 0.73193 0.79224
vt 0.70752 0.81995
vt 0.71289 0.84168
vt 0.72803 0.85999
vt 0.72363 0.86585
vt 0.72998 0.87476
vt 0.729 0.88489
vt 0.74853 0.88605
vt 0.73486 0.82789
vt 0.7456 0.85975
vt 0.77588 0.86158
vt 0.77051 0.83497
vt 0.76562 0.8053
vt 0.77197 0.77296
vt 0.76855 0.75196
vt 0.034 0.99102
vt 0.02554 0.98839
vt 0.02669 0.99458
vt 0.09741 0.96299
vt 0.05328 0.97977
vt 0.03357 0.94849
vt 0.05923 0.95429
vt 0.03314 0.94422
vt 0.06311 0.94038
vt 0.06052 0.92621
vt 0.02957 0.93683
vt 0.02437 0.95908
vt 0.05801 0.96485
vt 0.08722 0.95866
vt 0.09271 0.94111
vt 0.10388 0.93067
vt 0.02718 0.96516
vt 0.09784 0.96567
vt 0.09497 0.95505
vt 0.06299 0.94468
vt 0.09045 0.94681
vt 0.10114 0.93024
vt 0.06189 0.93116
vt 0.03848 0.94453
vt 0.03827 0.94923
vt 0.03433 0.95612
vt 0.01695 0.9462
vt 0.03531 0.93531
vt 0.02101 0.87025
vt 0.02975 0.86817
vt 0.04343 0.88648
vt 0.04486 0.86268
vt 0.03598 0.86744
vt 0.02963 0.88929
vt 0.02951 0.92823
vt 0.01539 0.89808
vt 0.04959 0.85694
vt 0.0596 0.87916
vt 0.07483 0.87281
vt 0.06744 0.89802
vt 0.07989 0.90864
vt 0.04547 0.89313
vt 0.06262 0.88746
vt 0.05356 0.91816
vt 0.03363 0.89991
vt 0.043 0.92219
vt 0.01952 0.91102
vt 0.07916 0.88691
vt 0.07312 0.91431
vt 0.38281 0.05274
vt 0.38184 0.0503
vt 0.38208 0.04981
vt 0.3833 0.04297
vt 0.37964 0.04444
vt 0.38208 0.03467
vt 0.2727 0.17481
vt 0.27539 0.15577
vt 0.27588 0.17481
vt 0.26978 0.19288
vt 0.27344 0.19288
vt 0.26465 0.21436
vt 0.2688 0.21143
vt 0.26904 0.23096
vt 0.26074 0.24317
vt 0.2688 0.24854
vt 0.26221 0.27051
vt 0.25073 0.34815
vt 0.26221 0.35645
vt 0.2561 0.37012
vt 0.23938 0.25538
vt 0.24805 0.29639
vt 0.23584 0.29639
vt 0.23633 0.32715
vt 0.24988 0.31934
vt 0.24219 0.35987
vt 0.2561 0.38331
vt 0.26538 0.38135
vt 0.27075 0.37208
vt 0.21374 0.29395
vt 0.21277 0.3213
vt 0.21265 0.35255
vt 0.24146 0.38868
vt 0.26147 0.39747
vt 0.27661 0.39063
vt 0.27954 0.38282
vt 0.27441 0.36475
vt 0.26733 0.34766
vt 0.26099 0.33546
vt 0.2196 0.4004
vt 0.03387 0.99458
vt 0.03412 0.98746
vt 0.11536 0.98987
vt 0.10254 0.99128
vt 0.07098 0.90601
vt 0.08246 0.909
vt 0.02632 0.86426
vt 0.02315 0.89081
vt 0.05106 0.91022
vt 0.03482 0.92286
vt 0.34521 0.31251
vt 0.35913 0.29444
vt 0.34058 0.28712
vt 0.34375 0.27491
vt 0.35742 0.26368
vt 0.37207 0.28077
vt 0.36841 0.24805
vt 0.3938 0.26905
vt 0.38916 0.24171
vt 0.4104 0.24073
vt 0.42969 0.27198
vt 0.42993 0.2544
vt 0.43506 0.26563
vt 0.43896 0.2837
vt 0.42895 0.29298
vt 0.43652 0.31202
vt 0.42139 0.31739
vt 0.39795 0.29786
vt 0.40039 0.31299
vt 0.37354 0.30128
vt 0.35693 0.31104
vt 0.37549 0.32032
vt 0.43652 0.3379
vt 0.41943 0.33253
vt 0.40039 0.33301
vt 0.41895 0.35059
vt 0.37695 0.3335
vt 0.42969 0.35987
vt 0.427 0.37403
vt 0.4148 0.37696
vt 0.40161 0.3501
vt 0.37866 0.35157
vt 0.35718 0.34229
vt 0.35449 0.3213
vt 0.34692 0.33594
vt 0.34863 0.34864
vt 0.35913 0.34766
vt 0.36255 0.35792
vt 0.38135 0.37891
vt 0.39868 0.37403
vt 0.49512 0.32862
vt 0.49097 0.32862
vt 0.49194 0.31348
vt 0.49365 0.34669
vt 0.48438 0.34522
vt 0.48364 0.37354
vt 0.47754 0.3501
vt 0.46753 0.3794
vt 0.4668 0.34962
vt 0.47144 0.34229
vt 0.45776 0.33106
vt 0.46997 0.32862
vt 0.45947 0.32715
vt 0.46753 0.31495
vt 0.48022 0.31446
vt 0.47534 0.29102
vt 0.48438 0.29005
vt 0.48071 0.27149
vt 0.48755 0.29053
vt 0.48926 0.26954
vt 0.34985 0.05958
vt 0.34888 0.06934
vt 0.34497 0.05811
vt 0.34155 0.06934
vt 0.34839 0.08448
vt 0.33984 0.08253
vt 0.33838 0.09815
vt 0.34912 0.10303
vt 0.33911 0.11182
vt 0.34936 0.12696
vt 0.34229 0.12647
vt 0.3418 0.1543
vt 0.33838 0.15333
vt 0.33423 0.17432
vt 0.32764 0.17286
vt 0.32471 0.18653
vt 0.32153 0.1836
vt 0.31885 0.19092
vt 0.32031 0.19434
vt 0.31128 0.19727
vt 0.32471 0.17481
vt 0.3335 0.15235
vt 0.33447 0.15137
vt 0.33789 0.12842
vt 0.33862 0.12794
vt 0.33789 0.11524
vt 0.33301 0.19581
vt 0.33423 0.18995
vt 0.3352 0.19532
vt 0.34253 0.18262
vt 0.33935 0.19678
vt 0.33105 0.20557
vt 0.32642 0.20508
vt 0.32202 0.21387
vt 0.32251 0.21778
vt 0.33423 0.20948
vt 0.34326 0.19776
vt 0.3313 0.18799
vt 0.32422 0.19483
vt 0.32105 0.20557
vt 0.31811 0.21534
vt 0.31421 0.22559
vt 0.31567 0.23243
vt 0.29883 0.23975
vt 0.30322 0.24903
vt 0.28931 0.25489
vt 0.29492 0.26661
vt 0.28784 0.27149
vt 0.29346 0.28028
vt 0.2854 0.29493
vt 0.29492 0.29346
vt 0.28931 0.31202
vt 0.36133 0.12696
vt 0.30762 0.20704
vt 0.31104 0.21876
vt 0.30518 0.21778
vt 0.31348 0.20753
vt 0.31494 0.21485
vt 0.31787 0.20606
vt 0.32178 0.19532
vt 0.33691 0.17725
vt 0.34961 0.15479
vt 0.35889 0.15626
vt 0.36377 0.14796
vt 0.31348 0.19923
vt 0.30347 0.20606
vt 0.31641 0.2002
vt 0.30054 0.21729
vt 0.29883 0.21046
vt 0.29517 0.21876
vt 0.29517 0.23292
vt 0.2915 0.23438
vt 0.28247 0.25001
vt 0.28198 0.27198
vt 0.27832 0.29005
vt 0.27148 0.28858
vt 0.27856 0.30665
vt 0.27002 0.31055
vt 0.302 0.22852
vt 0.35693 0.26612
vt 0.35791 0.27735
vt 0.35376 0.26954
vt 0.34936 0.26319
vt 0.35156 0.27149
vt 0.34985 0.27393
vt 0.354 0.27589
vt 0.35278 0.27979
vt 0.34766 0.27979
vt 0.35059 0.28223
vt 0.34668 0.28467
vt 0.34106 0.25489
vt 0.33935 0.24708
vt 0.34766 0.24708
vt 0.34961 0.25342
vt 0.34277 0.25977
vt 0.34521 0.26807
vt 0.34619 0.27442
vt 0.34277 0.28321
vt 0.34619 0.29102
vt 0.35425 0.28712
vt 0.33887 0.29542
vt 0.3457 0.29835
vt 0.34058 0.28663
vt 0.34082 0.2754
vt 0.3396 0.26758
vt 0.33594 0.26563
vt 0.33228 0.2627
vt 0.33032 0.27784
vt 0.32715 0.26075
vt 0.32178 0.2754
vt 0.31152 0.25733
vt 0.31323 0.27393
vt 0.2998 0.27784
vt 0.31104 0.29542
vt 0.43481 0.2002
vt 0.44287 0.20264
vt 0.43994 0.21241
vt 0.44629 0.21436
vt 0.44849 0.22169
vt 0.45776 0.21729
vt 0.45679 0.22217
vt 0.47241 0.23243
vt 0.46533 0.2378
vt 0.47485 0.25733
vt 0.4624 0.24464
vt 0.46997 0.25977
vt 0.46094 0.25245
vt 0.46655 0.2627
vt 0.45947 0.25733
vt 0.46289 0.26465
vt 0.45728 0.26563
vt 0.46191 0.27296
vt 0.45654 0.27198
vt 0.46045 0.28028
vt 0.44482 0.18116
vt 0.45288 0.19581
vt 0.44165 0.18262
vt 0.44482 0.19483
vt 0.45288 0.20606
vt 0.42871 0.12549
vt 0.44238 0.15235
vt 0.43359 0.1543
vt 0.43359 0.16407
vt 0.43555 0.18262
vt 0.43823 0.19337
vt 0.46314 0.20753
vt 0.4563 0.19483
vt 0.45166 0.18067
vt 0.45654 0.17579
vt 0.40112 0.15235
vt 0.40405 0.15821
vt 0.40039 0.1626
vt 0.40039 0.18848
vt 0.40234 0.17579
vt 0.40381 0.18799
vt 0.39722 0.18458
vt 0.39941 0.1709
vt 0.39648 0.16553
vt 0.40454 0.16798
vt 0.4104 0.14747
vt 0.41846 0.15674
vt 0.4209 0.15381
vt 0.42432 0.16895
vt 0.42871 0.16846
vt 0.42798 0.1836
vt 0.4314 0.19288
vt 0.4187 0.18702
vt 0.42188 0.17188
vt 0.42407 0.18458
vt 0.4104 0.18116
vt 0.40771 0.18458
vt 0.42651 0.19385
vt 0.41821 0.19141
vt 0.41504 0.19288
vt 0.40918 0.19678
vt 0.42798 0.19971
vt 0.43555 0.21241
vt 0.44092 0.23048
vt 0.43579 0.23243
vt 0.43848 0.2461
vt 0.42554 0.24464
vt 0.43164 0.25001
vt 0.4209 0.24708
vt 0.42261 0.20215
vt 0.43042 0.21436
vt 0.42358 0.23243
vt 0.41675 0.21046
vt 0.40894 0.24366
vt 0.40845 0.23194
vt 0.40454 0.21339
vt 0.40185 0.19971
vt 0.39844 0.2002
vt 0.39478 0.18702
vt 0.39478 0.19923
vt 0.38696 0.19581
vt 0.39404 0.21241
vt 0.38184 0.20997
vt 0.39258 0.23243
vt 0.40039 0.23292
vt 0.39941 0.21436
vt 0.42847 0.26124
vt 0.43189 0.25733
vt 0.43164 0.27833
vt 0.42114 0.24952
vt 0.40845 0.25196
vt 0.40088 0.24561
vt 0.39307 0.24415
vt 0.37744 0.23292
vt 0.36939 0.21583
vt 0.375 0.20264
vt 0.36963 0.20118
vt 0.37744 0.19141
vt 0.36987 0.19483
vt 0.36499 0.19434
vt 0.36719 0.18506
vt 0.41065 0.25928
vt 0.40112 0.25733
vt 0.42139 0.25782
vt 0.4231 0.28077
vt 0.43701 0.29786
vt 0.43701 0.27637
vt 0.43945 0.25782
vt 0.44067 0.25196
vt 0.44409 0.24415
vt 0.44751 0.23975
vt 0.44482 0.22706
vt 0.44946 0.22755
vt 0.44751 0.25342
vt 0.44775 0.24708
vt 0.45483 0.23633
vt 0.45557 0.22755
vt 0.4502 0.2378
vt 0.45068 0.24512
vt 0.45264 0.25098
vt 0.45312 0.26124
vt 0.4458 0.26417
vt 0.44067 0.27296
vt 0.4541 0.24464
vt 0.45312 0.27198
vt 0.45532 0.27735
vt 0.45044 0.27784
vt 0.45264 0.28028
vt 0.44922 0.28516
vt 0.45654 0.28223
vt 0.45728 0.28858
vt 0.45801 0.2959
vt 0.45264 0.2959
vt 0.45581 0.30518
vt 0.44971 0.30128
vt 0.45483 0.31348
vt 0.44727 0.30518
vt 0.45166 0.31983
vt 0.448 0.32374
vt 0.45557 0.33594
vt 0.45264 0.34424
vt 0.4624 0.35694
vt 0.45703 0.35792
vt 0.4585 0.36524
vt 0.46484 0.30225
vt 0.46997 0.28663
vt 0.47266 0.27442
vt 0.46973 0.27637
vt 0.46606 0.27589
vt 0.46265 0.2837
vt 0.46484 0.29249
vt 0.4668 0.28467
vt 0.03029 0.99458
vt 0.06799 0.91364
vt 0.07831 0.91505
vt 0.07404 0.89844
vt 0.02896 0.96348
vt 0.02785 0.94392
vt 0.02885 0.94779
vt 0.01976 0.95469
vt 0.09497 0.93543
vt 0.06323 0.9361
vt 0.10169 0.92426
vt 0.10052 0.93629
vt 0.09662 0.94913
vt 0.03705 0.93763
vt 0.0336 0.93299
vt 0.02742 0.93909
vt 0.02019 0.93763
vt 0.0546 0.9206
vt 0.10358 0.95682
vt 0.10608 0.93714
vt 0.04022 0.97246
vt 0.04617 0.96049
vt 0.04858 0.93323
vt 0.05072 0.94459
vt 0.04874 0.95176
vt 0.10223 0.93348
vt 0.10272 0.95145
vt 0.01907 0.91267
vt 0.04843 0.9112
vt 0.03345 0.90107
vt 0.06818 0.88965
vt 0.08069 0.88782
vt 0.06696 0.90595
vt 0.06299 0.98493
vt 0.0954 0.9527
vt 0.06659 0.96796
vt 0.06702 0.95542
vt 0.04654 0.94428
vt 0.07135 0.94532
vt 0.05432 0.9358
vt 0.07214 0.93641
vt 0.02365 0.94672
vt 0.04483 0.95118
vt 0.0419 0.95896
vt 0.03537 0.96989
vt 0.07135 0.9242
vt 0.04248 0.93177
vt 0.03918 0.97512
vt 0.08807 0.98962
vt 0.08624 0.99896
vt 0.01654 0.95627
vt 0.04129 0.96979
vt 0.05103 0.93226
vt 0.01909 0.95481
vt 0.10846 0.99307
vt 0.09869 0.99026
vt 0.01544 0.90583
vt 0.04013 0.91749
vt 0.06769 0.90583
vt 0.04523 0.89197
vt 0.06317 0.88355
vt 0.03078 0.89771
vt 0.02011 0.87366
vt 0.08069 0.87891
vt 0.05026 0.86719
vt 0.05276 0.85889
vt 0.03705 0.87
vt 0.02939 0.87049
vt 0.0705 0.89002
vt 0.08368 0.89088
vt 0.03403 0.90528
vt 0.04691 0.8971
vt 0.06012 0.89149
vt 0.01909 0.91657
vt 0.06079 0.9159
vt 0.03964 0.92567
vt 0.03223 0.93836
vt 0.02689 0.93531
vt 0.03583 0.94721
vt 0.03061 0.95374
vt 0.02249 0.96033
vt 0.07477 0.32764
vt 0.10852 0.31006
vt 0.0874 0.34717
vt 0.10669 0.32423
vt 0.06921 0.90253
vt 0.05249 0.87049
vt 0.04758 0.90864
vt 0.03946 0.87598
vt 0.02922 0.87623
vt 0.01714 0.88355
vt 0.06262 0.86292
vt 0.05783 0.87696
vt 0.05771 0.9195
vt 0.04184 0.85706
vt 0.06641 0.87305
vt 0.08032 0.90064
vt 0.06235 0.88087
vt 0.36084 0.40381
vt 0.35718 0.40333
vt 0.36255 0.40381
vt 0.09253 0.96216
vt 0.01787 0.94593
vt 0.02185 0.96186
vt 0.02315 0.95884
vt 0.06671 0.92921
vt 0.05536 0.97671
vt 0.05124 0.98284
vt 0.50147 0.19678
vt 0.50586 0.20753
vt 0.49536 0.19874
vt 0.50098 0.20704
vt 0.50098 0.20948
vt 0.50488 0.21339
vt 0.50732 0.21241
vt 0.50977 0.20899
vt 0.50977 0.20753
vt 0.5083 0.20264
vt 0.50635 0.19483
vt 0.50342 0.18506
vt 0.49341 0.18262
vt 0.48584 0.18458
vt 0.48682 0.18946
vt 0.47485 0.18018
vt 0.48242 0.18458
vt 0.47583 0.18458
vt 0.48145 0.18555
vt 0.48438 0.18799
vt 0.4873 0.19288
vt 0.49194 0.19678
vt 0.49121 0.19727
vt 0.49268 0.2002
vt 0.49512 0.20313
vt 0.49463 0.20362
vt 0.49683 0.20606
vt 0.49878 0.20655
vt 0.50244 0.17676
vt 0.49463 0.16553
vt 0.50049 0.167
vt 0.49536 0.1753
vt 0.48535 0.17188
vt 0.47827 0.17921
vt 0.10333 0.06885
vt 0.10309 0.07715
vt 0.0946 0.06837
vt 0.09137 0.07618
vt 0.10474 0.11133
vt 0.11371 0.07618
vt 0.11114 0.06837
vt 0.10907 0.06104
vt 0.10297 0.06104
vt 0.10614 0.05713
vt 0.10754 0.05616
vt 0.1131 0.06006
vt 0.11774 0.06837
vt 0.12116 0.07569
vt 0.12042 0.10938
vt 0.10504 0.13184
vt 0.08362 0.10938
vt 0.08612 0.07276
vt 0.08954 0.06544
vt 0.09387 0.06153
vt 0.09753 0.06153
vt 0.10211 0.05372
vt 0.09784 0.05616
vt 0.09222 0.05372
vt 0.10022 0.05713
vt 0.10229 0.05762
vt 0.13184 0.0669
vt 0.12146 0.05713
vt 0.11114 0.05225
vt 0.08295 0.05909
vt 0.07465 0.06934
vt 0.07989 0.10792
vt 0.06155 0.10596
vt 0.0788 0.12989
vt 0.05377 0.13087
vt 0.07446 0.15479
vt 0.04996 0.15479
vt 0.07104 0.1919
vt 0.04095 0.19044
vt 0.06708 0.22266
vt 0.03026 0.22657
vt 0.06549 0.25489
vt 0.03009 0.27344
vt 0.06561 0.27589
vt 0.03879 0.32032
vt 0.07141 0.30274
vt 0.08026 0.32715
vt 0.08868 0.32618
vt 0.08051 0.35059
vt 0.1106 0.33887
vt 0.10675 0.27149
vt 0.1283 0.29786
vt 0.10815 0.30176
vt 0.12396 0.32423
vt 0.14465 0.30323
vt 0.13367 0.3213
vt 0.13049 0.21924
vt 0.10608 0.21973
vt 0.12683 0.18799
vt 0.13074 0.24903
vt 0.10602 0.25098
vt 0.13123 0.27003
vt 0.14661 0.27686
vt 0.1759 0.31299
vt 0.14368 0.34962
vt 0.08264 0.29883
vt 0.14319 0.22266
vt 0.17151 0.18751
vt 0.18127 0.22169
vt 0.14746 0.25001
vt 0.18494 0.26807
vt 0.13867 0.18848
vt 0.16162 0.15235
vt 0.078 0.27344
vt 0.12744 0.10596
vt 0.14661 0.10401
vt 0.13159 0.13282
vt 0.1499 0.12989
vt 0.13538 0.15528
vt 0.10626 0.19044
vt 0.07507 0.25245
vt 0.07745 0.22217
vt 0.07953 0.19141
vt 0.08209 0.15577
vt 0.10413 0.15577
vt 0.12561 0.15479
vt 0.12268 0.13282
vt 0.08447 0.13087
vt 0.44507 0.40186
vt 0.4436 0.40137
vt 0.44922 0.40235
vt 0.34815 0.41505
vt 0.33643 0.41651
vt 0.34595 0.41114
vt 0.33984 0.40284
vt 0.34961 0.40674
vt 0.35156 0.4004
vt 0.35767 0.4043
vt 0.35767 0.40674
vt 0.31445 0.4209
vt 0.32397 0.40186
vt 0.33179 0.39258
vt 0.34497 0.39112
vt 0.354 0.39796
vt 0.32227 0.37745
vt 0.33911 0.38087
vt 0.34839 0.3877
vt 0.35791 0.39551
vt 0.36206 0.40479
vt 0.35522 0.41016
vt 0.35425 0.40772
vt 0.35181 0.40919
vt 0.35107 0.41309
vt 0.36084 0.41602
vt 0.36621 0.41798
vt 0.36182 0.417
vt 0.36719 0.41895
vt 0.37085 0.41212
vt 0.3728 0.41016
vt 0.35303 0.41846
vt 0.3501 0.41505
vt 0.35034 0.41846
vt 0.35059 0.42188
vt 0.35498 0.42286
vt 0.36133 0.417
vt 0.36206 0.42188
vt 0.36841 0.40626
vt 0.37524 0.40333
vt 0.36816 0.39063
vt 0.35303 0.38477
vt 0.3457 0.37647
vt 0.34424 0.35889
vt 0.30713 0.18702
vt 0.31079 0.18702
vt 0.30689 0.1919
vt 0.2998 0.20167
vt 0.30298 0.19971
vt 0.30078 0.20606
vt 0.29565 0.21046
vt 0.29077 0.21143
vt 0.29297 0.2002
vt 0.29932 0.18555
vt 0.30591 0.17432
vt 0.31396 0.18165
vt 0.31763 0.18262
vt 0.31738 0.18702
vt 0.31177 0.18799
vt 0.30908 0.19044
vt 0.30689 0.19532
vt 0.30395 0.2002
vt 0.30298 0.20313
vt 0.2959 0.21339
vt 0.29785 0.21046
vt 0.2998 0.20948
vt 0.30151 0.20704
vt 0.29297 0.21729
vt 0.2898 0.2168
vt 0.28662 0.2129
vt 0.28638 0.21143
vt 0.28662 0.20606
vt 0.28735 0.19825
vt 0.28906 0.18897
vt 0.29614 0.17823
vt 0.29517 0.16895
vt 0.28809 0.18067
vt 0.28857 0.17042
vt 0.44824 0.43506
vt 0.46362 0.45118
vt 0.44971 0.43946
vt 0.36108 0.40967
vt 0.36816 0.38428
vt 0.38184 0.39551
vt 0.38794 0.37501
vt 0.40283 0.39551
vt 0.40259 0.37891
vt 0.41992 0.39112
vt 0.38599 0.34962
vt 0.37207 0.36915
vt 0.36719 0.37549
vt 0.39185 0.28565
vt 0.37622 0.31397
vt 0.38013 0.28174
vt 0.39111 0.32325
vt 0.36865 0.3501
vt 0.36523 0.36475
vt 0.36597 0.37501
vt 0.35913 0.38282
vt 0.35254 0.40186
vt 0.35254 0.42335
vt 0.36084 0.36524
vt 0.36108 0.37256
vt 0.36377 0.37598
vt 0.37183 0.3838
vt 0.37866 0.38673
vt 0.37231 0.38624
vt 0.36572 0.3794
vt 0.36157 0.37501
vt 0.3606 0.37452
vt 0.35962 0.37208
vt 0.35791 0.36915
vt 0.35791 0.36622
vt 0.35767 0.35499
vt 0.3606 0.38038
vt 0.35449 0.36768
vt 0.34888 0.36036
vt 0.34985 0.37452
vt 0.3479 0.36719
vt 0.35034 0.36426
vt 0.37549 0.3921
vt 0.37817 0.39991
vt 0.35303 0.34669
vt 0.36304 0.33546
vt 0.3623 0.31202
vt 0.36694 0.29932
vt 0.35693 0.32569
vt 0.34985 0.3379
vt 0.33911 0.35255
vt 0.32837 0.35352
vt 0.32105 0.34962
vt 0.31201 0.35108
vt 0.31372 0.33301
vt 0.31567 0.29444
vt 0.31226 0.31788
vt 0.31641 0.3169
vt 0.323 0.33594
vt 0.33423 0.34522
vt 0.34741 0.33399
vt 0.35303 0.32178
vt 0.35693 0.30714
vt 0.36084 0.29688
vt 0.36621 0.27784
vt 0.31885 0.29395
vt 0.32397 0.31788
vt 0.33496 0.33155
vt 0.34546 0.33008
vt 0.34961 0.31592
vt 0.33325 0.27979
vt 0.33691 0.27881
vt 0.33643 0.2876
vt 0.3335 0.28956
vt 0.32812 0.29444
vt 0.33691 0.31788
vt 0.33911 0.30518
vt 0.35767 0.29053
vt 0.35425 0.30323
vt 0.34839 0.30762
vt 0.35474 0.25538
vt 0.36304 0.25928
vt 0.3623 0.27442
vt 0.35132 0.29835
vt 0.37134 0.27979
vt 0.37036 0.2588
vt 0.37402 0.2627
vt 0.35425 0.24952
vt 0.36133 0.25342
vt 0.37036 0.25147
vt 0.38086 0.25049
vt 0.38086 0.2588
vt 0.39185 0.25977
vt 0.40137 0.26807
vt 0.40185 0.28907
vt 0.40259 0.32764
vt 0.40259 0.35499
vt 0.41992 0.3501
vt 0.41382 0.32276
vt 0.41162 0.28516
vt 0.39355 0.25245
vt 0.42822 0.31299
vt 0.4419 0.31006
vt 0.44311 0.29493
vt 0.4458 0.28858
vt 0.44531 0.2754
vt 0.44897 0.26758
vt 0.45117 0.26905
vt 0.44897 0.27393
vt 0.44238 0.33399
vt 0.43726 0.34864
vt 0.43384 0.36768
vt 0.41943 0.37354
vt 0.44067 0.36329
vt 0.43896 0.37403
vt 0.44824 0.35303
vt 0.45581 0.36182
vt 0.45142 0.36524
vt 0.44824 0.36426
vt 0.44507 0.36378
vt 0.44043 0.37403
vt 0.44629 0.38087
vt 0.43726 0.38282
vt 0.4292 0.38965
vt 0.45239 0.4004
vt 0.44385 0.40772
vt 0.45239 0.42139
vt 0.45703 0.41309
vt 0.46899 0.41407
vt 0.45996 0.40919
vt 0.46265 0.43067
vt 0.44775 0.40479
vt 0.448 0.40235
vt 0.45654 0.40528
vt 0.48364 0.42139
vt 0.4812 0.39844
vt 0.49756 0.41212
vt 0.46582 0.4004
vt 0.45435 0.39893
vt 0.4519 0.39649
vt 0.46143 0.39014
vt 0.47436 0.38965
vt 0.45801 0.38624
vt 0.44775 0.39405
vt 0.44385 0.40333
vt 0.45093 0.40919
vt 0.4519 0.40626
vt 0.45435 0.40821
vt 0.45508 0.41212
vt 0.45337 0.41749
vt 0.4563 0.41358
vt 0.45605 0.41749
vt 0.45605 0.4209
vt 0.45142 0.42188
vt 0.44458 0.41602
vt 0.4375 0.40528
vt 0.4375 0.38965
vt 0.45312 0.38331
vt 0.46118 0.37501
vt 0.45654 0.37305
vt 0.44531 0.37842
vt 0.44385 0.4209
vt 0.4397 0.417
vt 0.43506 0.41163
vt 0.43042 0.40284
vt 0.43018 0.39161
vt 0.43359 0.38526
vt 0.44043 0.37842
vt 0.44556 0.37305
vt 0.448 0.36719
vt 0.44458 0.37354
vt 0.44531 0.41553
vt 0.43872 0.41749
vt 0.43286 0.40967
vt 0.42749 0.39942
vt 0.427 0.38624
vt 0.43408 0.38282
vt 0.44238 0.37452
vt 0.44507 0.3711
vt 0.44629 0.37061
vt 0.53857 0.52271
vt 0.52344 0.50489
vt 0.54492 0.52222
vt 0.51807 0.50635
vt 0.50684 0.49122
vt 0.53711 0.53541
vt 0.51562 0.52125
vt 0.55566 0.54127
vt 0.57666 0.56446
vt 0.56103 0.54029
vt 0.50049 0.51368
vt 0.48877 0.50782
vt 0.50195 0.49366
vt 0.47803 0.47217
vt 0.4834 0.46876
vt 0.46777 0.44825
vt 0.40967 0.4126
vt 0.43506 0.42774
vt 0.40894 0.41846
vt 0.43848 0.43262
vt 0.42358 0.43409
vt 0.41113 0.42725
vt 0.4043 0.43604
vt 0.41724 0.45069
vt 0.41406 0.45753
vt 0.41675 0.47169
vt 0.42749 0.46094
vt 0.43335 0.4878
vt 0.44165 0.47706
vt 0.44849 0.50416
vt 0.4585 0.49464
vt 0.46948 0.51978
vt 0.47949 0.51295
vt 0.48804 0.52149
vt 0.47974 0.53101
vt 0.49878 0.53248
vt 0.49268 0.54517
vt 0.50879 0.54664
vt 0.52637 0.53907
vt 0.53516 0.54566
vt 0.46509 0.48145
vt 0.44653 0.46143
vt 0.43433 0.44678
vt 0.08929 0.78382
vt 0.07861 0.77332
vt 0.09766 0.77064
vt 0.07867 0.79444
vt 0.06958 0.78467
vt 0.07568 0.80384
vt 0.06216 0.79273
vt 0.06573 0.80836
vt 0.06445 0.81092
vt 0.05759 0.81177
vt 0.04727 0.79066
vt 0.04993 0.80701
vt 0.039 0.80909
vt 0.03412 0.79005
vt 0.02924 0.80897
vt 0.02579 0.80604
vt 0.02039 0.79468
vt 0.02664 0.78065
vt 0.05157 0.74415
vt 0.00769 0.78199
vt 0.0015 0.76868
vt 0.01633 0.77088
vt 0.01211 0.75757
vt 0.00117 0.75526
vt 0.00787 0.73878
vt 0.01776 0.74048
vt 0.01759 0.71949
vt 0.03494 0.69996
vt 0.00883 0.71094
vt 0.0265 0.68873
vt 0.0336 0.67823
vt 0.04581 0.6775
vt 0.05084 0.69727
vt 0.06464 0.69556
vt 0.07544 0.73926
vt 0.08575 0.7638
vt 0.09485 0.70899
vt 0.08331 0.71802
vt 0.08429 0.69703
vt 0.10144 0.72388
vt 0.08856 0.72852
vt 0.09052 0.74634
vt 0.10516 0.74781
vt 0.07727 0.70826
vt 0.07269 0.70264
vt 0.0813 0.68751
vt 0.07214 0.68116
vt 0.07111 0.67847
vt 0.06439 0.67676
vt 0.05655 0.68067
vt 0.52978 0.54859
vt 0.54004 0.54249
vt 0.54639 0.55201
vt 0.54932 0.54005
vt 0.56103 0.55372
vt 0.56934 0.54273
vt 0.5581 0.52686
vt 0.56787 0.5171
vt 0.58447 0.54298
vt 0.58594 0.53858
vt 0.57178 0.50782
vt 0.55029 0.49903
vt 0.54004 0.51124
vt 0.52783 0.52344
vt 0.56543 0.48633
vt 0.56103 0.48829
vt 0.56543 0.45264
vt 0.57617 0.50757
vt 0.58887 0.54029
vt 0.58935 0.54761
vt 0.57373 0.54786
vt 0.56836 0.54883
vt 0.55957 0.56763
vt 0.54297 0.56031
vt 0.53272 0.58057
vt 0.51611 0.56788
vt 0.52344 0.59107
vt 0.50537 0.58253
vt 0.50293 0.60206
vt 0.49194 0.59254
vt 0.45728 0.48194
vt 0.45728 0.46631
vt 0.45459 0.47217
vt 0.45215 0.45753
vt 0.4519 0.46192
vt 0.44482 0.44092
vt 0.44605 0.43946
vt 0.44849 0.42628
vt 0.46899 0.4336
vt 0.44922 0.42139
vt 0.47315 0.43409
vt 0.52002 0.5105
vt 0.51416 0.49512
vt 0.5083 0.50049
vt 0.49878 0.51026
vt 0.48975 0.48926
vt 0.48145 0.49756
vt 0.46216 0.47413
vt 0.46509 0.45508
vt 0.45703 0.44727
vt 0.45044 0.4336
vt 0.47803 0.44141
vt 0.48193 0.43848
vt 0.49512 0.47852
vt 0.5 0.47217
vt 0.4729 0.4629
vt 0.48755 0.44825
vt 0.52588 0.48878
vt 0.51025 0.46827
vt 0.49023 0.44288
vt 0.55322 0.5315
vt 0.55518 0.5232
vt 0.53711 0.52003
vt 0.53125 0.53248
vt 0.51807 0.53126
vt 0.53711 0.51002
vt 0.57031 0.52784
vt 0.5874 0.54713
vt 0.57471 0.52735
vt 0.56103 0.51221
vt 0.55615 0.5127
vt 0.52978 0.48682
vt 0.30518 0.65601
vt 0.30859 0.62256
vt 0.28394 0.65015
vt 0.17566 0.93561
vt 0.19836 0.92115
vt 0.17078 0.92591
vt 0.19458 0.94376
vt 0.20837 0.92542
vt 0.21448 0.94077
vt 0.21143 0.94672
vt 0.22412 0.94947
vt 0.22864 0.94132
vt 0.17651 0.92579
vt 0.17944 0.57789
vt 0.17053 0.59717
vt 0.18835 0.58326
vt 0.16736 0.58668
vt 0.1709 0.56519
vt 0.16003 0.57325
vt 0.1405 0.54273
vt 0.13074 0.55347
vt 0.14771 0.58594
vt 0.12237 0.5669
vt 0.13416 0.60132
vt 0.11267 0.58057
vt 0.1206 0.6128
vt 0.11328 0.61646
vt 0.11652 0.63502
vt 0.10803 0.63892
vt 0.11664 0.64649
vt 0.09576 0.65699
vt 0.11694 0.65064
vt 0.09698 0.66822
vt 0.09442 0.64405
vt 0.10559 0.62012
vt 0.09375 0.62427
vt 0.10284 0.58839
vt 0.09241 0.594
vt 0.09351 0.57886
vt 0.09125 0.58961
vt 0.08142 0.58033
vt 0.08734 0.59742
vt 0.0705 0.6001
vt 0.06494 0.58106
vt 0.05591 0.60255
vt 0.05234 0.58228
vt 0.04547 0.60084
vt 0.04489 0.5835
vt 0.05255 0.56177
vt 0.04346 0.56348
vt 0.04919 0.54346
vt 0.04095 0.5503
vt 0.03766 0.53541
vt 0.04272 0.52808
vt 0.57129 0.55494
vt 0.57227 0.54468
vt 0.58398 0.54224
vt 0.55908 0.52491
vt 0.56397 0.52149
vt 0.55273 0.51539
vt 0.55762 0.51075
vt 0.5459 0.50489
vt 0.52783 0.49268
vt 0.5332 0.48585
vt 0.5127 0.47852
vt 0.50635 0.48633
vt 0.52978 0.50513
vt 0.54834 0.52271
vt 0.56103 0.53443
vt 0.49097 0.50562
vt 0.5166 0.52418
vt 0.54053 0.54981
vt 0.55664 0.5525
vt 0.46265 0.4795
vt 0.47974 0.45997
vt 0.49243 0.45753
vt 0.49707 0.45118
vt 0.13843 0.39307
vt 0.0271 0.42188
vt 0.028 0.42237
vt 0.02707 0.42139
vt 0.02695 0.42237
vt 0.0267 0.42188
vt 0.0266 0.42139
vt 0.02759 0.42139
vt 0.02956 0.42286
vt 0.02718 0.42335
vt 0.02649 0.42237
vt 0.07538 0.40772
vt 0.07153 0.40186
vt 0.07593 0.40479
vt 0.30347 0.38819
vt 0.28882 0.396
vt 0.30005 0.38526
vt 0.25195 0.40577
vt 0.23377 0.46485
vt 0.24243 0.41944
vt 0.24463 0.46583
vt 0.25684 0.42481
vt 0.26538 0.42872
vt 0.27588 0.43458
vt 0.29272 0.4087
vt 0.30737 0.417
vt 0.31348 0.39307
vt 0.32129 0.42481
vt 0.34229 0.43311
vt 0.28223 0.43995
vt 0.26147 0.46094
vt 0.2959 0.45167
vt 0.30273 0.45704
vt 0.32935 0.44092
vt 0.33935 0.45362
vt 0.3479 0.4546
vt 0.32642 0.47755
vt 0.3374 0.48731
vt 0.31665 0.50684
vt 0.32324 0.51343
vt 0.30933 0.52711
vt 0.3352 0.52466
vt 0.34521 0.49805
vt 0.35571 0.50733
vt 0.31348 0.46729
vt 0.27051 0.46876
vt 0.25464 0.48194
vt 0.26514 0.48731
vt 0.27954 0.47657
vt 0.28442 0.47852
vt 0.29541 0.49073
vt 0.30981 0.50098
vt 0.29932 0.52125
vt 0.29419 0.51856
vt 0.28003 0.50587
vt 0.26978 0.49415
vt 0.34131 0.53492
vt 0.31348 0.55225
vt 0.28931 0.54005
vt 0.28247 0.5359
vt 0.27661 0.53248
vt 0.26367 0.52076
vt 0.25317 0.50831
vt 0.24927 0.50367
vt 0.2428 0.49805
vt 0.23279 0.51758
vt 0.27564 0.5586
vt 0.25879 0.56373
vt 0.26489 0.55323
vt 0.25561 0.55152
vt 0.24353 0.56788
vt 0.23193 0.55494
vt 0.24573 0.53785
vt 0.2356 0.52711
vt 0.21558 0.54981
vt 0.21436 0.54493
vt 0.26318 0.57203
vt 0.2749 0.59156
vt 0.24805 0.58228
vt 0.29102 0.57715
vt 0.28491 0.60132
vt 0.2345 0.5647
vt 0.22461 0.55836
vt 0.20959 0.5525
vt 0.21143 0.5459
vt 0.22827 0.5171
vt 0.23828 0.49659
vt 0.38647 0.48389
vt 0.40185 0.49122
vt 0.38574 0.49708
vt 0.39697 0.50147
vt 0.4021 0.49854
vt 0.38721 0.52271
vt 0.40283 0.53297
vt 0.39307 0.54053
vt 0.39551 0.54615
vt 0.38428 0.55421
vt 0.3877 0.56031
vt 0.36914 0.56519
vt 0.37256 0.57984
vt 0.35376 0.56788
vt 0.35645 0.58155
vt 0.33594 0.58863
vt 0.32642 0.57325
vt 0.31665 0.60059
vt 0.30273 0.59131
vt 0.30615 0.61109
vt 0.36206 0.54127
vt 0.37622 0.53419
vt 0.37109 0.52003
vt 0.38647 0.50733
vt 0.36279 0.53052
vt 0.34619 0.54835
vt 0.36401 0.51465
vt 0.35425 0.46876
vt 0.3623 0.47901
vt 0.3706 0.48926
vt 0.36768 0.50049
vt 0.37769 0.49317
vt 0.36084 0.43751
vt 0.37036 0.41944
vt 0.38037 0.42872
vt 0.36426 0.44825
vt 0.37012 0.4546
vt 0.37646 0.46241
vt 0.38696 0.47266
vt 0.4873 0.50098
vt 0.47754 0.47364
vt 0.4939 0.49464
vt 0.46631 0.4834
vt 0.48096 0.50806
vt 0.44971 0.46631
vt 0.43408 0.45264
vt 0.41821 0.4336
vt 0.41162 0.44532
vt 0.4021 0.43165
vt 0.40234 0.41456
vt 0.38599 0.43409
vt 0.39453 0.40479
vt 0.40259 0.38282
vt 0.40185 0.46778
vt 0.39233 0.44532
vt 0.49536 0.52027
vt 0.40308 0.46924
vt 0.41821 0.49561
vt 0.44043 0.51197
vt 0.46411 0.53028
vt 0.51562 0.53174
vt 0.50488 0.51392
vt 0.52246 0.52686
vt 0.50977 0.51075
vt 0.52344 0.49805
vt 0.45996 0.5442
vt 0.44385 0.53834
vt 0.48096 0.56666
vt 0.45361 0.56397
vt 0.43799 0.56251
vt 0.42212 0.55274
vt 0.42944 0.53223
vt 0.41772 0.52173
vt 0.41797 0.5022
vt 0.40625 0.49952
vt 0.41284 0.5398
vt 0.47241 0.58253
vt 0.45166 0.57789
vt 0.4353 0.5774
vt 0.41919 0.55909
vt 0.41065 0.54566
vt 0.41162 0.57081
vt 0.40308 0.54371
vt 0.39575 0.57154
vt 0.42334 0.39503
vt 0.42798 0.37061
vt 0.41797 0.37549
vt 0.43433 0.41798
vt 0.51514 0.38917
vt 0.50195 0.38331
vt 0.50537 0.37989
vt 0.52539 0.38233
vt 0.52685 0.42725
vt 0.51172 0.40235
vt 0.4917 0.38868
vt 0.4436 0.43555
vt 0.42407 0.42774
vt 0.41016 0.40528
vt 0.45654 0.45215
vt 0.44019 0.4463
vt 0.521 0.43262
vt 0.50781 0.44532
vt 0.50098 0.45167
vt 0.47534 0.43751
vt 0.46484 0.4502
vt 0.49072 0.46241
vt 0.53613 0.41993
vt 0.54346 0.41456
vt 0.54004 0.45118
vt 0.53174 0.45997
vt 0.52344 0.46924
vt 0.51855 0.4712
vt 0.50781 0.48438
vt 0.55518 0.40772
vt 0.55518 0.4546
vt 0.54688 0.47169
vt 0.53711 0.47852
vt 0.53857 0.3877
vt 0.5542 0.37696
vt 0.54688 0.39503
vt 0.55469 0.49415
vt 0.57373 0.38721
vt 0.95654 0.25196
vt 0.95605 0.25196
vt 0.95605 0.25245
vt 0.95703 0.25245
vt 0.95557 0.25342
vt 0.95752 0.25342
vt 0.95752 0.25196
vt 0.95654 0.25098
vt 0.95508 0.25147
vt 0.95361 0.25245
vt 0.95459 0.25587
vt 0.95068 0.25342
vt 0.95215 0.25928
vt 0.94385 0.25684
vt 0.94629 0.2627
vt 0.94141 0.27198
vt 0.92041 0.26905
vt 0.92041 0.25245
vt 0.91699 0.26612
vt 0.93018 0.25587
vt 0.93262 0.24317
vt 0.94531 0.24854
vt 0.94678 0.24073
vt 0.95264 0.24366
vt 0.95215 0.24805
vt 0.95654 0.24512
vt 0.95557 0.24903
vt 0.95898 0.25147
vt 0.95508 0.27491
vt 0.95801 0.28565
vt 0.95996 0.27442
vt 0.96045 0.26221
vt 0.95801 0.25684
vt 0.95654 0.26368
vt 0.95264 0.26807
vt 0.9502 0.27735
vt 0.95166 0.28467
vt 0.95801 0.2959
vt 0.96338 0.28663
vt 0.96582 0.27344
vt 0.96435 0.25928
vt 0.96094 0.25391
vt 0.96387 0.25049
vt 0.96143 0.30372
vt 0.96094 0.30323
vt 0.96045 0.30469
vt 0.95898 0.30225
vt 0.95459 0.30469
vt 0.96631 0.29932
vt 0.97315 0.28809
vt 0.97559 0.27198
vt 0.97168 0.25782
vt 0.87207 0.98138
vt 0.88477 0.94938
vt 0.89746 0.97985
vt 0.90381 0.94382
vt 0.91797 0.97777
vt 0.85205 0.93421
vt 0.87647 0.9289
vt 0.86279 0.95331
vt 0.85449 0.95707
vt 0.8457 0.93842
vt 0.83691 0.9242
vt 0.84277 0.91889
vt 0.86768 0.90986
vt 0.88281 0.904
vt 0.89746 0.92017
vt 0.86328 0.98319
vt 0.85254 0.98626
vt 0.81006 0.96744
vt 0.78125 0.9542
vt 0.78125 0.96976
vt 0.78027 0.99237
vt 0.81885 0.99351
vt 0.74121 0.98663
vt 0.71484 0.98354
vt 0.69971 0.9629
vt 0.69873 0.98844
vt 0.68359 0.96915
vt 0.68359 0.95808
vt 0.75781 0.93091
vt 0.77246 0.93
vt 0.76221 0.92005
vt 0.74951 0.94388
vt 0.75342 0.96058
vt 0.74072 0.97307
vt 0.72559 0.95753
vt 0.70312 0.95069
vt 0.68164 0.94916
vt 0.66211 0.95396
vt 0.65967 0.96848
vt 0.6709 0.98527
vt 0.70459 0.94269
vt 0.72803 0.94062
vt 0.73486 0.93134
vt 0.75195 0.91321
vt 0.62109 0.97858
vt 0.74316 0.9007
vt 0.73486 0.92353
vt 0.70654 0.93134
vt 0.6831 0.93873
vt 0.66357 0.94276
vt 0.64209 0.9444
vt 0.62744 0.95557
vt 0.58545 0.94651
vt 0.57568 0.96799
vt 0.54346 0.94294
vt 0.54053 0.96256
vt 0.7085 0.87818
vt 0.70801 0.85792
vt 0.64453 0.93275
vt 0.66357 0.93452
vt 0.64453 0.92396
vt 0.66602 0.92255
vt 0.68701 0.92463
vt 0.7085 0.91633
vt 0.73096 0.9126
vt 0.72803 0.89997
vt 0.70752 0.90046
vt 0.68799 0.87897
vt 0.68848 0.90259
vt 0.66602 0.90119
vt 0.66309 0.88581
vt 0.63916 0.89173
vt 0.625 0.90064
vt 0.625 0.89277
vt 0.64355 0.91376
vt 0.62695 0.90949
vt 0.62109 0.90479
vt 0.61182 0.92286
vt 0.62109 0.91126
vt 0.62793 0.92072
vt 0.62695 0.93116
vt 0.53027 0.96961
vt 0.52978 0.96226
vt 0.52002 0.9728
vt 0.53467 0.96818
vt 0.53516 0.95573
vt 0.52148 0.96528
vt 0.51221 0.97167
vt 0.51611 0.96049
vt 0.50879 0.97237
vt 0.50391 0.96299
vt 0.49145 0.97214
vt 0.49902 0.97201
vt 0.51904 0.94736
vt 0.5 0.98057
vt 0.48755 0.97852
vt 0.48779 0.96644
vt 0.50195 0.95164
vt 0.52002 0.92341
vt 0.55078 0.91407
vt 0.4729 0.95759
vt 0.4563 0.96805
vt 0.47461 0.96674
vt 0.45361 0.96174
vt 0.44019 0.97236
vt 0.45776 0.971
vt 0.47339 0.97402
vt 0.48364 0.97333
vt 0.48779 0.95518
vt 0.48706 0.93708
vt 0.45459 0.9412
vt 0.4353 0.96519
vt 0.42432 0.97526
vt 0.42212 0.97062
vt 0.40967 0.978
vt 0.41992 0.952
vt 0.38843 0.96467
vt 0.38013 0.93751
vt 0.3645 0.96512
vt 0.3689 0.98261
vt 0.31494 0.97416
vt 0.31714 0.96384
vt 0.28394 0.9629
vt 0.39502 0.98084
vt 0.87402 0.28321
vt 0.87451 0.28516
vt 0.87305 0.27881
vt 0.18896 0.90925
vt 0.20715 0.91627
vt 0.20813 0.9098
vt 0.19336 0.91517
vt 0.21497 0.89789
vt 0.22058 0.909
vt 0.21533 0.91822
vt 0.93262 0.39307
vt 0.93066 0.38331
vt 0.93164 0.38087
vt 0.72949 0.36671
vt 0.72363 0.37159
vt 0.73584 0.3794
vt 0.73389 0.39112
vt 0.72168 0.38477
vt 0.72803 0.39454
vt 0.72803 0.38135
vt 0.71875 0.37696
vt 0.74023 0.38721
vt 0.74756 0.3921
vt 0.74121 0.40235
vt 0.7334 0.40772
vt 0.75488 0.34376
vt 0.76953 0.3296
vt 0.75977 0.32813
vt 0.76611 0.34327
vt 0.75391 0.35645
vt 0.76367 0.35548
vt 0.75342 0.36426
vt 0.76221 0.36329
vt 0.7627 0.37452
vt 0.75098 0.37647
vt 0.76221 0.38575
vt 0.75244 0.39893
vt 0.74756 0.41065
vt 0.76611 0.3794
vt 0.77832 0.37403
vt 0.76953 0.37159
vt 0.7749 0.38477
vt 0.76514 0.39503
vt 0.77881 0.38819
vt 0.78369 0.37452
vt 0.78272 0.36378
vt 0.77441 0.36231
vt 0.79053 0.35059
vt 0.78027 0.34766
vt 0.79736 0.33594
vt 0.78809 0.33253
vt 0.78955 0.37745
vt 0.80469 0.36964
vt 0.79932 0.36475
vt 0.79639 0.38087
vt 0.78369 0.38526
vt 0.78906 0.39063
vt 0.77978 0.39698
vt 0.77734 0.4087
vt 0.76074 0.41358
vt 0.74365 0.41993
vt 0.75781 0.42335
vt 0.77588 0.417
vt 0.78662 0.40772
vt 0.7959 0.39356
vt 0.8042 0.3838
vt 0.81103 0.37208
vt 0.81348 0.36475
vt 0.80859 0.36329
vt 0.80566 0.36036
vt 0.16333 0.3921
vt 0.15747 0.39063
vt 0.16016 0.39356
vt 0.16479 0.38868
vt 0.17175 0.38624
vt 0.15283 0.38428
vt 0.14929 0.37696
vt 0.14111 0.3877
vt 0.13769 0.39258
vt 0.1355 0.39161
vt 0.13782 0.38868
vt 0.13196 0.38087
vt 0.13672 0.37354
vt 0.12769 0.36719
vt 0.1344 0.3628
vt 0.12793 0.35352
vt 0.12012 0.35889
vt 0.16577 0.39503
vt 0.16553 0.39551
vt 0.16577 0.39551
vt 0.16602 0.39454
vt 0.16516 0.39551
vt 0.16565 0.39356
vt 0.16809 0.39551
vt 0.16138 0.39551
vt 0.16064 0.40919
vt 0.1615 0.39893
vt 0.16467 0.40186
vt 0.16419 0.39698
vt 0.16638 0.39796
vt 0.16602 0.39649
vt 0.16675 0.39551
vt 0.16626 0.39551
vt 0.16589 0.39551
vt 0.16516 0.39649
vt 0.16602 0.396
vt 0.16443 0.39551
vt 0.15515 0.39503
vt 0.14868 0.39649
vt 0.15381 0.39942
vt 0.6875 0.66285
vt 0.68506 0.68018
vt 0.69043 0.68848
vt 0.68457 0.68799
vt 0.68799 0.70338
vt 0.67822 0.70338
vt 0.68164 0.71656
vt 0.68945 0.72486
vt 0.6416 0.66382
vt 0.64062 0.68384
vt 0.64697 0.67481
vt 0.65283 0.66163
vt 0.65137 0.67725
vt 0.66602 0.66578
vt 0.66797 0.68311
vt 0.68018 0.66822
vt 0.6792 0.65528
vt 0.68848 0.64063
vt 0.68262 0.63282
vt 0.68994 0.61866
vt 0.68555 0.58985
vt 0.69678 0.5503
vt 0.69238 0.54346
vt 0.68506 0.54249
vt 0.67871 0.57764
vt 0.67041 0.53248
vt 0.65772 0.53174
vt 0.6665 0.5796
vt 0.67627 0.61475
vt 0.66065 0.64893
vt 0.67236 0.65748
vt 0.67188 0.63917
vt 0.66113 0.61597
vt 0.65576 0.57325
vt 0.64355 0.56959
vt 0.64404 0.53419
vt 0.63477 0.53907
vt 0.62988 0.57911
vt 0.63867 0.60059
vt 0.62744 0.60474
vt 0.62598 0.61597
vt 0.64941 0.60401
vt 0.64355 0.61719
vt 0.62842 0.62574
vt 0.61182 0.62916
vt 0.66016 0.63404
vt 0.64697 0.63965
vt 0.66602 0.64283
vt 0.63281 0.64698
vt 0.61279 0.63917
vt 0.61963 0.65992
vt 0.59619 0.65528
vt 0.604 0.67628
vt 0.58887 0.6709
vt 0.59277 0.68531
vt 0.59473 0.64527
vt 0.58447 0.66651
vt 0.58691 0.68629
vt 0.59522 0.70679
vt 0.60303 0.70289
vt 0.61475 0.6919
vt 0.63037 0.67383
vt 0.61084 0.61231
vt 0.59277 0.62794
vt 0.57227 0.65186
vt 0.57227 0.68995
vt 0.58105 0.71778
vt 0.61279 0.73023
vt 0.61963 0.72193
vt 0.62842 0.70142
vt 0.51807 0.60303
vt 0.48291 0.63843
vt 0.53027 0.63941
vt 0.5625 0.57496
vt 0.58935 0.5962
vt 0.58935 0.55494
vt 0.61084 0.58619
vt 0.61572 0.54835
vt 0.56787 0.61182
vt 0.63623 0.73633
vt 0.6333 0.75049
vt 0.65674 0.74879
vt 0.64502 0.76392
vt 0.66846 0.76295
vt 0.6543 0.77393
vt 0.67383 0.7699
vt 0.62451 0.81556
vt 0.61621 0.80006
vt 0.60693 0.77259
vt 0.59375 0.74634
vt 0.53565 0.66724
vt 0.54541 0.70386
vt 0.55371 0.73438
vt 0.56445 0.76588
vt 0.57568 0.79627
vt 0.58447 0.82642
vt 0.59277 0.85731
vt 0.60205 0.8689
vt 0.54639 0.84559
vt 0.54102 0.81519
vt 0.53369 0.78223
vt 0.52539 0.75233
vt 0.51514 0.72169
vt 0.50879 0.68946
vt 0.49658 0.6709
vt 0.48364 0.68995
vt 0.46289 0.66627
vt 0.46069 0.70948
vt 0.33374 0.63233
vt 0.3313 0.6709
vt 0.34863 0.63843
vt 0.35889 0.67872
vt 0.35986 0.63575
vt 0.37427 0.67286
vt 0.38281 0.71046
vt 0.39111 0.70338
vt 0.40283 0.72071
vt 0.40674 0.70948
vt 0.42188 0.71168
vt 0.44727 0.69215
vt 0.43848 0.72437
vt 0.43408 0.71168
vt 0.42212 0.72877
vt 0.39941 0.73536
vt 0.37549 0.72413
vt 0.37305 0.73658
vt 0.35449 0.72559
vt 0.35352 0.7439
vt 0.32422 0.72999
vt 0.354 0.74805
vt 0.33496 0.75672
vt 0.35596 0.77589
vt 0.34448 0.78565
vt 0.37109 0.78736
vt 0.36621 0.80469
vt 0.49512 0.70606
vt 0.49878 0.73096
vt 0.50195 0.76136
vt 0.48218 0.71851
vt 0.46314 0.73096
vt 0.44311 0.74268
vt 0.4209 0.74732
vt 0.39844 0.74708
vt 0.37158 0.75025
vt 0.37378 0.76136
vt 0.46802 0.74097
vt 0.44605 0.74903
vt 0.44653 0.76173
vt 0.42261 0.75538
vt 0.42188 0.76734
vt 0.3977 0.75819
vt 0.39795 0.7699
vt 0.41577 0.79652
vt 0.43237 0.78797
vt 0.45337 0.7743
vt 0.46973 0.75318
vt 0.48535 0.74073
vt 0.43481 0.80298
vt 0.4646 0.80775
vt 0.46533 0.77723
vt 0.48438 0.77039
vt 0.50391 0.79627
vt 0.50684 0.83167
vt 0.39429 0.79615
vt 0.41431 0.81983
vt 0.43164 0.83753
vt 0.47119 0.84632
vt 0.50928 0.86121
vt 0.43872 0.8628
vt 0.39038 0.82276
vt 0.40625 0.8473
vt 0.4458 0.88935
vt 0.47754 0.87751
vt 0.51416 0.89008
vt 0.54883 0.88251
vt 0.35449 0.8877
vt 0.38184 0.88166
vt 0.37036 0.85645
vt 0.32373 0.86939
vt 0.35083 0.84193
vt 0.31543 0.86024
vt 0.33203 0.82569
vt 0.29907 0.84937
vt 0.29272 0.82667
vt 0.25903 0.84412
vt 0.25415 0.81422
vt 0.23621 0.84803
vt 0.22839 0.82325
vt 0.20972 0.83008
vt 0.21851 0.79639
vt 0.19934 0.80543
vt 0.28296 0.79871
vt 0.3186 0.80298
vt 0.40088 0.87751
vt 0.30689 0.77601
vt 0.39697 0.89692
vt 0.39062 0.90192
vt 0.41602 0.92762
vt 0.45093 0.91566
vt 0.48315 0.90443
vt 0.37646 0.91559
vt 0.23889 0.94938
vt 0.24255 0.94095
vt 0.25024 0.95109
vt 0.25537 0.9419
vt 0.2644 0.95478
vt 0.27173 0.94306
vt 0.2898 0.95249
vt 0.3269 0.94749
vt 0.35791 0.94108
vt 0.35718 0.91968
vt 0.27002 0.93146
vt 0.26782 0.92274
vt 0.29077 0.93409
vt 0.32373 0.92994
vt 0.28296 0.91572
vt 0.27564 0.90821
vt 0.26294 0.91877
vt 0.24609 0.93207
vt 0.22327 0.93262
vt 0.26758 0.90046
vt 0.25244 0.91511
vt 0.23535 0.92145
vt 0.23767 0.9098
vt 0.22559 0.90253
vt 0.24255 0.89338
vt 0.25684 0.89655
vt 0.22376 0.89326
vt 0.21594 0.88032
vt 0.24695 0.87366
vt 0.26538 0.86976
vt 0.15124 0.86683
vt 0.16724 0.85779
vt 0.14624 0.85584
vt 0.1991 0.89191
vt 0.19482 0.86341
vt 0.18774 0.87427
vt 0.16711 0.84656
vt 0.14185 0.83863
vt 0.12793 0.74512
vt 0.14465 0.72803
vt 0.11353 0.72486
vt 0.11273 0.76539
vt 0.13635 0.76527
vt 0.12097 0.78443
vt 0.14856 0.79273
vt 0.13123 0.80836
vt 0.16272 0.8296
vt 0.18127 0.82056
vt 0.2041 0.85181
vt 0.15564 0.74903
vt 0.16492 0.77772
vt 0.16821 0.72047
vt 0.16211 0.70435
vt 0.17444 0.74341
vt 0.18225 0.76917
vt 0.20471 0.76099
vt 0.19739 0.73389
vt 0.19702 0.71827
vt 0.20142 0.70557
vt 0.20593 0.69825
vt 0.16479 0.69092
vt 0.18249 0.67945
vt 0.15259 0.65845
vt 0.19275 0.66724
vt 0.16504 0.64649
vt 0.20557 0.6543
vt 0.21936 0.68018
vt 0.22961 0.66529
vt 0.23523 0.6858
vt 0.27393 0.77051
vt 0.24463 0.7837
vt 0.23657 0.75147
vt 0.23181 0.72584
vt 0.22669 0.71021
vt 0.22656 0.69971
vt 0.21191 0.69044
vt 0.30957 0.74171
vt 0.229 0.69434
vt 0.23718 0.6963
vt 0.24268 0.70313
vt 0.25586 0.71363
vt 0.26294 0.73585
vt 0.29443 0.75306
vt 0.27783 0.72632
vt 0.2439 0.68824
vt 0.24805 0.69044
vt 0.25317 0.69752
vt 0.26538 0.70411
vt 0.28809 0.71387
vt 0.29272 0.70484
vt 0.32495 0.70679
vt 0.35938 0.69874
vt 0.27222 0.69459
vt 0.25708 0.69019
vt 0.24353 0.67408
vt 0.24988 0.67945
vt 0.25366 0.68214
vt 0.26172 0.68482
vt 0.27808 0.67945
vt 0.29907 0.68726
vt 0.26758 0.6731
vt 0.26904 0.6504
vt 0.25952 0.67261
vt 0.25586 0.65284
vt 0.28394 0.6189
vt 0.26343 0.62281
vt 0.24426 0.6399
vt 0.23853 0.61378
vt 0.22583 0.63306
vt 0.22436 0.60889
vt 0.21228 0.6023
vt 0.21143 0.62647
vt 0.14197 0.70948
vt 0.13782 0.69703
vt 0.11108 0.70411
vt 0.12805 0.67725
vt 0.10895 0.68824
vt 0.14087 0.66871
vt 0.17993 0.63087
vt 0.19763 0.61426
vt 0.20898 0.58765
vt 0.11999 0.66309
vt 0.10333 0.67872
vt 0.12952 0.65381
vt 0.1394 0.64405
vt 0.14722 0.63453
vt 0.16394 0.6189
vt 0.17468 0.60816
vt 0.19116 0.5962
vt 0.21033 0.57423
vt 0.15552 0.61109
vt 0.15515 0.60157
vt 0.13672 0.61964
vt 0.13342 0.63502
vt 0.12323 0.64576
vt 0.12512 0.63941
vt 0.12323 0.63087
vt 0.12195 0.64332
vt 0.25757 0.91694
vt 0.23645 0.91559
vt 0.07251 0.42725
vt 0.06232 0.42969
vt 0.0658 0.41846
vt 0.07416 0.44044
vt 0.0791 0.42335
vt 0.08868 0.44434
vt 0.09302 0.4336
vt 0.1004 0.43311
vt 0.10065 0.41358
vt 0.10638 0.41016
vt 0.10571 0.39991
vt 0.11444 0.396
vt 0.10559 0.39063
vt 0.11346 0.38233
vt 0.10443 0.37598
vt 0.10944 0.37012
vt 0.10376 0.36426
vt 0.10486 0.36182
vt 0.1026 0.36085
vt 0.10583 0.3584
vt 0.10211 0.36231
vt 0.1015 0.36133
vt 0.10187 0.36573
vt 0.09888 0.36671
vt 0.09906 0.37989
vt 0.10004 0.39503
vt 0.10052 0.40381
vt 0.09552 0.40967
vt 0.08258 0.41895
vt 0.0733 0.40723
vt 0.07458 0.40528
vt 0.0686 0.40235
vt 0.08875 0.39454
vt 0.09497 0.396
vt 0.0871 0.40723
vt 0.08112 0.3921
vt 0.07904 0.40284
vt 0.07086 0.39161
vt 0.10083 0.36329
vt 0.10095 0.36182
vt 0.07312 0.37403
vt 0.08417 0.37012
vt 0.07928 0.38038
vt 0.08533 0.38233
vt 0.09027 0.38526
vt 0.09387 0.38135
vt 0.09546 0.36573
vt 0.09961 0.36231
vt 0.10046 0.36182
vt 0.10101 0.36133
vt 0.10107 0.36085
vt 0.0882 0.37354
vt 0.09943 0.36133
vt 0.09222 0.3628
vt 0.08765 0.35792
vt 0.10187 0.3584
vt 0.10486 0.35206
vt 0.12793 0.38282
vt 0.13196 0.39551
vt 0.12091 0.37501
vt 0.13037 0.42286
vt 0.12695 0.4209
vt 0.13257 0.40284
vt 0.11884 0.41749
vt 0.11407 0.36475
vt 0.04572 0.46094
vt 0.04776 0.4795
vt 0.05881 0.45899
vt 0.03668 0.46534
vt 0.03937 0.47706
vt 0.0354 0.47071
vt 0.03741 0.47657
vt 0.03586 0.47608
vt 0.03665 0.47755
vt 0.0368 0.47901
vt 0.03641 0.4834
vt 0.04422 0.48585
vt 0.03433 0.49171
vt 0.04282 0.49268
vt 0.04095 0.49903
vt 0.04779 0.49464
vt 0.05368 0.49171
vt 0.06537 0.48633
vt 0.06555 0.45508
vt 0.05258 0.4463
vt 0.04605 0.44385
vt 0.03363 0.44532
vt 0.03662 0.43897
vt 0.02637 0.43458
vt 0.02211 0.43604
vt 0.02148 0.42579
vt 0.0134 0.42774
vt 0.02831 0.45167
vt 0.02892 0.46631
vt 0.01686 0.45215
vt 0.02208 0.44337
vt 0.07129 0.40284
vt 0.07056 0.40821
vt 0.06329 0.40381
vt 0.02234 0.42042
vt 0.02177 0.40967
vt 0.02718 0.417
vt 0.03069 0.41505
vt 0.04102 0.41163
vt 0.04593 0.39942
vt 0.05386 0.41114
vt 0.06403 0.41163
vt 0.06958 0.41505
vt 0.03177 0.42823
vt 0.02933 0.43165
vt 0.03992 0.4336
vt 0.0276 0.42579
vt 0.02466 0.42628
vt 0.02605 0.42335
vt 0.02496 0.42237
vt 0.02615 0.42188
vt 0.02612 0.42042
vt 0.06198 0.42139
vt 0.05502 0.41749
vt 0.04407 0.41749
vt 0.03485 0.41846
vt 0.02977 0.41993
vt 0.03293 0.42237
vt 0.03912 0.42237
vt 0.04889 0.42237
vt 0.05719 0.42628
vt 0.06067 0.43555
vt 0.0549 0.43165
vt 0.04919 0.42774
vt 0.04279 0.42872
vt 0.03369 0.42481
vt 0.05255 0.43555
vt 0.04959 0.43946
vt 0.05527 0.44337
vt 0.05811 0.43946
vt 0.07074 0.44776
vt 0.09692 0.46339
vt 0.1087 0.42872
vt 0.10028 0.36329
vt 0.10065 0.36182
vt 0.10083 0.36182
vt 0.10114 0.36182
vt 0.10095 0.36133
vt 0.10107 0.36133
vt 0.10138 0.36329
vt 0.10138 0.36133
vt 0.10114 0.36133
vt 0.10083 0.36133
vt 0.10028 0.36182
vt 0.10077 0.36085
vt 0.10132 0.36085
vt 0.10162 0.36133
vt 0.13452 0.4629
vt 0.12476 0.43848
vt 0.11871 0.47315
vt 0.11499 0.45069
vt 0.12396 0.38526
vt 0.1283 0.39942
vt 0.13623 0.43458
vt 0.14563 0.44092
vt 0.14697 0.42725
vt 0.15576 0.4253
vt 0.17017 0.42042
vt 0.16821 0.40381
vt 0.16968 0.41016
vt 0.17383 0.4087
vt 0.15759 0.44044
vt 0.17248 0.43506
vt 0.17981 0.41993
vt 0.17969 0.40626
vt 0.17029 0.40137
vt 0.17273 0.39796
vt 0.1781 0.39503
vt 0.18921 0.4585
vt 0.17871 0.47315
vt 0.19544 0.47022
vt 0.18347 0.43604
vt 0.17554 0.45753
vt 0.16614 0.47462
vt 0.1637 0.4629
vt 0.15124 0.4712
vt 0.16138 0.47657
vt 0.13684 0.4878
vt 0.1405 0.5066
vt 0.15454 0.48585
vt 0.1571 0.49903
vt 0.1532 0.5337
vt 0.1665 0.52466
vt 0.18237 0.55543
vt 0.19495 0.54639
vt 0.18311 0.51148
vt 0.1676 0.49171
vt 0.19556 0.57154
vt 0.20923 0.56495
vt 0.20312 0.55836
vt 0.19019 0.56641
vt 0.1228 0.51295
vt 0.11462 0.49512
vt 0.1062 0.48145
vt 0.02237 0.49854
vt 0.02238 0.49854
vt 0.02246 0.49903
vt 0.02257 0.49854
vt 0.0224 0.49659
vt 0.02219 0.49805
vt 0.02399 0.49805
vt 0.02235 0.49854
vt 0.02211 0.49903
vt 0.0235 0.50001
vt 0.02689 0.49708
vt 0.02344 0.49366
vt 0.02789 0.51856
vt 0.03053 0.51197
vt 0.02234 0.51221
vt 0.02547 0.50806
vt 0.03925 0.51881
vt 0.0347 0.52442
vt 0.03885 0.50904
vt 0.0322 0.50489
vt 0.02605 0.50416
vt 0.02109 0.50513
vt 0.01733 0.5149
vt 0.02679 0.52857
vt 0.01566 0.49708
vt 0.02058 0.49659
vt 0.01946 0.49122
vt 0.02063 0.50001
vt 0.01689 0.50465
vt 0.02185 0.50098
vt 0.05286 0.51954
vt 0.04694 0.5105
vt 0.04037 0.50416
vt 0.03326 0.49805
vt 0.02844 0.48829
vt 0.02379 0.48389
vt 0.05298 0.50855
vt 0.04727 0.50416
vt 0.05151 0.50367
vt 0.04736 0.49903
vt 0.05157 0.49952
vt 0.06281 0.50611
vt 0.05963 0.5127
vt 0.06091 0.53834
vt 0.06506 0.49854
vt 0.08044 0.48536
vt 0.09021 0.49756
vt 0.0769 0.49561
vt 0.07916 0.50245
vt 0.07672 0.51417
vt 0.07373 0.53394
vt 0.06403 0.56031
vt 0.08044 0.56104
vt 0.08813 0.53614
vt 0.09589 0.51173
vt 0.1106 0.52466
vt 0.10199 0.5442
vt 0.09619 0.56641
vt 0.83691 0.92249
vt 0.83105 0.90894
vt 0.83105 0.89045
vt 0.82178 0.88996
vt 0.82324 0.91077
vt 0.82764 0.85914
vt 0.80908 0.86292
vt 0.85303 0.88154
vt 0.84277 0.96082
vt 0.81152 0.95093
vt 0.83789 0.94364
vt 0.82861 0.92835
vt 0.80273 0.93159
vt 0.80664 0.91242
vt 0.83643 0.92597
vt 0.77685 0.91334
vt 0.7793 0.89051
vt 0.80762 0.88862
vt 0.84131 0.85425
vt 0.86523 0.87501
vt 0.85986 0.82313
vt 0.88184 0.81336
vt 0.8623 0.7898
vt 0.87158 0.82361
vt 0.85645 0.83411
vt 0.87402 0.83314
vt 0.87256 0.84656
vt 0.85303 0.84644
vt 0.83008 0.83289
vt 0.80371 0.83765
vt 0.81836 0.81287
vt 0.81543 0.79359
vt 0.79736 0.81214
vt 0.83252 0.81031
vt 0.84277 0.82691
vt 0.84131 0.81568
vt 0.8252 0.79175
vt 0.81934 0.77552
vt 0.79785 0.78602
vt 0.83935 0.7859
vt 0.83105 0.76246
vt 0.8042 0.76649
vt 0.85059 0.76221
vt 0.86572 0.76404
vt 0.84912 0.71412
vt 0.83789 0.71949
vt 0.84815 0.72095
vt 0.86035 0.73316
vt 0.85205 0.73756
vt 0.86035 0.75098
vt 0.84961 0.75257
vt 0.83398 0.7533
vt 0.81348 0.7522
vt 0.78613 0.75147
vt 0.77783 0.74903
vt 0.7666 0.73414
vt 0.74463 0.71754
vt 0.82861 0.74171
vt 0.84326 0.7378
vt 0.8252 0.72901
vt 0.80371 0.74341
vt 0.8125 0.73316
vt 0.79102 0.72803
vt 0.77734 0.73365
vt 0.82471 0.719
vt 0.80615 0.71461
vt 0.77783 0.70264
vt 0.75488 0.68848
vt 0.76465 0.71046
vt 0.75684 0.71143
vt 0.74463 0.69263
vt 0.73145 0.70093
vt 0.72705 0.67896
vt 0.74072 0.64747
vt 0.7666 0.67432
vt 0.79346 0.69117
vt 0.81641 0.70435
vt 0.83691 0.70631
vt 0.72852 0.7251
vt 0.71582 0.67628
vt 0.73291 0.65406
vt 0.7207 0.64869
vt 0.72754 0.63062
vt 0.74072 0.61256
vt 0.75391 0.64307
vt 0.74609 0.6106
vt 0.75195 0.60987
vt 0.74707 0.59595
vt 0.75781 0.60596
vt 0.75049 0.59302
vt 0.76514 0.59644
vt 0.75244 0.58521
vt 0.74072 0.59693
vt 0.74414 0.59766
vt 0.74414 0.594
vt 0.74121 0.59327
vt 0.73926 0.58131
vt 0.73633 0.5918
vt 0.74365 0.58497
vt 0.74756 0.5752
vt 0.75 0.57813
vt 0.74707 0.58668
vt 0.73535 0.594
vt 0.73047 0.61011
vt 0.76074 0.57471
vt 0.7544 0.56495
vt 0.74365 0.5713
vt 0.73242 0.57764
vt 0.72754 0.59278
vt 0.72412 0.59742
vt 0.71777 0.60792
vt 0.7124 0.62842
vt 0.7085 0.64991
vt 0.68994 0.66285
vt 0.6919 0.69361
vt 0.70654 0.67359
vt 0.74658 0.54175
vt 0.72461 0.5315
vt 0.73047 0.55884
vt 0.71387 0.55347
vt 0.72559 0.56715
vt 0.7085 0.56373
vt 0.7207 0.57813
vt 0.70166 0.57349
vt 0.71582 0.59229
vt 0.69727 0.58423
vt 0.69531 0.61231
vt 0.69238 0.63917
vt 0.76709 0.5337
vt 0.771 0.52662
vt 0.76514 0.53223
vt 0.76221 0.51929
vt 0.7876 0.51197
vt 0.78272 0.52662
vt 0.77051 0.53638
vt 0.76465 0.53663
vt 0.76074 0.53541
vt 0.79395 0.53712
vt 0.79932 0.51465
vt 0.77246 0.55054
vt 0.76074 0.54883
vt 0.75537 0.54639
vt 0.74365 0.55714
vt 0.73926 0.56666
vt 0.74805 0.55933
vt 0.77148 0.6294
vt 0.79346 0.65479
vt 0.78027 0.61817
vt 0.77246 0.58619
vt 0.79199 0.57471
vt 0.79004 0.4795
vt 0.76562 0.48878
vt 0.7915 0.49512
vt 0.7793 0.50489
vt 0.74219 0.5066
vt 0.88428 0.79847
vt 0.88525 0.78602
vt 0.87744 0.78663
vt 0.87695 0.76624
vt 0.90137 0.76783
vt 0.87305 0.7544
vt 0.88379 0.73121
vt 0.86914 0.73389
vt 0.86816 0.71119
vt 0.896 0.70655
vt 0.87109 0.70069
vt 0.8877 0.69239
vt 0.86133 0.68897
vt 0.88428 0.67554
vt 0.86182 0.6731
vt 0.86523 0.6609
vt 0.84375 0.66041
vt 0.84912 0.64405
vt 0.86084 0.70069
vt 0.84375 0.6753
vt 0.84375 0.68946
vt 0.84766 0.70142
vt 0.86133 0.71241
vt 0.86475 0.72974
vt 0.78125 0.66358
vt 0.76465 0.63599
vt 0.80713 0.67798
vt 0.82422 0.66529
vt 0.82666 0.68995
vt 0.80273 0.68458
vt 0.97998 0.32423
vt 0.97852 0.32081
vt 0.97803 0.3252
vt 0.97949 0.33204
vt 0.98291 0.32471
vt 0.98291 0.3335
vt 0.98389 0.31641
vt 0.98926 0.33985
vt 0.97119 0.30176
vt 0.96973 0.31006
vt 0.97852 0.31495
vt 0.98096 0.3213
vt 0.96875 0.38868
vt 0.96045 0.40137
vt 0.96777 0.4043
vt 0.9624 0.38526
vt 0.9668 0.37061
vt 0.94922 0.37647
vt 0.95508 0.36329
vt 0.93799 0.36671
vt 0.94629 0.35401
vt 0.93213 0.35596
vt 0.94141 0.34815
vt 0.93603 0.33594
vt 0.94678 0.34131
vt 0.94482 0.33448
vt 0.95215 0.33741
vt 0.95117 0.33301
vt 0.95801 0.33497
vt 0.97754 0.37256
vt 0.979 0.35792
vt 0.95166 0.34376
vt 0.9585 0.34522
vt 0.96728 0.3501
vt 0.97315 0.3545
vt 0.98047 0.34034
vt 0.97607 0.33692
vt 0.9751 0.33204
vt 0.97168 0.32911
vt 0.9668 0.3418
vt 0.96484 0.33155
vt 0.95654 0.3296
vt 0.9624 0.32667
vt 0.97022 0.32325
vt 0.9751 0.32032
vt 0.97656 0.31641
vt 0.96924 0.31446
vt 0.96484 0.31006
vt 0.96338 0.30665
vt 0.96387 0.30225
vt 0.96094 0.30567
vt 0.94971 0.32032
vt 0.93457 0.32764
vt 0.95654 0.32178
vt 0.96826 0.31934
vt 0.96387 0.31544
vt 0.96094 0.31055
vt 0.95654 0.31153
vt 0.95557 0.31055
vt 0.94678 0.31739
vt 0.93408 0.31153
vt 0.94531 0.30762
vt 0.94629 0.29493
vt 0.94336 0.28663
vt 0.94531 0.27589
vt 0.94971 0.26612
vt 0.9375 0.29493
vt 0.9292 0.30323
vt 0.92432 0.3169
vt 0.91895 0.33594
vt 0.93945 0.2837
vt 0.93799 0.29005
vt 0.93359 0.29395
vt 0.92383 0.29835
vt 0.91113 0.31299
vt 0.93555 0.28858
vt 0.9331 0.26954
vt 0.93213 0.26221
vt 0.93652 0.28174
vt 0.9331 0.28712
vt 0.92871 0.28419
vt 0.92969 0.29053
vt 0.92139 0.29053
vt 0.92188 0.27979
vt 0.91846 0.27442
vt 0.92285 0.27051
vt 0.91895 0.27003
vt 0.92627 0.26465
vt 0.91699 0.26026
vt 0.92725 0.24952
vt 0.91553 0.24854
vt 0.91553 0.23292
vt 0.91162 0.23975
vt 0.90918 0.23536
vt 0.9082 0.22999
vt 0.91943 0.27589
vt 0.91357 0.29639
vt 0.91748 0.28321
vt 0.91602 0.28272
vt 0.91309 0.27637
vt 0.9082 0.27051
vt 0.90772 0.25684
vt 0.90723 0.24464
vt 0.90527 0.2378
vt 0.90674 0.23292
vt 0.90234 0.23438
vt 0.90137 0.28663
vt 0.90674 0.28321
vt 0.90137 0.27784
vt 0.91016 0.2959
vt 0.90185 0.29835
vt 0.89502 0.28663
vt 0.89697 0.27686
vt 0.90088 0.27003
vt 0.90576 0.26856
vt 0.90185 0.25928
vt 0.89746 0.27003
vt 0.8877 0.26856
vt 0.88477 0.27979
vt 0.89062 0.29932
vt 0.90283 0.31153
vt 0.89941 0.22852
vt 0.89844 0.23389
vt 0.89014 0.23048
vt 0.89111 0.23731
vt 0.88281 0.23487
vt 0.88525 0.24024
vt 0.875 0.2461
vt 0.88232 0.25001
vt 0.88867 0.2544
vt 0.87842 0.26075
vt 0.87598 0.27296
vt 0.88086 0.28858
vt 0.87842 0.29346
vt 0.88232 0.31251
vt 0.87842 0.30225
vt 0.90039 0.23487
vt 0.90039 0.23585
vt 0.90088 0.23536
vt 0.90137 0.23633
vt 0.896 0.2461
vt 0.89551 0.25782
vt 0.90185 0.24708
vt 0.90185 0.23975
vt 0.89893 0.23829
vt 0.82861 0.37305
vt 0.83789 0.38135
vt 0.82373 0.3838
vt 0.8457 0.37061
vt 0.8374 0.36036
vt 0.85645 0.36036
vt 0.85107 0.35108
vt 0.86621 0.34571
vt 0.8623 0.3462
vt 0.86182 0.34376
vt 0.8584 0.33692
vt 0.85156 0.34864
vt 0.84912 0.33448
vt 0.83252 0.34717
vt 0.8374 0.33253
vt 0.82861 0.33985
vt 0.83496 0.32618
vt 0.8457 0.31495
vt 0.85498 0.2295
vt 0.86133 0.23536
vt 0.86279 0.23048
vt 0.85352 0.23731
vt 0.85889 0.2378
vt 0.8418 0.23682
vt 0.84375 0.22706
vt 0.82861 0.23585
vt 0.83105 0.22608
vt 0.81934 0.22657
vt 0.81543 0.23438
vt 0.82861 0.2461
vt 0.83545 0.26026
vt 0.8418 0.25196
vt 0.82129 0.25635
vt 0.81641 0.24317
vt 0.80859 0.25196
vt 0.81103 0.24171
vt 0.80029 0.25049
vt 0.80127 0.24122
vt 0.79004 0.24805
vt 0.80957 0.2251
vt 0.79346 0.23926
vt 0.77881 0.25196
vt 0.79004 0.25147
vt 0.79785 0.25587
vt 0.80713 0.25928
vt 0.81836 0.26173
vt 0.82959 0.26319
vt 0.83643 0.2627
vt 0.84277 0.25977
vt 0.84473 0.25538
vt 0.7959 0.2212
vt 0.78711 0.23633
vt 0.78662 0.22315
vt 0.76709 0.2334
vt 0.76807 0.24561
vt 0.77002 0.25049
vt 0.79199 0.26856
vt 0.79102 0.26026
vt 0.78809 0.26954
vt 0.77002 0.2588
vt 0.76025 0.25489
vt 0.7627 0.26221
vt 0.76807 0.26954
vt 0.77539 0.26612
vt 0.77637 0.27393
vt 0.78272 0.27247
vt 0.78565 0.26221
vt 0.77881 0.25587
vt 0.78369 0.25098
vt 0.75586 0.24708
vt 0.74951 0.24171
vt 0.75098 0.22901
vt 0.77197 0.22169
vt 0.77832 0.21583
vt 0.7959 0.20948
vt 0.80273 0.2129
vt 0.81592 0.20557
vt 0.81445 0.21387
vt 0.82764 0.20948
vt 0.75879 0.21729
vt 0.93164 0.43116
vt 0.92871 0.44092
vt 0.93799 0.44385
vt 0.92676 0.45069
vt 0.93603 0.45557
vt 0.92334 0.46094
vt 0.93506 0.46583
vt 0.92676 0.47217
vt 0.91357 0.47022
vt 0.91797 0.47657
vt 0.90723 0.49122
vt 0.89795 0.46143
vt 0.89062 0.48585
vt 0.87402 0.47901
vt 0.88672 0.51954
vt 0.86621 0.51417
vt 0.88379 0.54737
vt 0.9082 0.55006
vt 0.89062 0.58179
vt 0.9082 0.5835
vt 0.90723 0.52344
vt 0.93164 0.61231
vt 0.93164 0.58106
vt 0.92725 0.54932
vt 0.92285 0.52271
vt 0.9165 0.49268
vt 0.93555 0.67896
vt 0.91846 0.70045
vt 0.9419 0.69459
vt 0.92725 0.71973
vt 0.95068 0.71339
vt 0.95557 0.7378
vt 0.93262 0.74073
vt 0.9082 0.72632
vt 0.91797 0.74537
vt 0.90772 0.75367
vt 0.90674 0.61304
vt 0.90674 0.63282
vt 0.93066 0.63209
vt 0.9082 0.64332
vt 0.93115 0.64161
vt 0.92871 0.65235
vt 0.90869 0.65235
vt 0.93164 0.66358
vt 0.90869 0.66798
vt 0.91162 0.68531
vt 0.88623 0.61207
vt 0.87109 0.57886
vt 0.8584 0.54273
vt 0.8252 0.60132
vt 0.83252 0.63062
vt 0.84277 0.6067
vt 0.84131 0.57203
vt 0.85352 0.57545
vt 0.8667 0.61256
vt 0.87842 0.63111
vt 0.88818 0.64551
vt 0.88623 0.65919
vt 0.8584 0.63184
vt 0.86865 0.64478
vt 0.87207 0.42969
vt 0.86719 0.4126
vt 0.85938 0.42481
vt 0.86572 0.44239
vt 0.85498 0.43751
vt 0.85498 0.45948
vt 0.86572 0.46485
vt 0.84961 0.48243
vt 0.85889 0.48585
vt 0.84815 0.51124
vt 0.87402 0.44434
vt 0.82422 0.64454
vt 0.81543 0.6233
vt 0.80664 0.58985
vt 0.82422 0.56592
vt 0.8374 0.53809
vt 0.88379 0.44776
vt 0.88721 0.43116
vt 0.80469 0.64039
vt 0.78955 0.60621
vt 0.8374 0.47706
vt 0.83447 0.50147
vt 0.82959 0.5315
vt 0.81006 0.55347
vt 0.81494 0.52198
vt 0.83154 0.4712
vt 0.84668 0.45264
vt 0.81836 0.48487
vt 0.82275 0.49317
vt 0.81006 0.5022
vt 0.80029 0.50196
vt 0.83935 0.44727
vt 0.84863 0.43506
vt 0.82861 0.46534
vt 0.8125 0.47901
vt 0.8125 0.49024
vt 0.81201 0.49464
vt 0.80176 0.49268
vt 0.80664 0.48682
vt 0.80078 0.48145
vt 0.7959 0.48389
vt 0.8042 0.47462
vt 0.81982 0.46241
vt 0.82666 0.44581
vt 0.83984 0.43458
vt 0.82715 0.43311
vt 0.83008 0.42188
vt 0.82275 0.42188
vt 0.81055 0.41993
vt 0.81397 0.40919
vt 0.81299 0.43165
vt 0.81543 0.44239
vt 0.81103 0.45997
vt 0.82568 0.41163
vt 0.82715 0.40235
vt 0.81885 0.39698
vt 0.83301 0.39063
vt 0.83887 0.39161
vt 0.84326 0.38477
vt 0.84424 0.38868
vt 0.854 0.38233
vt 0.8374 0.39893
vt 0.85107 0.40577
vt 0.84228 0.41895
vt 0.85205 0.42286
vt 0.83252 0.4126
vt 0.85693 0.27344
vt 0.85596 0.27296
vt 0.85693 0.27491
vt 0.85352 0.27393
vt 0.85352 0.27686
vt 0.85645 0.27784
vt 0.86035 0.27637
vt 0.8623 0.2837
vt 0.85596 0.28516
vt 0.8501 0.28223
vt 0.84668 0.27784
vt 0.84961 0.27051
vt 0.85645 0.27149
vt 0.85693 0.27247
vt 0.85791 0.27296
vt 0.85889 0.27344
vt 0.8623 0.27296
vt 0.85986 0.27149
vt 0.85693 0.26612
vt 0.8623 0.26807
vt 0.8584 0.27149
vt 0.87451 0.27979
vt 0.87207 0.27051
vt 0.87451 0.28467
vt 0.87598 0.28956
vt 0.87256 0.28956
vt 0.86768 0.28126
vt 0.87158 0.27442
vt 0.86914 0.29151
vt 0.87109 0.29883
vt 0.87549 0.30128
vt 0.87158 0.25928
vt 0.84082 0.28809
vt 0.87402 0.30762
vt 0.87012 0.30225
vt 0.86816 0.29786
vt 0.86475 0.29151
vt 0.85938 0.29346
vt 0.85107 0.28907
vt 0.84717 0.28956
vt 0.84668 0.29932
vt 0.84033 0.3003
vt 0.83984 0.30958
vt 0.83643 0.31788
vt 0.85693 0.31934
vt 0.86816 0.32911
vt 0.87353 0.34717
vt 0.8623 0.36475
vt 0.85156 0.37549
vt 0.8667 0.36915
vt 0.87695 0.35645
vt 0.88184 0.34131
vt 0.88184 0.32715
vt 0.86865 0.31885
vt 0.86816 0.31104
vt 0.86035 0.30616
vt 0.85254 0.29932
vt 0.86719 0.30372
vt 0.86426 0.3003
vt 0.86035 0.40967
vt 0.86523 0.39063
vt 0.87793 0.37647
vt 0.88818 0.3628
vt 0.89697 0.34522
vt 0.90283 0.32618
vt 0.87305 0.39698
vt 0.90918 0.35255
vt 0.90185 0.37061
vt 0.88867 0.38428
vt 0.87793 0.39893
vt 0.93701 0.37842
vt 0.92773 0.37549
vt 0.92236 0.36671
vt 0.91699 0.37989
vt 0.87891 0.41749
vt 0.89062 0.40479
vt 0.8999 0.38965
vt 0.91113 0.39551
vt 0.92236 0.38477
vt 0.93359 0.38282
vt 0.94092 0.38965
vt 0.90869 0.44044
vt 0.89551 0.42286
vt 0.9043 0.44923
vt 0.92627 0.39063
vt 0.92285 0.39063
vt 0.91992 0.39454
vt 0.92236 0.40674
vt 0.90332 0.41065
vt 0.91553 0.42481
vt 0.9248 0.39112
vt 0.92529 0.39405
vt 0.92578 0.39161
vt 0.92334 0.39258
vt 0.92188 0.39698
vt 0.92627 0.4004
vt 0.92725 0.39307
vt 0.92773 0.396
vt 0.93359 0.40186
vt 0.93603 0.42139
vt 0.9292 0.3921
vt 0.94727 0.40235
vt 0.93018 0.39698
vt 0.94482 0.40674
vt 0.02649 0.42188
vt 0.05954 0.41456
vt 0.58643 0.03565
vt 0.59912 0.03858
vt 0.59228 0.04981
vt 0.97412 0.31544
vt 0.9751 0.31885
vt 0.82568 0.21143
vt 0.82715 0.20704
vt 0.83252 0.2085
vt 0.95703 0.25294
vt 0.95654 0.24952
vt 0.95605 0.25294
vt 0.95557 0.25147
vt 0.95508 0.24854
vt 0.97607 0.31251
vt 0.98828 0.32618
vt 0.98389 0.32667
vt 0.98242 0.32276
vt 0.98486 0.31934
vt 0.98096 0.31788
vt 0.98145 0.31055
vt 0.98096 0.3252
vt 0.979 0.32276
vt 0.97852 0.31788
vt 0.97559 0.32178
vt 0.97705 0.32471
vt 0.979 0.32618
vt 0.89111 0.27198
vt 0.90527 0.27442
vt 0.91065 0.26661
vt 0.88428 0.26563
vt 0.87305 0.292
vt 0.87207 0.28712
vt 0.85693 0.271
vt 0.85596 0.27198
vt 0.85742 0.27344
vt 0.64209 0.06885
vt 0.64209 0.07764
vt 0.63525 0.06006
vt 0.875 0.16749
vt 0.91113 0.16505
vt 0.89014 0.15333
vt 0.87451 0.14503
vt 0.84375 0.14747
vt 0.8501 0.13868
vt 0.87549 0.13526
vt 0.88867 0.14014
vt 0.90381 0.13526
vt 0.91065 0.14405
vt 0.91797 0.14893
vt 0.9292 0.16212
vt 0.92969 0.14796
vt 0.94141 0.1587
vt 0.84228 0.12891
vt 0.82812 0.13233
vt 0.85742 0.11817
vt 0.875 0.12501
vt 0.88574 0.12989
vt 0.89844 0.12794
vt 0.91455 0.11671
vt 0.92529 0.11915
vt 0.92773 0.13087
vt 0.94092 0.14942
vt 0.94482 0.15723
vt 0.89453 0.12403
vt 0.83643 0.12354
vt 0.83203 0.09717
vt 0.84082 0.10987
vt 0.84766 0.11085
vt 0.86182 0.10059
vt 0.87549 0.09962
vt 0.88721 0.09522
vt 0.90723 0.09278
vt 0.91309 0.09571
vt 0.91943 0.10743
vt 0.92822 0.11231
vt 0.83691 0.07667
vt 0.84815 0.08838
vt 0.85156 0.07178
vt 0.85254 0.09327
vt 0.8584 0.07178
vt 0.86621 0.08594
vt 0.77734 0.11329
vt 0.80078 0.10401
vt 0.79492 0.09376
vt 0.80762 0.0962
vt 0.80469 0.0835
vt 0.81934 0.09864
vt 0.82178 0.08204
vt 0.87695 0.08594
vt 0.8335 0.17774
vt 0.80322 0.16065
vt 0.80127 0.19092
vt 0.78125 0.15919
vt 0.771 0.16553
vt 0.78809 0.12647
vt 0.80469 0.1211
vt 0.81152 0.12305
vt 0.80859 0.14161
vt 0.80371 0.15089
vt 0.80029 0.13624
vt 0.93994 0.11524
vt 0.94922 0.12989
vt 0.94678 0.15089
vt 0.94922 0.16358
vt 0.93897 0.16798
vt 0.91895 0.17237
vt 0.87402 0.18555
vt 0.97803 0.14405
vt 0.97949 0.16602
vt 0.99268 0.1543
vt 0.96973 0.15674
vt 0.96973 0.13965
vt 0.9585 0.15186
vt 0.95654 0.13819
vt 0.97022 0.12305
vt 0.96289 0.11671
vt 0.99658 0.15967
vt 0.98193 0.17188
vt 0.97461 0.17823
vt 0.97119 0.17286
vt 0.9624 0.167
vt 0.97754 0.19288
vt 0.96826 0.18604
vt 0.96826 0.19239
vt 0.95654 0.18506
vt 0.96484 0.17823
vt 0.95557 0.17432
vt 0.9419 0.17481
vt 0.91748 0.18799
vt 0.94629 0.2046
vt 0.94336 0.1709
vt 0.98828 0.18116
vt 0.99756 0.17042
vt 0.80273 0.12891
vt 0.98877 0.18067
vt 0.69287 0.04102
vt 0.68359 0.05958
vt 0.6875 0.03614
vt 0.74951 0.11329
vt 0.74658 0.10645
vt 0.75586 0.09766
vt 0.73389 0.10889
vt 0.74365 0.10059
vt 0.73584 0.0962
vt 0.74512 0.08399
vt 0.73535 0.08008
vt 0.72949 0.08838
vt 0.7251 0.0796
vt 0.72363 0.08448
vt 0.7207 0.07764
vt 0.7207 0.08594
vt 0.71094 0.07667
vt 0.70996 0.08887
vt 0.69629 0.07862
vt 0.69482 0.09131
vt 0.67578 0.08741
vt 0.67334 0.10938
vt 0.64014 0.09327
vt 0.72949 0.1294
vt 0.72022 0.12159
vt 0.69775 0.10548
vt 0.70801 0.0962
vt 0.72119 0.1001
vt 0.72217 0.09669
vt 0.7251 0.0918
vt 0.71826 0.09376
vt 0.59424 0.02979
vt 0.60547 0.03223
vt 0.60254 0.05372
vt 0.59912 0.06641
vt 0.60645 0.06299
vt 0.61523 0.03419
vt 0.60303 0.021
vt 0.61719 0.02003
vt 0.59766 0.07862
vt 0.60596 0.08008
vt 0.5918 0.07227
vt 0.57568 0.09717
vt 0.5835 0.08936
vt 0.59961 0.11378
vt 0.60107 0.0879
vt 0.58643 0.0835
vt 0.65576 0.02344
vt 0.64209 0.03712
vt 0.64941 0.01075
vt 0.64307 0.01075
vt 0.63721 0.03467
vt 0.63037 0.01514
vt 0.62598 0.03272
vt 0.63037 0.05567
vt 0.62891 0.07422
vt 0.62305 0.06348
vt 0.6084 0.07227
vt 0.63965 0.11036
vt 0.65039 0.04346
vt 0.66504 0.02979
vt 0.66357 0.06104
vt 0.66309 0.07422
vt 0.67383 0.03126
vt 0.67236 0.06104
vt 0.67529 0.06983
vt 0.68848 0.06592
vt 0.68018 0.05616
vt 0.69531 0.02198
vt 0.69971 0.02198
vt 0.70166 0.042
vt 0.69727 0.04981
vt 0.70654 0.05176
vt 0.70898 0.06202
vt 0.69629 0.06739
vt 0.70898 0.0459
vt 0.71973 0.04883
vt 0.72754 0.06153
vt 0.73926 0.04981
vt 0.73389 0.06837
vt 0.7456 0.05518
vt 0.74512 0.06934
vt 0.75244 0.07325
vt 0.75342 0.09229
vt 0.76514 0.08204
vt 0.76855 0.0918
vt 0.59228 0.04932
vt 0.59228 0.07276
vt 0.60889 0.05518
vt 0.60596 0.0713
vt 0.60156 0.0796
vt 0.58838 0.08204
vt 0.5835 0.08741
vt 0.11255 0.98295
vt 0.05914 0.94257
vt 0.05594 0.95331
vt 0.0575 0.92896
vt 0.09601 0.95283
vt 0.41162 0.03565
vt 0.40747 0.04444
vt 0.40649 0.03419
vt 0.40845 0.03077
vt 0.41186 0.03272
vt 0.41577 0.03614
vt 0.41724 0.04835
vt 0.42017 0.04737
vt 0.42212 0.06397
vt 0.4248 0.05079
vt 0.42725 0.06153
vt 0.42847 0.06934
vt 0.4314 0.05469
vt 0.43189 0.06788
vt 0.43384 0.05518
vt 0.43774 0.05811
vt 0.43896 0.06739
vt 0.43994 0.08253
vt 0.42822 0.08301
vt 0.44019 0.10108
vt 0.42554 0.09913
vt 0.41895 0.08643
vt 0.42188 0.07471
vt 0.4187 0.06446
vt 0.41797 0.07471
vt 0.41528 0.08546
vt 0.42285 0.14796
vt 0.42798 0.14649
vt 0.42603 0.12549
vt 0.4187 0.10352
vt 0.41504 0.09229
vt 0.41333 0.0835
vt 0.41211 0.07325
vt 0.41284 0.06202
vt 0.41553 0.10596
vt 0.41577 0.12403
vt 0.42017 0.12745
vt 0.41895 0.13184
vt 0.41846 0.13282
vt 0.41553 0.13428
vt 0.41382 0.13233
vt 0.41235 0.12403
vt 0.41284 0.10645
vt 0.4126 0.09327
vt 0.41186 0.0879
vt 0.40723 0.07569
vt 0.40698 0.06348
vt 0.40405 0.07813
vt 0.40405 0.0835
vt 0.40503 0.09766
vt 0.40503 0.11085
vt 0.40576 0.12891
vt 0.40894 0.14356
vt 0.39404 0.07422
vt 0.39453 0.09278
vt 0.39478 0.10938
vt 0.39526 0.13184
vt 0.38403 0.09815
vt 0.38452 0.11133
vt 0.37646 0.10694
vt 0.37793 0.12452
vt 0.38452 0.12891
vt 0.38452 0.08399
vt 0.38428 0.07862
vt 0.38965 0.07032
vt 0.3855 0.07276
vt 0.38843 0.06934
vt 0.38403 0.06837
vt 0.38086 0.07618
vt 0.37695 0.08838
vt 0.37646 0.09376
vt 0.40185 0.06251
vt 0.40381 0.06788
vt 0.39966 0.06641
vt 0.39941 0.06934
vt 0.40259 0.07276
vt 0.39844 0.07032
vt 0.39746 0.0669
vt 0.39941 0.06348
vt 0.39868 0.06104
vt 0.39966 0.05713
vt 0.38086 0.06348
vt 0.38574 0.06299
vt 0.38818 0.0669
vt 0.39062 0.06739
vt 0.39404 0.06739
vt 0.40356 0.05909
vt 0.40064 0.05518
vt 0.39722 0.05713
vt 0.39722 0.06397
vt 0.39038 0.05713
vt 0.39062 0.06104
vt 0.38916 0.06104
vt 0.39062 0.06397
vt 0.38843 0.06397
vt 0.3938 0.06202
vt 0.3916 0.05713
vt 0.39136 0.05372
vt 0.38696 0.05518
vt 0.38794 0.05762
vt 0.39697 0.06104
vt 0.38403 0.05909
vt 0.38281 0.05567
vt 0.39624 0.05713
vt 0.3938 0.05665
vt 0.39258 0.05323
vt 0.39136 0.05225
vt 0.38721 0.05323
vt 0.38281 0.05372
vt 0.3811 0.05176
vt 0.38037 0.05567
vt 0.39624 0.05372
vt 0.39502 0.05323
vt 0.3938 0.05274
vt 0.39282 0.05176
vt 0.39185 0.0503
vt 0.38696 0.05274
vt 0.375 0.06251
vt 0.40479 0.05518
vt 0.40625 0.05176
vt 0.40698 0.05567
vt 0.40454 0.05323
vt 0.40552 0.04981
vt 0.39575 0.0503
vt 0.39453 0.05176
vt 0.3938 0.05079
vt 0.396 0.05225
vt 0.40039 0.05323
vt 0.40064 0.05274
vt 0.40454 0.05274
vt 0.40527 0.04981
vt 0.40356 0.04346
vt 0.4043 0.03516
vt 0.40527 0.03126
vt 0.40918 0.02735
vt 0.41333 0.03028
vt 0.41943 0.03419
vt 0.42432 0.04102
vt 0.40161 0.03516
vt 0.40112 0.02979
vt 0.40283 0.03028
vt 0.39966 0.02442
vt 0.40552 0.02491
vt 0.40747 0.01954
vt 0.40479 0.0171
vt 0.41577 0.02491
vt 0.41089 0.01856
vt 0.40991 0.01417
vt 0.40894 0.01075
vt 0.40259 0.01514
vt 0.39526 0.02344
vt 0.4126 0.01124
vt 0.4104 0.00977
vt 0.41382 0.01026
vt 0.41821 0.0171
vt 0.41895 0.01563
vt 0.42554 0.02247
vt 0.42358 0.02491
vt 0.42969 0.02979
vt 0.43189 0.04005
vt 0.42651 0.03223
vt 0.42358 0.03272
vt 0.42114 0.02588
vt 0.4165 0.01856
vt 0.41211 0.01319
vt 0.41138 0.01172
vt 0.41138 0.01124
vt 0.4292 0.042
vt 0.43359 0.04737
vt 0.4375 0.04639
vt 0.43677 0.0503
vt 0.43652 0.05274
vt 0.44263 0.05616
vt 0.42993 0.04981
vt 0.44629 0.06739
vt 0.44873 0.08008
vt 0.45068 0.09571
vt 0.45044 0.10938
vt 0.44092 0.12452
vt 0.45312 0.15137
vt 0.44995 0.15235
vt 0.448 0.12403
vt 0.45166 0.12549
vt 0.45679 0.14991
vt 0.46484 0.17139
vt 0.45874 0.17286
vt 0.4519 0.11182
vt 0.45239 0.12549
vt 0.45776 0.15089
vt 0.46777 0.17335
vt 0.47168 0.18165
vt 0.46875 0.18458
vt 0.46289 0.18653
vt 0.4602 0.18799
vt 0.49292 0.20313
vt 0.48169 0.19678
vt 0.48364 0.19483
vt 0.47412 0.19239
vt 0.47876 0.19776
vt 0.48315 0.2046
vt 0.48901 0.20411
vt 0.4978 0.21339
vt 0.49829 0.20704
vt 0.50293 0.21485
vt 0.50488 0.22803
vt 0.5083 0.2295
vt 0.51025 0.25001
vt 0.51562 0.24512
vt 0.4751 0.18848
vt 0.47046 0.19337
vt 0.45996 0.19337
vt 0.46216 0.19434
vt 0.46973 0.20313
vt 0.4751 0.20362
vt 0.4729 0.19337
vt 0.47827 0.20411
vt 0.46558 0.20411
vt 0.47534 0.21192
vt 0.47925 0.2129
vt 0.48315 0.21192
vt 0.48755 0.21534
vt 0.49316 0.21387
vt 0.49805 0.22413
vt 0.50195 0.23487
vt 0.48535 0.22169
vt 0.47534 0.21583
vt 0.47144 0.21876
vt 0.48389 0.22901
vt 0.49023 0.25342
vt 0.49805 0.24415
vt 0.48193 0.33155
vt 0.48755 0.31251
vt 0.50586 0.26124
vt 0.50244 0.27296
vt 0.49219 0.29102
vt 0.51025 0.1504
vt 0.51465 0.16993
vt 0.51123 0.17042
vt 0.52002 0.18799
vt 0.5166 0.18848
vt 0.52783 0.20899
vt 0.52393 0.20655
vt 0.52588 0.22657
vt 0.53125 0.23878
vt 0.53662 0.23633
vt 0.53516 0.26319
vt 0.53027 0.26514
vt 0.5083 0.27442
vt 0.5127 0.26612
vt 0.51709 0.26661
vt 0.52002 0.26368
vt 0.52051 0.24512
vt 0.52539 0.24464
vt 0.52637 0.26514
vt 0.52246 0.26173
vt 0.5249 0.28223
vt 0.52002 0.28419
vt 0.51514 0.28858
vt 0.50732 0.28809
vt 0.5 0.29005
vt 0.49927 0.31006
vt 0.52881 0.28809
vt 0.53369 0.28663
vt 0.53223 0.31299
vt 0.52539 0.30323
vt 0.51953 0.29981
vt 0.51221 0.30616
vt 0.50586 0.30518
vt 0.50732 0.31837
vt 0.50342 0.33008
vt 0.51318 0.32862
vt 0.52344 0.32374
vt 0.52734 0.33057
vt 0.51709 0.31397
vt 0.521 0.34864
vt 0.51807 0.34083
vt 0.50586 0.35303
vt 0.50879 0.33692
vt 0.51172 0.35157
vt 0.49756 0.3462
vt 0.49316 0.3711
vt 0.49829 0.37159
vt 0.50537 0.36671
vt 0.5127 0.36475
vt 0.51807 0.36719
vt 0.5127 0.37598
vt 0.50781 0.37745
vt 0.53223 0.38477
vt 0.51318 0.396
vt 0.52246 0.37452
vt 0.51318 0.38233
vt 0.5415 0.31006
vt 0.54346 0.28858
vt 0.53369 0.32618
vt 0.53027 0.33839
vt 0.52441 0.35499
vt 0.57861 0.34083
vt 0.55225 0.34913
vt 0.54199 0.37305
vt 0.54053 0.35938
vt 0.5791 0.31055
vt 0.55566 0.2876
vt 0.57764 0.28321
vt 0.55518 0.3169
vt 0.54346 0.3379
vt 0.53369 0.34571
vt 0.52832 0.36231
vt 0.53369 0.3711
vt 0.57178 0.24219
vt 0.5498 0.24854
vt 0.53027 0.09522
vt 0.53223 0.12256
vt 0.521 0.09815
vt 0.51953 0.12403
vt 0.51758 0.1504
vt 0.521 0.08155
vt 0.51611 0.09913
vt 0.51807 0.0796
vt 0.52588 0.07667
vt 0.51416 0.12549
vt 0.51318 0.14991
vt 0.51953 0.17042
vt 0.53272 0.16505
vt 0.5459 0.12061
vt 0.54102 0.0918
vt 0.53418 0.0713
vt 0.52344 0.07081
vt 0.55078 0.167
vt 0.54346 0.20264
vt 0.56103 0.20167
vt 0.52588 0.18946
vt 0.53272 0.20997
vt 0.51611 0.07862
vt 0.51367 0.10108
vt 0.51123 0.12696
vt 0.53076 0.06446
vt 0.53076 0.06544
vt 0.52344 0.06983
vt 0.39062 0.02296
vt 0.38623 0.02393
vt 0.38281 0.01465
vt 0.38086 0.0171
vt 0.37646 0.01124
vt 0.38477 0.03516
vt 0.38355 0.03028
vt 0.38501 0.02979
vt 0.38061 0.02491
vt 0.37817 0.01954
vt 0.37573 0.01465
vt 0.37402 0.01221
vt 0.37476 0.00977
vt 0.37378 0.01124
vt 0.3728 0.01172
vt 0.37329 0.01368
vt 0.37476 0.01905
vt 0.37695 0.02735
vt 0.3811 0.03126
vt 0.37134 0.01075
vt 0.36743 0.01807
vt 0.3667 0.01612
vt 0.36035 0.02344
vt 0.3623 0.02588
vt 0.35669 0.03126
vt 0.36499 0.02686
vt 0.36939 0.01905
vt 0.37012 0.0254
vt 0.35718 0.05079
vt 0.35352 0.04883
vt 0.35767 0.04297
vt 0.35474 0.04151
vt 0.35986 0.03321
vt 0.36279 0.0337
vt 0.36694 0.03467
vt 0.37305 0.03028
vt 0.35083 0.05421
vt 0.35034 0.05176
vt 0.34961 0.04835
vt 0.3623 0.042
vt 0.37988 0.03419
vt 0.37793 0.03126
vt 0.37451 0.03272
vt 0.37085 0.03663
vt 0.36694 0.04835
vt 0.3623 0.05176
vt 0.35596 0.05616
vt 0.35352 0.05665
vt 0.35596 0.06934
vt 0.36035 0.08448
vt 0.36353 0.10059
vt 0.35962 0.07081
vt 0.36035 0.06251
vt 0.36572 0.06495
vt 0.36987 0.04883
vt 0.37476 0.03614
vt 0.3706 0.1045
vt 0.36426 0.12647
vt 0.36963 0.08741
vt 0.36621 0.07569
vt 0.37036 0.07569
vt 0.36914 0.06495
vt 0.37598 0.07422
vt 0.37524 0.08399
vt 0.37354 0.08643
vt 0.37378 0.09278
vt 0.37402 0.10694
vt 0.37427 0.12452
vt 0.37012 0.12842
vt 0.37695 0.13282
vt 0.38257 0.14307
vt 0.39087 0.15186
vt 0.396 0.15137
vt 0.39233 0.16114
vt 0.38061 0.19239
vt 0.39404 0.16993
vt 0.39136 0.17286
vt 0.39087 0.18506
vt 0.38696 0.18067
vt 0.38379 0.17774
vt 0.37646 0.18751
vt 0.37085 0.18506
vt 0.37207 0.17286
vt 0.36939 0.16993
vt 0.37402 0.15772
vt 0.37524 0.13477
vt 0.3811 0.14747
vt 0.38818 0.15577
vt 0.38843 0.16456
vt 0.37134 0.15479
vt 0.3689 0.14893
vt 0.37231 0.1338
vt 0.37183 0.13282
vt 0.35986 0.16553
vt 0.34961 0.1836
vt 0.35962 0.18458
vt 0.36499 0.16993
vt 0.35815 0.19532
vt 0.36304 0.20215
vt 0.36401 0.21436
vt 0.36572 0.23389
vt 0.37646 0.24561
vt 0.3811 0.24805
vt 0.35303 0.18458
vt 0.35156 0.19727
vt 0.35522 0.20508
vt 0.35962 0.21436
vt 0.36011 0.23243
vt 0.36353 0.24805
vt 0.35767 0.2461
vt 0.354 0.24171
vt 0.35596 0.22901
vt 0.35107 0.24708
vt 0.35132 0.23975
vt 0.35156 0.22999
vt 0.35181 0.22413
vt 0.35327 0.21631
vt 0.34521 0.2085
vt 0.34204 0.21973
vt 0.32764 0.22071
vt 0.32837 0.23536
vt 0.34351 0.22462
vt 0.34546 0.22999
vt 0.34644 0.23878
vt 0.33594 0.24122
vt 0.30957 0.3335
vt 0.30444 0.31544
vt 0.30298 0.29493
vt 0.29712 0.31104
vt 0.29565 0.32423
vt 0.30127 0.33546
vt 0.30859 0.35059
vt 0.31274 0.37549
vt 0.29077 0.40235
vt 0.29077 0.38868
vt 0.29126 0.38282
vt 0.28369 0.32081
vt 0.29053 0.33448
vt 0.27588 0.33155
vt 0.2832 0.34864
vt 0.29541 0.34327
vt 0.2998 0.3584
vt 0.30786 0.37598
vt 0.30078 0.37159
vt 0.29199 0.35792
vt 0.27368 0.26661
vt 0.26807 0.27051
vt 0.27783 0.26856
vt 0.27588 0.24952
vt 0.28418 0.37501
vt 0.27905 0.35743
vt 0.2915 0.3711
vt 0.29736 0.38282
vt 0.27051 0.33887
vt 0.26123 0.32178
vt 0.26538 0.29493
vt 0.25928 0.29346
vt 0.25488 0.26856
vt 0.25391 0.24073
vt 0.25928 0.21583
vt 0.26392 0.19483
vt 0.26758 0.17579
vt 0.23596 0.17628
vt 0.23791 0.12989
vt 0.25342 0.17188
vt 0.24609 0.20948
vt 0.22644 0.21094
vt 0.21655 0.25147
vt 0.26562 0.10596
vt 0.25928 0.08887
vt 0.26172 0.08643
vt 0.25391 0.08448
vt 0.25098 0.10352
vt 0.26074 0.10548
vt 0.2644 0.13087
vt 0.26953 0.13233
vt 0.26782 0.15626
vt 0.27246 0.15577
vt 0.25146 0.13038
vt 0.27246 0.13282
vt 0.26807 0.10743
vt 0.26367 0.08546
vt 0.25586 0.07813
vt 0.24524 0.0796
vt 0.23999 0.10108
vt 0.24792 0.07276
vt 0.25537 0.07764
vt 0.24768 0.07374
vt 0.69287 0.40821
vt 0.6919 0.43067
vt 0.6792 0.41309
vt 0.69824 0.3838
vt 0.68652 0.3711
vt 0.70557 0.36573
vt 0.70996 0.3462
vt 0.69629 0.33399
vt 0.66455 0.36817
vt 0.66309 0.33887
vt 0.6294 0.33692
vt 0.66162 0.31641
vt 0.62891 0.30714
vt 0.66113 0.30469
vt 0.62793 0.29542
vt 0.66113 0.28565
vt 0.62402 0.27881
vt 0.65967 0.26173
vt 0.6294 0.25342
vt 0.6582 0.23829
vt 0.69385 0.30421
vt 0.69385 0.29249
vt 0.71533 0.31739
vt 0.71289 0.3003
vt 0.71533 0.29395
vt 0.71924 0.28516
vt 0.71387 0.36817
vt 0.70557 0.38868
vt 0.71875 0.34669
vt 0.72705 0.32471
vt 0.72754 0.30518
vt 0.72412 0.29883
vt 0.72656 0.29249
vt 0.72705 0.27686
vt 0.71875 0.27247
vt 0.72412 0.26221
vt 0.71045 0.26173
vt 0.72022 0.25489
vt 0.71728 0.24805
vt 0.69775 0.27589
vt 0.70312 0.24122
vt 0.68945 0.25098
vt 0.67627 0.22413
vt 0.69775 0.21339
vt 0.69824 0.22803
vt 0.68506 0.23048
vt 0.69775 0.22315
vt 0.70703 0.22999
vt 0.71435 0.24024
vt 0.71924 0.24854
vt 0.71533 0.23878
vt 0.70898 0.23048
vt 0.70264 0.2251
vt 0.69678 0.22071
vt 0.6792 0.23292
vt 0.70117 0.23096
vt 0.7041 0.21876
vt 0.70312 0.21631
vt 0.70459 0.20606
vt 0.69092 0.20215
vt 0.69775 0.19532
vt 0.69482 0.18653
vt 0.69873 0.18409
vt 0.69141 0.17676
vt 0.68701 0.18018
vt 0.6831 0.17237
vt 0.67822 0.17383
vt 0.67578 0.167
vt 0.66846 0.167
vt 0.66846 0.16016
vt 0.65723 0.16065
vt 0.66113 0.15626
vt 0.65234 0.15381
vt 0.65039 0.15772
vt 0.64648 0.15284
vt 0.64502 0.15577
vt 0.64893 0.16163
vt 0.6582 0.16895
vt 0.6831 0.18848
vt 0.67041 0.17921
vt 0.6582 0.21876
vt 0.65674 0.2085
vt 0.65527 0.19044
vt 0.65332 0.17481
vt 0.64697 0.16407
vt 0.64404 0.15723
vt 0.64014 0.22608
vt 0.61719 0.21973
vt 0.62207 0.20704
vt 0.62695 0.19239
vt 0.6377 0.18165
vt 0.64795 0.16944
vt 0.6582 0.16309
vt 0.65576 0.16114
vt 0.66016 0.15626
vt 0.65869 0.15479
vt 0.65381 0.15723
vt 0.65723 0.15235
vt 0.65137 0.15381
vt 0.64746 0.16114
vt 0.61523 0.19239
vt 0.62158 0.18458
vt 0.6294 0.17725
vt 0.6377 0.16895
vt 0.64258 0.15723
vt 0.63623 0.1626
vt 0.63037 0.17042
vt 0.62402 0.17676
vt 0.6167 0.18214
vt 0.61084 0.19092
vt 0.61377 0.20167
vt 0.60938 0.21387
vt 0.6123 0.22364
vt 0.6123 0.22657
vt 0.61963 0.23438
vt 0.61768 0.2378
vt 0.63232 0.23292
vt 0.63818 0.23389
vt 0.61914 0.22413
vt 0.61865 0.22657
vt 0.61426 0.2295
vt 0.61084 0.23487
vt 0.6084 0.23536
vt 0.60352 0.24561
vt 0.60254 0.24415
vt 0.60107 0.25342
vt 0.59912 0.2544
vt 0.59912 0.26075
vt 0.60938 0.26661
vt 0.5957 0.26905
vt 0.60254 0.27784
vt 0.59473 0.28321
vt 0.60254 0.29102
vt 0.5957 0.29883
vt 0.61572 0.24659
vt 0.60693 0.29981
vt 0.60986 0.30567
vt 0.60889 0.32227
vt 0.6167 0.3501
vt 0.59863 0.30469
vt 0.5957 0.31153
vt 0.59815 0.33057
vt 0.60791 0.35157
vt 0.62256 0.36915
vt 0.61475 0.37208
vt 0.63184 0.38575
vt 0.62549 0.39161
vt 0.6377 0.40967
vt 0.6294 0.41358
vt 0.63965 0.43214
vt 0.63281 0.43799
vt 0.6416 0.4585
vt 0.6377 0.46387
vt 0.64746 0.4795
vt 0.64551 0.48438
vt 0.65527 0.4834
vt 0.65576 0.49122
vt 0.6665 0.48487
vt 0.6665 0.49268
vt 0.67676 0.49073
vt 0.67725 0.48292
vt 0.68701 0.48389
vt 0.68506 0.47901
vt 0.69482 0.4629
vt 0.69043 0.45753
vt 0.69873 0.43653
vt 0.70117 0.41163
vt 0.64258 0.37256
vt 0.65185 0.41358
vt 0.65185 0.45508
vt 0.66602 0.45411
vt 0.68018 0.45411
vt 0.66553 0.40821
vt 0.06592 0.9018
vt 0.02507 0.94617
vt 0.09576 0.95209
vt 0.0611 0.94947
vt 0.03836 0.94688
vt 0.08008 0.90467
vt 0.02219 0.94758
vt 0.09332 0.96345
vt 0.04364 0.93366
vt 0.03342 0.9452
vt 0.02248 0.917
vt 0.01534 0.89027
vt 0.04117 0.91273
vt 0.02849 0.88087
vt 0.056 0.87476
vt 0.0647 0.89429
vt 0.04163 0.88105
vt 0.08026 0.89374
vt 0.06891 0.86671
vt 0.03336 0.94636
vt 0.06689 0.93226
vt 0.08887 0.95273
vt 0.10138 0.93708
vt 0.0672 0.90198
vt 0.06696 0.88166
vt 0.05533 0.86878
vt 0.05942 0.88538
vt 0.04962 0.8722
vt 0.09235 0.96082
vt 0.05566 0.97231
vt 0.10028 0.95856
vt 0.10358 0.99167
usemtl mat0
f 1/1/1 2/2/1 3/3/1
f 4/4/2 5/5/3 6/6/4
f 7/7/5 8/8/6 9/9/7
f 9/9/7 8/8/6 10/10/8
f 11/11/7 9/9/7 12/12/9
f 12/12/9 9/9/7 10/10/8
f 12/12/9 10/10/8 5/5/3
f 5/5/3 10/10/8 13/13/10
f 6/6/4 5/5/3 13/13/10
f 14/14/11 6/6/4 13/13/10
f 15/15/12 6/6/4 14/14/11
f 15/15/12 14/14/11 16/16/13
f 16/16/13 14/14/11 8/8/6
f 14/14/11 13/13/10 8/8/6
f 8/8/6 13/13/10 10/10/8
f 17/17/14 18/18/15 19/19/16
f 19/19/16 18/18/15 20/20/17
f 21/21/18 22/22/19 23/23/19
f 23/23/19 22/22/19 24/24/20
f 25/25/21 26/26/22 27/27/23
f 27/27/23 26/26/22 28/28/24
f 29/29/25 27/27/23 28/28/24
f 28/28/24 30/30/26 29/29/25
f 30/30/26 31/31/27 29/29/25
f 30/30/26 32/32/28 31/31/27
f 32/32/28 33/33/29 31/31/27
f 34/34/30 33/33/29 32/32/28
f 35/35/31 33/33/29 34/34/30
f 34/34/30 36/36/32 35/35/31
f 35/35/31 36/36/32 37/37/33
f 37/37/33 36/36/32 38/38/34
f 38/38/34 39/39/35 37/37/33
f 38/38/34 40/40/36 39/39/35
f 39/39/35 40/40/36 41/41/37
f 40/40/36 42/42/38 41/41/37
f 42/42/38 43/43/39 41/41/37
f 44/44/40 43/43/39 42/42/38
f 45/45/41 46/46/42 47/47/43
f 46/46/42 48/48/20 49/49/44
f 48/48/20 46/46/42 45/45/41
f 48/48/20 45/45/41 50/50/45
f 51/51/46 52/52/47 53/53/48
f 53/53/48 52/52/47 54/54/49
f 53/53/48 54/54/49 55/55/50
f 55/55/50 54/54/49 56/56/51
f 56/56/51 57/57/52 55/55/50
f 58/58/53 57/57/52 56/56/51
f 57/57/52 58/58/53 50/50/45
f 58/58/53 59/59/54 50/50/45
f 59/59/54 48/48/20 50/50/45
f 59/59/54 60/60/55 48/48/20
f 48/48/20 60/60/55 49/49/44
f 60/60/55 61/61/56 49/49/44
f 49/49/44 61/61/56 46/46/42
f 46/46/42 61/61/56 62/62/57
f 62/62/57 47/47/43 46/46/42
f 63/63/58 47/47/43 62/62/57
f 56/56/51 59/59/54 58/58/53
f 60/60/55 59/59/54 56/56/51
f 56/56/51 64/64/59 60/60/55
f 64/64/59 61/61/56 60/60/55
f 64/64/59 52/52/47 61/61/56
f 61/61/56 52/52/47 62/62/57
f 54/54/49 64/64/59 56/56/51
f 52/52/47 64/64/59 54/54/49
f 65/65/60 66/66/61 67/67/62
f 67/67/62 68/68/63 65/65/60
f 69/69/64 65/65/60 68/68/63
f 69/69/64 68/68/63 70/70/65
f 71/71/66 69/69/64 70/70/65
f 72/72/67 69/69/64 71/71/66
f 72/72/67 73/73/68 69/69/64
f 73/73/68 65/65/60 69/69/64
f 73/73/68 74/74/69 65/65/60
f 74/74/69 66/66/61 65/65/60
f 74/74/69 75/75/70 66/66/61
f 75/75/70 76/76/71 66/66/61
f 66/66/61 76/76/71 67/67/62
f 67/67/62 76/76/71 77/77/72
f 78/78/73 79/79/73 80/80/73
f 81/81/74 82/82/75 83/83/76
f 83/83/76 82/82/75 84/84/77
f 82/82/75 85/85/78 84/84/77
f 84/84/77 85/85/78 86/86/79
f 87/87/80 86/86/79 85/85/78
f 88/88/81 86/86/79 87/87/80
f 87/87/80 89/89/82 88/88/81
f 88/88/81 89/89/82 90/90/83
f 91/91/84 90/90/83 89/89/82
f 92/92/85 90/90/83 91/91/84
f 91/91/84 93/93/85 92/92/85
f 92/92/85 93/93/85 94/94/86
f 95/95/87 94/94/86 93/93/85
f 96/96/88 94/94/86 95/95/87
f 96/96/88 95/95/87 97/97/89
f 97/97/89 98/98/90 96/96/88
f 99/99/91 98/98/90 97/97/89
f 97/97/89 100/100/92 99/99/91
f 101/101/93 102/102/94 100/100/92
f 99/99/91 100/100/92 102/102/94
f 102/102/94 103/103/79 99/99/91
f 104/104/75 105/105/95 106/106/96
f 107/107/97 105/105/95 104/104/75
f 103/103/79 107/107/97 104/104/75
f 102/102/94 107/107/97 103/103/79
f 102/102/94 108/108/98 107/107/97
f 108/108/98 102/102/94 101/101/93
f 109/109/99 108/108/98 101/101/93
f 101/101/93 100/100/92 109/109/99
f 109/109/99 100/100/92 110/110/100
f 97/97/89 110/110/100 100/100/92
f 97/97/89 111/111/101 110/110/100
f 97/97/89 95/95/87 111/111/101
f 111/111/101 95/95/87 112/112/102
f 112/112/102 113/113/103 111/111/101
f 114/114/104 113/113/103 112/112/102
f 115/115/105 113/113/103 114/114/104
f 116/116/106 115/115/105 114/114/104
f 115/115/105 116/116/106 117/117/107
f 110/110/100 111/111/101 118/118/108
f 113/113/103 118/118/108 111/111/101
f 119/119/109 118/118/108 113/113/103
f 115/115/105 119/119/109 113/113/103
f 117/117/107 119/119/109 115/115/105
f 119/119/109 117/117/107 120/120/110
f 121/121/111 119/119/109 120/120/110
f 118/118/108 119/119/109 121/121/111
f 121/121/111 122/122/112 118/118/108
f 118/118/108 122/122/112 110/110/100
f 122/122/112 123/123/113 110/110/100
f 110/110/100 123/123/113 109/109/99
f 124/124/114 109/109/99 123/123/113
f 124/124/114 108/108/98 109/109/99
f 125/125/115 126/126/115 127/127/115
f 128/4/116 129/128/117 130/129/118
f 131/130/119 132/131/120 133/132/121
f 133/132/121 132/131/120 134/133/122
f 134/133/122 135/134/123 133/132/121
f 133/132/121 135/134/123 136/135/124
f 136/135/124 137/16/125 133/132/121
f 137/16/125 131/130/119 133/132/121
f 137/16/125 138/136/68 131/130/119
f 139/137/126 131/130/119 138/136/68
f 130/129/118 139/137/126 138/136/68
f 130/129/118 129/128/117 139/137/126
f 129/128/117 140/138/127 139/137/126
f 129/128/117 141/139/128 140/138/127
f 141/139/128 129/128/117 142/140/129
f 142/140/129 135/134/123 141/139/128
f 141/139/128 135/134/123 134/133/122
f 141/139/128 134/133/122 140/138/127
f 140/138/127 134/133/122 132/131/120
f 139/137/126 140/138/127 132/131/120
f 132/131/120 131/130/119 139/137/126
f 143/129/130 144/137/131 145/141/132
f 146/4/133 147/142/134 143/129/130
f 143/129/130 147/142/134 144/137/131
f 147/142/134 148/143/135 144/137/131
f 144/137/131 148/143/135 149/131/136
f 148/143/135 150/144/137 149/131/136
f 151/145/138 150/144/137 148/143/135
f 151/145/138 148/143/135 152/146/139
f 152/146/139 153/147/140 151/145/138
f 151/145/138 153/147/140 150/144/137
f 150/144/137 153/147/140 154/148/141
f 154/148/141 149/131/136 150/144/137
f 155/149/142 149/131/136 154/148/141
f 149/131/136 155/149/142 144/137/131
f 144/137/131 155/149/142 156/150/143
f 145/141/132 144/137/131 156/150/143
f 157/14/144 145/141/132 156/150/143
f 158/15/145 145/141/132 157/14/144
f 158/15/145 157/14/144 159/151/146
f 159/151/146 157/14/144 160/8/147
f 161/7/148 159/151/146 160/8/147
f 161/7/148 160/8/147 162/152/149
f 154/148/141 153/147/140 162/152/149
f 162/152/149 160/8/147 154/148/141
f 160/8/147 155/149/142 154/148/141
f 160/8/147 156/150/143 155/149/142
f 157/14/144 156/150/143 160/8/147
f 163/153/150 164/154/151 165/50/152
f 166/155/153 167/156/154 168/157/155
f 166/155/153 168/157/155 169/158/156
f 169/158/156 170/64/157 166/155/153
f 171/54/158 170/64/157 169/158/156
f 172/52/159 170/64/157 171/54/158
f 173/159/160 172/52/159 171/54/158
f 173/159/160 171/54/158 174/160/161
f 174/160/161 171/54/158 169/158/156
f 174/160/161 169/158/156 163/153/150
f 163/153/150 169/158/156 164/154/151
f 169/158/156 168/157/155 164/154/151
f 164/154/151 168/157/155 165/50/152
f 168/157/155 167/156/154 165/50/152
f 167/156/154 175/161/162 165/50/152
f 167/156/154 176/162/163 175/161/162
f 175/161/162 176/162/163 177/163/162
f 178/164/164 177/163/162 176/162/163
f 179/165/165 177/163/162 178/164/164
f 178/164/164 172/52/159 179/165/165
f 170/64/157 172/52/159 178/164/164
f 178/164/164 176/162/163 170/64/157
f 170/64/157 176/162/163 166/155/153
f 176/162/163 167/156/154 166/155/153
f 180/58/166 181/59/167 182/50/167
f 183/48/168 184/166/169 185/167/170
f 184/166/169 186/168/171 185/167/170
f 184/166/169 187/169/172 186/168/171
f 186/168/171 187/169/172 188/170/173
f 189/57/174 180/58/166 182/50/175
f 190/51/176 188/170/173 191/171/177
f 191/171/177 188/170/173 187/169/172
f 187/169/172 189/57/174 191/171/177
f 180/58/166 189/57/174 187/169/172
f 187/169/172 184/166/169 180/58/166
f 180/58/166 184/166/169 181/59/178
f 181/59/178 184/166/169 183/48/168
f 181/59/178 183/48/168 182/50/175
f 183/48/168 192/45/179 182/50/175
f 183/48/168 185/167/170 192/45/179
f 192/45/179 185/167/170 193/172/180
f 185/167/170 194/173/62 193/172/180
f 185/167/170 186/168/171 194/173/62
f 195/174/181 196/175/182 197/176/183
f 197/176/183 196/175/182 198/177/184
f 198/177/184 196/175/182 199/178/185
f 199/178/185 200/179/186 198/177/184
f 201/180/187 202/181/188 203/182/188
f 203/182/188 204/183/189 201/180/187
f 205/184/190 204/183/189 203/182/188
f 205/184/190 206/185/191 204/183/189
f 207/186/192 206/185/191 205/184/190
f 208/187/193 206/185/191 207/186/192
f 209/188/194 206/185/191 208/187/193
f 209/188/194 208/187/193 210/189/195
f 210/189/195 211/190/196 209/188/194
f 212/191/197 213/192/198 214/193/199
f 215/194/200 216/195/201 217/196/202
f 217/196/202 216/195/201 218/197/203
f 218/197/203 216/195/201 219/198/204
f 218/197/203 219/198/204 212/191/197
f 212/191/197 220/199/205 218/197/203
f 214/193/199 220/199/205 212/191/197
f 220/199/205 214/193/199 221/200/206
f 214/193/199 222/201/207 221/200/206
f 214/193/199 223/202/208 222/201/207
f 213/192/198 223/202/208 214/193/199
f 217/196/202 224/203/209 215/194/200
f 224/203/209 217/196/202 225/204/210
f 225/204/210 217/196/202 218/197/203
f 225/204/210 218/197/203 226/205/211
f 226/205/211 218/197/203 220/199/205
f 227/206/212 226/205/211 220/199/205
f 221/200/206 227/206/212 220/199/205
f 221/200/206 228/207/213 227/206/212
f 221/200/206 222/201/207 228/207/213
f 222/201/207 229/208/207 228/207/213
f 222/201/207 230/209/214 229/208/207
f 223/202/208 230/209/214 222/201/207
f 223/202/208 231/210/215 230/209/214
f 213/192/198 231/210/215 223/202/208
f 232/211/216 231/210/215 213/192/198
f 232/211/216 213/192/198 233/212/217
f 233/212/217 213/192/198 212/191/197
f 219/198/204 233/212/217 212/191/197
f 234/213/218 226/205/211 227/206/212
f 235/214/219 236/127/220 237/215/220
f 237/215/220 236/127/220 238/126/221
f 239/78/222 240/216/223 241/79/224
f 241/79/224 240/216/223 242/217/225
f 243/218/226 244/47/227 245/219/228
f 246/61/229 247/60/230 248/49/231
f 248/49/231 249/46/232 246/61/229
f 249/46/232 248/49/231 250/48/233
f 247/60/230 250/48/233 248/49/231
f 251/59/234 250/48/233 247/60/230
f 247/60/230 252/220/235 251/59/234
f 253/221/236 252/220/235 247/60/230
f 254/222/237 253/221/236 247/60/230
f 254/222/237 247/60/230 246/61/229
f 254/222/237 246/61/229 243/218/226
f 246/61/229 249/46/232 243/218/226
f 249/46/232 244/47/227 243/218/226
f 250/48/233 244/47/227 249/46/232
f 255/45/238 244/47/227 250/48/233
f 250/48/233 256/50/239 255/45/238
f 251/59/234 256/50/239 250/48/233
f 252/220/235 256/50/239 251/59/234
f 257/223/240 253/221/236 254/222/237
f 258/224/241 259/225/242 260/226/243
f 261/227/244 260/226/243 259/225/242
f 262/228/245 261/227/244 259/225/242
f 263/229/246 262/228/245 259/225/242
f 264/230/247 262/228/245 263/229/246
f 265/231/248 264/230/247 263/229/246
f 266/232/249 264/230/247 265/231/248
f 267/233/250 266/232/249 265/231/248
f 268/234/251 267/233/250 265/231/248
f 269/235/252 267/233/250 268/234/251
f 270/236/166 269/235/252 268/234/251
f 270/236/166 268/234/251 271/237/253
f 271/237/253 268/234/251 272/238/254
f 271/237/253 272/238/254 273/239/255
f 273/239/255 272/238/254 274/240/256
f 272/238/254 275/241/257 274/240/256
f 274/240/256 275/241/257 276/242/258
f 275/241/257 277/243/259 276/242/258
f 268/234/251 275/241/257 272/238/254
f 265/231/248 275/241/257 268/234/251
f 265/231/248 263/229/246 275/241/257
f 275/241/257 263/229/246 277/243/259
f 263/229/246 259/225/242 277/243/259
f 277/243/259 259/225/242 278/244/260
f 277/243/259 278/244/260 279/245/261
f 276/242/258 277/243/259 279/245/261
f 273/239/255 274/240/256 280/246/262
f 281/247/263 282/248/264 283/249/265
f 284/250/266 282/248/264 279/245/261
f 279/245/261 282/248/264 276/242/258
f 281/247/263 276/242/258 282/248/264
f 274/240/256 276/242/258 281/247/263
f 280/246/262 274/240/256 281/247/263
f 283/249/265 280/246/262 281/247/263
f 285/251/267 280/246/262 283/249/265
f 285/251/267 283/249/265 286/252/268
f 286/252/268 283/249/265 287/253/269
f 288/254/270 287/253/269 283/249/265
f 283/249/265 282/248/264 288/254/270
f 288/254/270 282/248/264 289/255/271
f 289/255/271 282/248/264 284/250/266
f 290/256/272 289/255/271 284/250/266
f 284/250/266 279/245/261 290/256/272
f 290/256/272 279/245/261 291/257/273
f 279/245/261 278/244/260 291/257/273
f 278/244/260 258/224/241 291/257/273
f 259/225/242 258/224/241 278/244/260
f 291/257/273 258/224/241 292/258/274
f 291/257/273 292/258/274 290/256/272
f 290/256/272 292/258/274 293/259/272
f 290/256/272 293/259/272 294/260/275
f 294/260/275 289/255/271 290/256/272
f 295/261/276 289/255/271 294/260/275
f 296/262/277 289/255/271 295/261/276
f 296/262/277 297/263/278 289/255/271
f 289/255/271 297/263/278 288/254/270
f 297/263/278 287/253/269 288/254/270
f 298/264/279 299/265/280 300/266/281
f 298/264/279 301/267/282 299/265/280
f 301/267/282 302/268/283 299/265/280
f 301/267/282 303/269/284 302/268/283
f 302/268/283 303/269/284 304/270/285
f 304/270/285 303/269/284 305/271/286
f 306/272/287 304/270/285 305/271/286
f 307/273/288 304/270/285 306/272/287
f 307/273/288 306/272/287 308/274/289
f 307/273/288 308/274/289 309/275/290
f 309/275/290 308/274/289 310/276/291
f 310/276/291 311/277/292 309/275/290
f 311/277/292 312/278/293 309/275/290
f 311/277/292 313/279/294 312/278/293
f 313/279/294 314/280/295 312/278/293
f 313/279/294 315/281/296 314/280/295
f 315/281/296 316/282/297 314/280/295
f 317/283/298 316/282/297 315/281/296
f 318/284/299 319/285/300 320/286/301
f 320/286/301 319/285/300 321/287/302
f 319/285/300 322/288/303 321/287/302
f 321/287/302 322/288/303 323/289/304
f 323/289/304 322/288/303 324/290/305
f 324/290/305 322/288/303 325/291/306
f 325/291/306 326/292/307 324/290/305
f 325/291/306 327/293/308 326/292/307
f 326/292/307 327/293/308 328/294/309
f 327/293/308 329/295/310 328/294/309
f 328/294/309 329/295/310 330/296/311
f 329/295/310 331/297/312 330/296/311
f 331/297/312 332/298/313 330/296/311
f 332/298/313 331/297/312 333/299/314
f 333/299/314 334/300/315 332/298/313
f 334/300/315 333/299/314 335/301/316
f 335/301/316 333/299/314 336/302/317
f 336/302/317 337/303/318 335/301/316
f 332/298/313 334/300/315 338/304/319
f 339/305/64 332/298/313 338/304/319
f 339/305/64 340/306/320 332/298/313
f 341/307/321 340/306/320 339/305/64
f 342/308/322 340/306/320 341/307/321
f 343/309/323 342/308/322 341/307/321
f 326/292/307 342/308/322 343/309/323
f 326/292/307 328/294/309 342/308/322
f 342/308/322 328/294/309 340/306/320
f 340/306/320 328/294/309 330/296/311
f 330/296/311 332/298/313 340/306/320
f 344/310/324 345/311/325 346/312/326
f 345/311/325 347/313/327 346/312/326
f 346/312/326 347/313/327 348/314/328
f 344/310/324 346/312/326 348/314/328
f 348/314/328 349/315/329 344/310/324
f 344/310/324 349/315/329 350/316/192
f 349/315/329 351/317/192 350/316/192
f 352/318/330 351/317/192 349/315/329
f 353/319/331 352/318/330 349/315/329
f 348/314/328 353/319/331 349/315/329
f 354/320/332 353/319/331 348/314/328
f 355/321/333 345/311/325 344/310/324
f 356/322/334 355/321/333 344/310/324
f 350/316/192 356/322/334 344/310/324
f 357/323/335 356/322/334 350/316/192
f 350/316/192 351/317/192 357/323/335
f 357/323/335 351/317/192 358/324/336
f 352/318/330 358/324/336 351/317/192
f 359/325/337 358/324/336 352/318/330
f 352/318/330 360/326/131 359/325/337
f 359/325/337 360/326/131 361/327/338
f 361/327/338 360/326/131 362/328/339
f 361/327/338 362/328/339 363/329/340
f 363/329/340 362/328/339 364/330/341
f 364/330/341 365/331/342 363/329/340
f 364/330/341 366/332/343 365/331/342
f 365/331/342 366/332/343 367/333/313
f 367/333/313 366/332/343 368/334/344
f 368/334/344 369/335/196 367/333/313
f 325/291/306 370/336/345 327/293/308
f 371/337/50 372/338/346 373/339/347
f 374/340/48 372/338/346 371/337/50
f 374/340/48 375/341/348 372/338/346
f 375/341/348 358/324/336 372/338/346
f 376/342/349 358/324/336 375/341/348
f 357/323/335 358/324/336 376/342/349
f 377/343/350 357/323/335 376/342/349
f 356/322/334 357/323/335 377/343/350
f 333/299/314 356/322/334 377/343/350
f 333/299/314 355/321/333 356/322/334
f 333/299/314 331/297/312 355/321/333
f 331/297/312 378/344/188 355/321/333
f 378/344/188 331/297/312 329/295/310
f 379/345/351 378/344/188 329/295/310
f 327/293/308 379/345/351 329/295/310
f 327/293/308 370/336/345 379/345/351
f 370/336/345 380/346/346 379/345/351
f 370/336/345 381/347/352 380/346/346
f 376/342/349 375/341/348 374/340/48
f 336/302/317 376/342/349 374/340/48
f 377/343/350 376/342/349 336/302/317
f 336/302/317 333/299/314 377/343/350
f 382/348/353 383/349/307 337/303/318
f 382/348/353 337/303/318 336/302/317
f 384/350/354 382/348/353 336/302/317
f 336/302/317 374/340/48 384/350/354
f 374/340/48 382/348/353 384/350/354
f 371/337/50 382/348/353 374/340/48
f 371/337/50 383/349/307 382/348/353
f 371/337/50 385/351/355 383/349/307
f 383/349/307 385/351/355 386/352/356
f 386/352/356 385/351/355 387/353/357
f 385/351/355 388/354/358 387/353/357
f 387/353/357 388/354/358 389/355/359
f 388/354/358 363/329/340 389/355/359
f 389/355/359 363/329/340 390/356/360
f 363/329/340 391/357/361 390/356/360
f 363/329/340 365/331/342 391/357/361
f 365/331/342 392/358/362 391/357/361
f 393/359/363 391/357/361 392/358/362
f 392/358/362 394/360/364 393/359/363
f 393/359/363 394/360/364 395/361/300
f 361/327/338 363/329/340 388/354/358
f 361/327/338 388/354/358 396/362/365
f 385/351/355 396/362/365 388/354/358
f 373/339/347 396/362/365 385/351/355
f 373/339/347 385/351/355 371/337/50
f 361/327/338 396/362/365 359/325/337
f 372/338/346 396/362/365 373/339/347
f 359/325/337 396/362/365 372/338/346
f 372/338/346 358/324/336 359/325/337
f 397/363/366 398/364/367 399/365/368
f 400/366/369 397/363/366 399/365/368
f 400/366/369 399/365/368 401/367/370
f 401/367/370 402/368/371 400/366/369
f 401/367/370 403/369/372 402/368/371
f 402/368/371 403/369/372 404/370/373
f 402/368/371 404/370/373 405/371/374
f 405/371/374 404/370/373 406/372/375
f 406/372/375 407/373/376 405/371/374
f 408/374/377 409/375/378 410/376/379
f 410/376/379 411/377/380 408/374/377
f 408/374/377 411/377/380 412/378/381
f 400/366/369 412/378/381 411/377/380
f 413/379/382 412/378/381 400/366/369
f 400/366/369 402/368/371 413/379/382
f 414/380/383 413/379/382 402/368/371
f 405/371/374 414/380/383 402/368/371
f 405/371/374 415/381/384 414/380/383
f 405/371/374 407/373/376 415/381/384
f 416/382/385 415/381/384 407/373/376
f 406/372/375 416/382/385 407/373/376
f 417/383/386 416/382/385 406/372/375
f 406/372/375 404/370/373 417/383/386
f 404/370/373 398/364/367 417/383/386
f 403/369/372 398/364/367 404/370/373
f 399/365/368 398/364/367 403/369/372
f 399/365/368 403/369/372 401/367/370
f 418/384/387 416/382/385 419/385/388
f 420/386/389 416/382/385 418/384/387
f 420/386/389 415/381/384 416/382/385
f 415/381/384 420/386/389 421/387/390
f 414/380/383 415/381/384 421/387/390
f 414/380/383 421/387/390 413/379/382
f 422/388/391 413/379/382 421/387/390
f 412/378/381 413/379/382 422/388/391
f 422/388/391 423/389/392 412/378/381
f 412/378/381 423/389/392 408/374/377
f 423/389/392 424/390/393 408/374/377
f 423/389/392 425/391/394 424/390/393
f 424/390/393 425/391/394 426/392/395
f 426/392/395 425/391/394 427/393/396
f 426/392/395 427/393/396 428/394/397
f 428/394/397 427/393/396 429/395/131
f 429/395/131 430/396/398 428/394/397
f 429/395/131 431/397/399 430/396/398
f 408/374/377 424/390/393 409/375/378
f 426/392/395 409/375/378 424/390/393
f 432/398/400 433/399/401 434/400/294
f 434/400/294 433/399/401 435/401/402
f 436/402/401 434/400/294 435/401/402
f 437/403/403 436/402/401 435/401/402
f 438/404/293 436/402/401 437/403/403
f 437/403/403 439/405/404 438/404/293
f 439/405/404 440/406/405 438/404/293
f 439/405/404 441/407/406 440/406/405
f 440/406/405 441/407/406 442/408/71
f 442/408/71 441/407/406 443/409/407
f 442/408/71 443/409/407 444/410/408
f 444/410/408 443/409/407 445/411/409
f 444/410/408 445/411/409 446/412/381
f 446/412/381 445/411/409 447/413/410
f 446/412/381 447/413/410 448/414/411
f 448/414/411 447/413/410 449/415/412
f 450/416/413 448/414/411 449/415/412
f 451/417/414 450/416/413 449/415/412
f 452/418/415 453/419/416 454/420/417
f 455/421/418 454/420/417 453/419/416
f 453/419/416 456/422/419 455/421/418
f 457/423/420 458/424/421 459/425/422
f 459/425/422 458/424/421 452/418/415
f 459/425/422 452/418/415 460/426/423
f 460/426/423 452/418/415 454/420/417
f 461/427/424 460/426/423 454/420/417
f 461/427/424 454/420/417 455/421/418
f 461/427/424 455/421/418 462/428/425
f 455/421/418 433/399/401 462/428/425
f 456/422/419 433/399/401 455/421/418
f 456/422/419 435/401/402 433/399/401
f 437/403/403 435/401/402 456/422/419
f 463/429/426 437/403/403 456/422/419
f 463/429/426 456/422/419 453/419/416
f 464/430/427 463/429/426 453/419/416
f 464/430/427 453/419/416 452/418/415
f 465/431/428 464/430/427 452/418/415
f 452/418/415 458/424/421 465/431/428
f 458/424/421 466/432/429 465/431/428
f 467/433/38 468/434/430 469/435/38
f 470/436/36 471/437/431 472/438/432
f 470/436/36 473/439/433 471/437/431
f 471/437/431 473/439/433 474/440/434
f 473/439/433 475/441/435 474/440/434
f 474/440/434 475/441/435 469/435/436
f 469/435/436 476/442/437 474/440/434
f 469/435/436 468/434/430 476/442/437
f 477/443/438 476/442/437 468/434/430
f 478/444/439 476/442/437 477/443/438
f 478/444/439 477/443/438 479/445/225
f 480/446/440 478/444/439 479/445/225
f 479/445/225 481/447/441 480/446/440
f 480/446/440 481/447/441 482/448/111
f 482/448/111 481/447/441 461/427/424
f 482/448/111 461/427/424 483/449/439
f 483/449/439 461/427/424 462/428/425
f 483/449/439 462/428/425 432/398/400
f 432/398/400 462/428/425 433/399/401
f 484/450/442 485/451/443 486/452/444
f 485/451/443 484/450/442 487/453/445
f 472/438/432 471/437/431 488/454/446
f 471/437/431 487/453/445 488/454/446
f 474/440/434 476/442/437 471/437/431
f 476/442/437 487/453/445 471/437/431
f 478/444/439 487/453/445 476/442/437
f 485/451/443 487/453/445 478/444/439
f 485/451/443 478/444/439 480/446/440
f 482/448/111 485/451/443 480/446/440
f 486/452/444 485/451/443 482/448/111
f 486/452/444 482/448/111 489/455/447
f 489/455/447 484/450/442 486/452/444
f 484/450/442 489/455/447 490/456/448
f 487/453/445 484/450/442 490/456/448
f 491/457/402 487/453/445 490/456/448
f 488/454/446 487/453/445 491/457/402
f 492/458/449 488/454/446 491/457/402
f 472/438/432 488/454/446 492/458/449
f 472/438/432 492/458/449 470/436/36
f 489/455/447 482/448/111 483/449/439
f 489/455/447 483/449/439 493/459/450
f 493/459/450 483/449/439 432/398/400
f 432/398/400 494/460/289 493/459/450
f 434/400/294 494/460/289 432/398/400
f 434/400/294 495/461/451 494/460/289
f 495/461/451 496/462/452 494/460/289
f 496/462/452 495/461/451 497/463/453
f 498/464/454 496/462/452 497/463/453
f 498/464/454 497/463/453 499/465/455
f 498/464/454 499/465/455 500/466/456
f 501/467/294 493/459/450 502/468/457
f 502/468/457 493/459/450 494/460/289
f 494/460/289 496/462/452 502/468/457
f 503/469/458 496/462/452 498/464/454
f 503/469/458 502/468/457 496/462/452
f 504/470/401 502/468/457 503/469/458
f 504/470/401 501/467/294 502/468/457
f 504/470/401 492/458/449 501/467/294
f 501/467/294 492/458/449 491/457/402
f 490/456/448 501/467/294 491/457/402
f 493/459/450 501/467/294 490/456/448
f 490/456/448 489/455/447 493/459/450
f 500/466/456 505/471/425 498/464/454
f 498/464/454 505/471/425 503/469/458
f 503/469/458 505/471/425 506/472/459
f 503/469/458 506/472/459 504/470/401
f 504/470/401 506/472/459 507/473/436
f 504/470/401 507/473/436 492/458/449
f 492/458/449 507/473/436 508/474/36
f 470/436/36 492/458/449 508/474/36
f 508/474/36 509/475/460 470/436/36
f 470/436/36 509/475/460 473/439/433
f 509/475/460 510/476/461 473/439/433
f 511/477/461 510/476/461 509/475/460
f 511/477/461 512/478/436 510/476/461
f 511/477/461 513/479/449 512/478/436
f 512/478/436 513/479/449 514/480/333
f 513/479/449 515/481/462 514/480/333
f 515/481/462 513/479/449 516/482/460
f 516/482/460 513/479/449 517/483/463
f 507/473/436 509/475/460 508/474/36
f 511/477/461 509/475/460 513/479/449
f 513/479/449 509/475/460 517/483/463
f 517/483/463 509/475/460 507/473/436
f 517/483/463 507/473/436 516/482/460
f 516/482/460 507/473/436 506/472/459
f 506/472/459 505/471/425 516/482/460
f 518/484/464 519/485/465 520/486/466
f 519/485/465 518/484/464 521/487/467
f 519/485/465 521/487/467 499/465/455
f 499/465/455 521/487/467 500/466/456
f 521/487/467 522/488/468 500/466/456
f 522/488/468 505/471/425 500/466/456
f 522/488/468 523/489/433 505/471/425
f 516/482/460 505/471/425 523/489/433
f 523/489/433 524/490/469 516/482/460
f 516/482/460 524/490/469 515/481/462
f 515/481/462 524/490/469 525/491/470
f 514/480/333 515/481/462 525/491/470
f 525/491/470 526/492/471 514/480/333
f 514/480/333 526/492/471 527/493/472
f 526/492/471 528/494/473 527/493/472
f 529/495/195 527/493/472 528/494/473
f 528/494/473 530/496/474 529/495/195
f 528/494/473 531/497/310 530/496/474
f 531/497/310 532/498/475 530/496/474
f 522/488/468 533/499/476 534/500/477
f 522/488/468 521/487/467 533/499/476
f 533/499/476 521/487/467 535/501/478
f 521/487/467 518/484/464 535/501/478
f 518/484/464 536/502/479 535/501/478
f 520/486/466 536/502/479 518/484/464
f 520/486/466 537/503/480 536/502/479
f 538/504/481 537/503/480 520/486/466
f 520/486/466 519/485/465 538/504/481
f 539/505/482 538/504/481 519/485/465
f 519/485/465 499/465/455 539/505/482
f 540/506/483 539/505/482 499/465/455
f 499/465/455 497/463/453 540/506/483
f 541/507/141 540/506/483 497/463/453
f 497/463/453 495/461/451 541/507/141
f 495/461/451 542/508/484 541/507/141
f 543/509/485 542/508/484 495/461/451
f 543/509/485 544/510/486 542/508/484
f 545/511/487 539/505/482 540/506/483
f 546/512/488 545/511/487 540/506/483
f 546/512/488 540/506/483 541/507/141
f 546/512/488 541/507/141 542/508/484
f 547/513/489 544/510/486 548/514/490
f 549/515/491 544/510/486 547/513/489
f 542/508/484 544/510/486 549/515/491
f 550/516/492 542/508/484 549/515/491
f 546/512/488 542/508/484 550/516/492
f 551/517/493 546/512/488 550/516/492
f 545/511/487 546/512/488 551/517/493
f 552/518/494 545/511/487 551/517/493
f 552/518/494 553/519/495 545/511/487
f 545/511/487 553/519/495 539/505/482
f 554/520/496 539/505/482 553/519/495
f 554/520/496 538/504/481 539/505/482
f 543/509/485 495/461/451 434/400/294
f 543/509/485 434/400/294 436/402/401
f 555/521/497 551/517/493 550/516/492
f 550/516/492 549/515/491 555/521/497
f 555/521/497 549/515/491 547/513/489
f 544/510/486 543/509/485 436/402/401
f 544/510/486 436/402/401 548/514/490
f 548/514/490 436/402/401 438/404/293
f 438/404/293 440/406/405 548/514/490
f 440/406/405 547/513/489 548/514/490
f 442/408/71 547/513/489 440/406/405
f 442/408/71 555/521/497 547/513/489
f 444/410/408 555/521/497 442/408/71
f 444/410/408 551/517/493 555/521/497
f 446/412/381 551/517/493 444/410/408
f 552/518/494 551/517/493 446/412/381
f 448/414/411 552/518/494 446/412/381
f 556/522/498 552/518/494 448/414/411
f 450/416/413 556/522/498 448/414/411
f 557/523/499 556/522/498 450/416/413
f 556/522/498 557/523/499 558/524/500
f 558/524/500 557/523/499 559/525/501
f 559/525/501 560/526/502 558/524/500
f 557/523/499 450/416/413 451/417/414
f 557/523/499 451/417/414 561/527/503
f 559/525/501 557/523/499 561/527/503
f 562/528/385 559/525/501 561/527/503
f 560/526/502 559/525/501 562/528/385
f 563/529/504 560/526/502 562/528/385
f 563/529/504 564/530/505 560/526/502
f 563/529/504 565/531/506 564/530/505
f 565/531/506 566/532/507 564/530/505
f 567/533/508 566/532/507 565/531/506
f 567/533/508 568/534/509 566/532/507
f 569/535/510 568/534/509 567/533/508
f 569/535/510 570/536/442 568/534/509
f 570/536/442 569/535/510 571/537/106
f 572/538/511 570/536/442 571/537/106
f 571/537/106 573/539/512 572/538/511
f 573/539/512 574/540/513 572/538/511
f 573/539/512 575/541/514 574/540/513
f 451/417/414 562/528/385 561/527/503
f 311/277/292 567/533/508 576/542/515
f 576/542/515 313/279/294 311/277/292
f 313/279/294 576/542/515 577/543/516
f 577/543/516 578/544/517 313/279/294
f 579/545/393 578/544/517 577/543/516
f 445/411/409 578/544/517 579/545/393
f 580/546/518 445/411/409 579/545/393
f 447/413/410 445/411/409 580/546/518
f 580/546/518 449/415/412 447/413/410
f 449/415/412 580/546/518 581/547/519
f 451/417/414 449/415/412 581/547/519
f 581/547/519 562/528/385 451/417/414
f 582/548/520 562/528/385 581/547/519
f 563/529/504 562/528/385 582/548/520
f 582/548/520 576/542/515 563/529/504
f 576/542/515 565/531/506 563/529/504
f 576/542/515 567/533/508 565/531/506
f 581/547/519 583/549/521 582/548/520
f 581/547/519 580/546/518 583/549/521
f 580/546/518 579/545/393 583/549/521
f 583/549/521 579/545/393 577/543/516
f 577/543/516 582/548/520 583/549/521
f 576/542/515 582/548/520 577/543/516
f 584/215/220 585/550/220 586/126/220
f 587/551/522 588/63/523 589/552/524
f 590/553/525 588/63/523 587/551/522
f 590/553/525 591/47/526 588/63/523
f 592/46/527 591/47/526 590/553/525
f 592/46/527 593/45/528 591/47/526
f 594/49/529 592/46/527 595/61/530
f 595/61/530 592/46/527 590/553/525
f 595/61/530 590/553/525 587/551/522
f 596/168/531 595/61/530 587/551/522
f 597/48/532 598/50/533 593/45/528
f 597/48/532 593/45/528 592/46/527
f 592/46/527 594/49/529 597/48/532
f 599/60/534 597/48/532 594/49/529
f 595/61/530 599/60/534 594/49/529
f 600/64/535 599/60/534 595/61/530
f 600/64/535 595/61/530 596/168/531
f 596/168/531 601/54/536 600/64/535
f 602/170/75 601/54/536 596/168/531
f 603/51/537 601/54/536 602/170/75
f 604/53/538 601/54/536 603/51/537
f 604/53/538 605/55/539 601/54/536
f 601/54/536 605/55/539 606/56/235
f 607/57/540 606/56/235 605/55/539
f 608/58/541 606/56/235 607/57/540
f 607/57/540 598/50/533 608/58/541
f 608/58/541 598/50/533 609/59/542
f 609/59/542 598/50/533 597/48/532
f 609/59/542 597/48/532 599/60/534
f 601/54/536 606/56/235 600/64/535
f 600/64/535 606/56/235 599/60/534
f 606/56/235 609/59/542 599/60/534
f 608/58/541 609/59/542 606/56/235
f 610/129/543 611/554/544 612/137/545
f 610/129/543 612/137/545 613/4/546
f 613/4/546 612/137/545 614/128/547
f 614/128/547 612/137/545 615/138/548
f 615/138/548 612/137/545 616/131/130
f 612/137/545 617/149/549 616/131/130
f 611/554/544 617/149/549 612/137/545
f 618/7/550 619/152/551 620/555/501
f 618/7/550 620/555/501 621/16/552
f 611/554/544 622/556/553 617/149/549
f 623/557/554 622/556/553 611/554/544
f 621/16/552 622/556/553 623/557/554
f 621/16/552 620/555/501 622/556/553
f 620/555/501 617/149/549 622/556/553
f 624/148/555 617/149/549 620/555/501
f 624/148/555 616/131/130 617/149/549
f 625/144/556 616/131/130 624/148/555
f 625/144/556 615/138/548 616/131/130
f 626/145/557 615/138/548 625/144/556
f 614/128/547 615/138/548 626/145/557
f 626/145/557 627/558/558 614/128/547
f 614/128/547 627/558/558 628/140/559
f 627/558/558 629/134/560 628/140/559
f 630/559/561 629/134/560 627/558/558
f 619/152/551 629/134/560 630/559/561
f 630/559/561 624/148/555 619/152/551
f 620/555/501 619/152/551 624/148/555
f 626/145/557 630/559/561 627/558/558
f 625/144/556 630/559/561 626/145/557
f 625/144/556 624/148/555 630/559/561
f 631/144/562 632/131/563 633/148/564
f 633/148/564 632/131/563 634/149/565
f 632/131/563 635/150/566 634/149/565
f 635/150/566 636/8/567 634/149/565
f 637/14/568 636/8/567 635/150/566
f 638/151/569 636/8/567 637/14/568
f 639/15/570 638/151/569 637/14/568
f 637/14/568 640/141/571 639/15/570
f 635/150/566 640/141/571 637/14/568
f 640/141/571 635/150/566 641/129/572
f 642/560/573 643/561/574 644/134/575
f 636/8/567 633/148/564 634/149/565
f 641/129/572 635/150/566 645/137/576
f 645/137/576 635/150/566 632/131/563
f 646/138/577 645/137/576 632/131/563
f 631/144/562 646/138/577 632/131/563
f 647/562/578 646/138/577 631/144/562
f 631/144/562 648/559/579 647/562/578
f 647/562/578 648/559/579 643/561/574
f 644/134/575 643/561/574 648/559/579
f 649/563/580 644/134/575 648/559/579
f 650/564/581 644/134/575 649/563/580
f 649/563/580 651/565/582 650/564/581
f 650/564/581 651/565/582 652/566/583
f 638/151/569 652/566/583 651/565/582
f 651/565/582 636/8/567 638/151/569
f 651/565/582 649/563/580 636/8/567
f 636/8/567 649/563/580 633/148/564
f 648/559/579 633/148/564 649/563/580
f 631/144/562 633/148/564 648/559/579
f 647/562/578 653/142/584 646/138/577
f 653/142/584 645/137/576 646/138/577
f 653/142/584 641/129/572 645/137/576
f 654/4/585 641/129/572 653/142/584
f 655/78/586 656/80/586 657/79/586
f 658/58/587 659/56/235 660/57/540
f 660/57/540 661/50/588 658/58/587
f 658/58/587 661/50/588 662/59/589
f 662/59/589 661/50/588 663/48/590
f 663/48/590 661/50/588 664/45/591
f 663/48/590 664/45/591 665/46/592
f 665/46/592 664/45/591 666/47/593
f 665/46/592 666/47/593 667/553/594
f 667/553/594 666/47/593 668/63/559
f 667/553/594 668/63/559 669/567/595
f 670/61/596 667/553/594 669/567/595
f 670/61/596 665/46/592 667/553/594
f 671/49/597 665/46/592 670/61/596
f 665/46/592 671/49/597 663/48/590
f 672/60/598 663/48/590 671/49/597
f 662/59/589 663/48/590 672/60/598
f 659/56/235 662/59/589 672/60/598
f 658/58/587 662/59/589 659/56/235
f 673/54/599 659/56/235 674/64/600
f 674/64/600 659/56/235 672/60/598
f 672/60/598 671/49/597 674/64/600
f 674/64/600 671/49/597 670/61/596
f 674/64/600 670/61/596 669/567/595
f 669/567/595 673/54/599 674/64/600
f 669/567/595 675/53/601 673/54/599
f 675/53/601 676/55/539 673/54/599
f 673/54/599 676/55/539 659/56/235
f 660/57/540 659/56/235 676/55/539
f 677/4/602 678/129/603 679/5/604
f 680/145/605 681/559/606 682/558/607
f 683/144/608 684/132/609 681/559/606
f 683/144/608 685/131/610 684/132/609
f 684/132/609 685/131/610 686/130/28
f 678/129/603 687/136/611 688/137/612
f 679/5/604 678/129/603 688/137/612
f 679/5/604 688/137/612 689/138/613
f 690/568/614 679/5/604 689/138/613
f 690/568/614 689/138/613 680/145/605
f 680/145/605 682/558/607 690/568/614
f 690/568/614 682/558/607 691/569/615
f 691/569/615 682/558/607 692/560/616
f 682/558/607 681/559/606 692/560/616
f 692/560/616 681/559/606 693/134/617
f 694/135/618 693/134/617 681/559/606
f 681/559/606 684/132/609 694/135/618
f 694/135/618 684/132/609 695/16/619
f 695/16/619 684/132/609 686/130/28
f 695/16/619 686/130/28 687/136/611
f 687/136/611 686/130/28 688/137/612
f 688/137/612 686/130/28 685/131/610
f 689/138/613 688/137/612 685/131/610
f 683/144/608 689/138/613 685/131/610
f 680/145/605 689/138/613 683/144/608
f 683/144/608 681/559/606 680/145/605
f 696/4/620 697/570/167 698/142/621
f 698/142/621 697/570/167 699/571/622
f 700/15/623 699/571/622 697/570/167
f 701/14/624 699/571/622 700/15/623
f 700/15/623 702/151/625 701/14/624
f 702/151/625 703/8/319 701/14/624
f 704/7/626 703/8/319 702/151/625
f 704/7/626 705/572/627 703/8/319
f 701/14/624 703/8/319 699/571/622
f 706/573/628 707/138/629 708/574/630
f 709/145/631 707/138/629 706/573/628
f 706/573/628 705/572/627 709/145/631
f 709/145/631 705/572/627 710/575/632
f 709/145/631 710/575/632 711/576/633
f 711/576/633 707/138/629 709/145/631
f 711/576/633 698/142/621 707/138/629
f 698/142/621 699/571/622 707/138/629
f 707/138/629 699/571/622 708/574/630
f 699/571/622 703/8/319 708/574/630
f 703/8/319 706/573/628 708/574/630
f 703/8/319 705/572/627 706/573/628
f 712/51/634 713/577/635 714/578/636
f 714/578/636 713/577/635 715/579/637
f 713/577/635 716/153/638 715/579/637
f 717/155/639 718/156/640 719/580/641
f 720/157/642 718/156/640 717/155/639
f 717/155/639 721/154/643 720/157/642
f 721/154/643 722/50/644 720/157/642
f 720/157/642 722/50/644 718/156/640
f 718/156/640 722/50/644 723/161/645
f 723/161/645 719/580/641 718/156/640
f 724/581/646 719/580/641 723/161/645
f 719/580/641 724/581/646 725/582/647
f 714/578/636 719/580/641 725/582/647
f 717/155/639 719/580/641 714/578/636
f 715/579/637 717/155/639 714/578/636
f 715/579/637 721/154/643 717/155/639
f 715/579/637 716/153/638 721/154/643
f 716/153/638 722/50/644 721/154/643
f 726/4/648 727/583/649 728/584/650
f 728/584/650 727/583/649 729/585/651
f 730/586/652 731/587/653 732/588/597
f 731/587/653 733/589/654 732/588/597
f 732/588/597 733/589/654 734/590/501
f 735/591/655 736/592/563 737/593/576
f 735/591/655 737/593/576 738/594/656
f 739/138/378 729/585/651 730/586/652
f 732/588/597 739/138/378 730/586/652
f 728/584/657 739/138/378 732/588/597
f 732/588/597 734/590/501 728/584/657
f 728/584/657 734/590/501 740/11/658
f 740/11/658 734/590/501 741/595/659
f 734/590/501 733/589/654 741/595/659
f 741/595/659 733/589/654 742/596/660
f 731/587/653 742/596/660 733/589/654
f 735/591/655 742/596/660 731/587/653
f 735/591/655 731/587/653 736/592/563
f 736/592/563 731/587/653 730/586/652
f 730/586/652 737/593/576 736/592/563
f 729/585/651 737/593/576 730/586/652
f 729/585/651 738/594/656 737/593/576
f 727/583/649 738/594/656 729/585/651
f 743/597/661 744/598/662 745/599/663
f 746/600/664 747/601/665 743/597/661
f 747/601/665 744/598/662 743/597/661
f 744/598/662 747/601/665 748/5/666
f 748/5/666 747/601/665 749/571/667
f 748/5/666 749/571/667 750/138/668
f 750/138/668 749/571/667 751/574/669
f 752/573/670 750/138/668 751/574/669
f 753/145/671 750/138/668 752/573/670
f 754/7/501 755/602/672 756/555/673
f 754/7/501 756/555/673 757/16/674
f 757/16/674 756/555/673 758/556/675
f 757/16/674 758/556/675 759/14/676
f 760/603/540 757/16/674 759/14/676
f 757/16/674 760/603/540 746/600/664
f 760/603/540 747/601/665 746/600/664
f 759/14/676 747/601/665 760/603/540
f 749/571/667 747/601/665 759/14/676
f 759/14/676 758/556/675 749/571/667
f 749/571/667 758/556/675 751/574/669
f 756/555/673 751/574/669 758/556/675
f 752/573/670 751/574/669 756/555/673
f 756/555/673 755/602/672 752/573/670
f 752/573/670 755/602/672 753/145/671
f 753/145/671 755/602/672 761/11/677
f 753/145/671 761/11/677 762/568/678
f 762/568/678 750/138/668 753/145/671
f 762/568/678 748/5/666 750/138/668
f 728/584/679 729/585/679 739/138/679
f 763/604/423 764/605/286 765/23/286
f 765/23/286 764/605/286 766/24/140
f 767/214/680 768/127/681 769/215/681
f 769/215/681 768/127/681 770/126/682
f 771/159/683 772/606/684 773/607/685
f 774/608/686 775/609/687 776/610/688
f 777/222/23 775/609/687 774/608/686
f 777/222/23 778/611/689 775/609/687
f 773/607/685 778/611/689 777/222/23
f 773/607/685 772/606/684 778/611/689
f 772/606/684 779/612/690 778/611/689
f 780/613/691 781/614/503 782/615/692
f 781/614/503 783/50/693 782/615/692
f 784/616/694 783/50/693 781/614/503
f 785/617/695 783/50/693 784/616/694
f 779/612/690 783/50/693 785/617/695
f 778/611/689 779/612/690 785/617/695
f 785/617/695 784/616/694 778/611/689
f 778/611/689 784/616/694 775/609/687
f 784/616/694 781/614/503 775/609/687
f 775/609/687 781/614/503 776/610/688
f 776/610/688 781/614/503 780/613/691
f 776/610/688 780/613/691 774/608/686
f 774/608/686 780/613/691 786/219/558
f 787/618/696 788/619/697 789/567/698
f 790/612/699 791/50/700 792/617/701
f 793/620/173 794/616/302 795/621/702
f 794/616/302 796/614/703 795/621/702
f 795/621/702 796/614/703 797/622/69
f 795/621/702 797/622/69 789/567/698
f 789/567/698 793/620/173 795/621/702
f 789/567/698 798/623/166 793/620/173
f 798/623/166 790/612/699 793/620/173
f 793/620/173 790/612/699 792/617/701
f 792/617/701 794/616/302 793/620/173
f 792/617/701 791/50/700 794/616/302
f 794/616/302 791/50/700 796/614/703
f 796/614/703 791/50/700 799/615/296
f 796/614/703 799/615/296 787/618/696
f 787/618/696 799/615/296 788/619/697
f 800/54/704 801/56/705 802/64/130
f 802/64/130 801/56/705 803/60/706
f 801/56/705 804/59/707 803/60/706
f 804/59/707 805/48/708 803/60/706
f 803/60/706 805/48/708 806/49/709
f 803/60/706 806/49/709 802/64/130
f 807/46/710 808/45/298 809/47/711
f 810/61/712 811/553/697 812/624/713
f 812/624/713 813/63/714 814/552/715
f 811/553/697 813/63/714 812/624/713
f 811/553/697 809/47/711 813/63/714
f 807/46/710 809/47/711 811/553/697
f 810/61/712 807/46/710 811/553/697
f 806/49/709 807/46/710 810/61/712
f 802/64/130 806/49/709 810/61/712
f 802/64/130 810/61/712 812/624/713
f 812/624/713 800/54/704 802/64/130
f 815/625/716 800/54/704 812/624/713
f 815/625/716 816/53/717 800/54/704
f 816/53/717 817/55/718 800/54/704
f 800/54/704 817/55/718 801/56/705
f 818/57/699 801/56/705 817/55/718
f 819/58/719 801/56/705 818/57/699
f 819/58/719 804/59/707 801/56/705
f 819/58/719 820/50/720 804/59/707
f 804/59/707 820/50/720 805/48/708
f 805/48/708 820/50/720 808/45/298
f 805/48/708 808/45/298 807/46/710
f 807/46/710 806/49/709 805/48/708
f 818/57/699 820/50/720 819/58/719
f 821/54/721 822/64/722 823/56/235
f 822/64/722 821/54/721 824/168/723
f 824/168/723 821/54/721 825/170/724
f 825/170/724 821/54/721 826/51/725
f 826/51/725 821/54/721 827/53/726
f 827/53/726 821/54/721 828/55/727
f 828/55/727 821/54/721 823/56/235
f 829/63/728 830/551/729 831/552/730
f 823/56/235 832/57/731 828/55/727
f 833/58/732 832/57/731 823/56/235
f 832/57/731 833/58/732 834/50/733
f 833/58/732 835/59/89 834/50/733
f 835/59/89 836/48/734 834/50/733
f 836/48/734 837/45/735 834/50/733
f 836/48/734 838/46/736 837/45/735
f 837/45/735 838/46/736 839/47/737
f 840/553/738 839/47/737 838/46/736
f 829/63/728 839/47/737 840/553/738
f 840/553/738 830/551/729 829/63/728
f 841/61/739 830/551/729 840/553/738
f 841/61/739 824/168/723 830/551/729
f 822/64/722 824/168/723 841/61/739
f 822/64/722 841/61/739 842/60/740
f 823/56/235 822/64/722 842/60/740
f 842/60/740 835/59/89 823/56/235
f 823/56/235 835/59/89 833/58/732
f 838/46/736 836/48/734 843/49/741
f 835/59/89 842/60/740 836/48/734
f 836/48/734 842/60/740 843/49/741
f 842/60/740 841/61/739 843/49/741
f 843/49/741 841/61/739 838/46/736
f 838/46/736 841/61/739 840/553/738
f 844/151/742 845/626/743 846/627/744
f 846/627/744 845/626/743 847/134/745
f 848/137/263 849/628/746 850/629/747
f 851/131/748 849/628/746 848/137/263
f 848/137/263 852/138/749 851/131/748
f 852/138/749 853/144/750 851/131/748
f 854/145/751 853/144/750 852/138/749
f 855/576/477 854/145/751 852/138/749
f 855/576/477 852/138/749 856/142/752
f 856/142/752 852/138/749 848/137/263
f 857/129/753 856/142/752 848/137/263
f 848/137/263 850/629/747 857/129/753
f 857/129/753 850/629/747 858/630/754
f 858/630/754 850/629/747 844/151/742
f 844/151/742 850/629/747 849/628/746
f 845/626/743 844/151/742 849/628/746
f 849/628/746 859/559/755 845/626/743
f 847/134/745 845/626/743 859/559/755
f 860/558/756 847/134/745 859/559/755
f 861/560/757 847/134/745 860/558/756
f 862/569/758 861/560/757 860/558/756
f 860/558/756 855/576/477 862/569/758
f 854/145/751 855/576/477 860/558/756
f 860/558/756 859/559/755 854/145/751
f 854/145/751 859/559/755 853/144/750
f 853/144/750 859/559/755 849/628/746
f 849/628/746 851/131/748 853/144/750
f 863/4/759 856/142/752 857/129/753
f 864/23/652 865/24/760 866/21/760
f 866/21/760 865/24/760 867/22/761
f 868/126/762 869/127/763 870/215/763
f 870/215/763 869/127/763 871/214/764
f 872/78/765 873/79/766 874/216/766
f 874/216/766 873/79/766 875/217/767
f 876/631/768 877/632/769 878/633/769
f 878/633/769 877/632/769 879/634/563
f 880/635/770 881/636/771 882/637/772
f 883/620/773 884/638/513 885/639/774
f 884/638/513 886/59/775 885/639/774
f 886/59/775 884/638/513 887/48/776
f 887/48/776 884/638/513 881/636/771
f 882/637/772 881/636/771 884/638/513
f 882/637/772 884/638/513 883/620/773
f 882/637/772 883/620/773 888/51/777
f 888/51/777 883/620/773 889/623/778
f 889/623/778 883/620/773 890/640/46
f 890/640/46 883/620/773 885/639/774
f 885/639/774 891/57/779 890/640/46
f 892/58/780 891/57/779 885/639/774
f 885/639/774 886/59/775 892/58/780
f 892/58/780 886/59/775 893/50/781
f 886/59/775 887/48/776 893/50/781
f 887/48/776 894/45/782 893/50/781
f 887/48/776 881/636/771 894/45/782
f 894/45/782 881/636/771 895/641/783
f 880/635/770 895/641/783 881/636/771
f 896/619/627 895/641/783 880/635/770
f 891/57/779 892/58/780 893/50/781
f 897/4/784 898/5/785 899/129/786
f 899/129/786 900/137/787 901/554/788
f 899/129/786 898/5/785 900/137/787
f 898/5/785 902/138/789 900/137/787
f 903/568/790 902/138/789 898/5/785
f 903/568/790 904/145/791 902/138/789
f 904/145/791 903/568/790 905/558/119
f 905/558/119 903/568/790 906/569/231
f 906/569/231 907/560/792 905/558/119
f 905/558/119 907/560/792 908/559/660
f 905/558/119 908/559/660 904/145/791
f 904/145/791 908/559/660 909/144/793
f 904/145/791 909/144/793 902/138/789
f 902/138/789 909/144/793 910/131/794
f 900/137/787 902/138/789 910/131/794
f 910/131/794 911/149/795 900/137/787
f 900/137/787 911/149/795 901/554/788
f 912/556/649 901/554/788 911/149/795
f 913/557/612 901/554/788 912/556/649
f 914/16/796 913/557/612 912/556/649
f 914/16/796 912/556/649 915/555/797
f 912/556/649 911/149/795 915/555/797
f 915/555/797 911/149/795 916/148/798
f 911/149/795 910/131/794 916/148/798
f 916/148/798 910/131/794 909/144/793
f 909/144/793 908/559/660 916/148/798
f 916/148/798 908/559/660 917/152/799
f 917/152/799 915/555/797 916/148/798
f 918/7/800 915/555/797 917/152/799
f 918/7/800 914/16/796 915/555/797
f 917/152/799 908/559/660 919/134/801
f 908/559/660 907/560/792 919/134/801
f 920/54/241 921/64/171 922/56/235
f 922/56/235 921/64/171 923/60/802
f 923/60/802 924/59/89 922/56/235
f 924/59/89 923/60/802 925/48/155
f 925/48/155 923/60/802 926/642/803
f 921/64/171 926/642/803 923/60/802
f 927/164/804 926/642/803 921/64/171
f 928/57/731 929/58/732 930/50/805
f 921/64/171 931/52/377 927/164/804
f 931/52/377 921/64/171 920/54/241
f 931/52/377 920/54/241 932/51/806
f 932/51/806 920/54/241 933/53/807
f 933/53/807 920/54/241 934/55/808
f 934/55/808 920/54/241 922/56/235
f 922/56/235 928/57/731 934/55/808
f 929/58/732 928/57/731 922/56/235
f 922/56/235 924/59/89 929/58/732
f 929/58/732 924/59/89 930/50/805
f 924/59/89 925/48/155 930/50/805
f 925/48/155 935/45/735 930/50/805
f 925/48/155 926/642/803 935/45/735
f 935/45/735 926/642/803 936/47/809
f 927/164/804 936/47/809 926/642/803
f 937/63/810 936/47/809 927/164/804
f 927/164/804 938/173/811 937/63/810
f 927/164/804 931/52/377 938/173/811
f 939/78/812 940/79/812 941/80/812
f 942/556/813 943/149/814 944/555/815
f 945/131/816 943/149/814 946/137/554
f 946/137/554 943/149/814 947/554/817
f 942/556/813 947/554/817 943/149/814
f 948/557/818 947/554/817 942/556/813
f 949/16/691 948/557/818 942/556/813
f 949/16/691 942/556/813 944/555/815
f 950/7/819 949/16/691 944/555/815
f 950/7/819 944/555/815 951/152/820
f 951/152/820 944/555/815 952/148/821
f 944/555/815 943/149/814 952/148/821
f 943/149/814 945/131/816 952/148/821
f 953/129/726 946/137/554 947/554/817
f 954/568/822 955/138/823 956/5/824
f 957/558/825 958/559/826 959/145/827
f 959/145/827 958/559/826 960/144/828
f 959/145/827 960/144/828 955/138/823
f 954/568/822 959/145/827 955/138/823
f 959/145/827 954/568/822 957/558/825
f 957/558/825 954/568/822 961/140/829
f 961/140/829 962/134/830 957/558/825
f 957/558/825 962/134/830 958/559/826
f 951/152/820 958/559/826 962/134/830
f 952/148/821 958/559/826 951/152/820
f 960/144/828 958/559/826 952/148/821
f 952/148/821 945/131/816 960/144/828
f 955/138/823 960/144/828 945/131/816
f 946/137/554 955/138/823 945/131/816
f 956/5/824 955/138/823 946/137/554
f 953/129/726 956/5/824 946/137/554
f 963/598/831 956/5/824 953/129/726
f 953/129/726 964/599/832 963/598/831
f 965/129/833 966/137/834 967/141/731
f 968/4/835 969/142/836 965/129/833
f 965/129/833 969/142/836 966/137/834
f 969/142/836 970/143/837 966/137/834
f 966/137/834 970/143/837 971/131/838
f 970/143/837 972/144/839 971/131/838
f 973/145/840 972/144/839 970/143/837
f 973/145/840 970/143/837 974/575/841
f 974/575/841 975/147/842 973/145/840
f 973/145/840 975/147/842 972/144/839
f 972/144/839 975/147/842 976/148/843
f 976/148/843 971/131/838 972/144/839
f 977/149/148 971/131/838 976/148/843
f 971/131/838 977/149/148 966/137/834
f 966/137/834 977/149/148 978/150/844
f 967/141/731 966/137/834 978/150/844
f 979/14/845 967/141/731 978/150/844
f 980/15/846 967/141/731 979/14/845
f 980/15/846 979/14/845 981/151/847
f 981/151/847 979/14/845 982/8/450
f 983/7/848 981/151/847 982/8/450
f 983/7/848 982/8/450 984/152/849
f 976/148/843 975/147/842 984/152/849
f 984/152/849 982/8/450 976/148/843
f 982/8/450 977/149/148 976/148/843
f 982/8/450 978/150/844 977/149/148
f 979/14/845 978/150/844 982/8/450
f 985/54/850 986/64/851 987/56/852
f 988/643/853 986/64/851 985/54/850
f 988/643/853 985/54/850 989/53/854
f 989/53/854 985/54/850 990/55/855
f 990/55/855 985/54/850 987/56/852
f 987/56/852 991/57/856 990/55/855
f 992/58/857 991/57/856 987/56/852
f 991/57/856 992/58/857 993/50/858
f 992/58/857 994/59/859 993/50/858
f 994/59/859 995/644/860 993/50/858
f 994/59/859 996/60/861 995/644/860
f 995/644/860 996/60/861 997/49/862
f 998/645/863 995/644/860 997/49/862
f 997/49/862 999/61/864 998/645/863
f 998/645/863 999/61/864 1000/646/865
f 999/61/864 988/643/853 1000/646/865
f 986/64/851 988/643/853 999/61/864
f 986/64/851 999/61/864 996/60/861
f 987/56/852 986/64/851 996/60/861
f 996/60/861 994/59/859 987/56/852
f 987/56/852 994/59/859 992/58/857
f 996/60/861 999/61/864 997/49/862
f 1001/78/866 1002/79/867 1003/216/868
f 1003/216/868 1002/79/867 1004/217/869
f 1005/24/870 1006/605/871 1007/23/871
f 1007/23/871 1006/605/871 1008/604/872
f 1009/54/873 1010/64/874 1011/158/875
f 1011/158/875 1010/64/874 1012/155/104
f 1012/155/104 1013/157/876 1011/158/875
f 1011/158/875 1013/157/876 1014/154/877
f 1015/63/878 1016/163/879 1017/164/880
f 1017/164/880 1018/173/881 1015/63/878
f 1017/164/880 1019/52/882 1018/173/881
f 1010/64/874 1019/52/882 1017/164/880
f 1017/164/880 1020/647/883 1010/64/874
f 1010/64/874 1020/647/883 1012/155/104
f 1020/647/883 1021/156/884 1012/155/104
f 1012/155/104 1021/156/884 1013/157/876
f 1013/157/876 1021/156/884 1022/50/885
f 1014/154/877 1013/157/876 1022/50/885
f 1023/153/886 1014/154/877 1022/50/885
f 1023/153/886 1011/158/875 1014/154/877
f 1024/160/887 1011/158/875 1023/153/886
f 1024/160/887 1009/54/873 1011/158/875
f 1025/53/888 1009/54/873 1024/160/887
f 1026/51/889 1009/54/873 1025/53/888
f 1019/52/882 1009/54/873 1026/51/889
f 1019/52/882 1010/64/874 1009/54/873
f 1021/156/884 1027/161/879 1022/50/885
f 1021/156/884 1020/647/883 1027/161/879
f 1027/161/879 1020/647/883 1016/163/879
f 1017/164/880 1016/163/879 1020/647/883
f 1028/648/890 1029/649/890 1030/650/890
f 1031/4/891 1032/651/892 1033/129/753
f 1033/129/753 1032/651/892 1034/137/893
f 1033/129/753 1034/137/893 1035/141/894
f 1035/141/894 1034/137/893 1036/150/895
f 1037/14/568 1035/141/894 1036/150/895
f 1038/15/896 1035/141/894 1037/14/568
f 1038/15/896 1037/14/568 1039/652/897
f 1040/148/226 1041/131/898 1042/144/899
f 1039/652/897 1037/14/568 1043/556/900
f 1037/14/568 1036/150/895 1043/556/900
f 1043/556/900 1036/150/895 1044/149/901
f 1034/137/893 1044/149/901 1036/150/895
f 1041/131/898 1044/149/901 1034/137/893
f 1032/651/892 1041/131/898 1034/137/893
f 1032/651/892 1042/144/899 1041/131/898
f 1045/562/902 1042/144/899 1032/651/892
f 1045/562/902 1046/559/755 1042/144/899
f 1042/144/899 1046/559/755 1040/148/226
f 1040/148/226 1046/559/755 1047/152/903
f 1047/152/903 1048/555/904 1040/148/226
f 1049/7/826 1048/555/904 1047/152/903
f 1049/7/826 1039/652/897 1048/555/904
f 1039/652/897 1043/556/900 1048/555/904
f 1048/555/904 1043/556/900 1040/148/226
f 1040/148/226 1043/556/900 1044/149/901
f 1044/149/901 1041/131/898 1040/148/226
f 1050/560/905 1051/134/906 1052/561/907
f 1047/152/903 1046/559/755 1051/134/906
f 1052/561/907 1051/134/906 1046/559/755
f 1052/561/907 1046/559/755 1045/562/902
f 1053/16/908 1054/653/909 1055/654/910
f 1056/135/911 1053/16/908 1057/132/912
f 1058/144/913 1056/135/911 1057/132/912
f 1059/655/914 1056/135/911 1058/144/913
f 1060/145/915 1059/655/914 1058/144/913
f 1061/558/916 1059/655/914 1060/145/915
f 1061/558/916 1062/140/917 1059/655/914
f 1061/558/916 1063/568/918 1062/140/917
f 1060/145/915 1063/568/918 1061/558/916
f 1063/568/918 1060/145/915 1064/138/919
f 1060/145/915 1058/144/913 1064/138/919
f 1064/138/919 1058/144/913 1065/131/920
f 1057/132/912 1065/131/920 1058/144/913
f 1066/130/84 1065/131/920 1057/132/912
f 1053/16/908 1066/130/84 1057/132/912
f 1053/16/908 1067/629/921 1066/130/84
f 1055/654/910 1067/629/921 1053/16/908
f 1068/656/922 1067/629/921 1055/654/910
f 1054/653/909 1068/656/922 1055/654/910
f 1069/657/923 1068/656/922 1054/653/909
f 1069/657/923 1070/598/924 1068/656/922
f 1071/599/552 1070/598/924 1069/657/923
f 1063/568/918 1064/138/919 1072/5/925
f 1072/5/925 1064/138/919 1073/137/264
f 1070/598/924 1072/5/925 1068/656/922
f 1068/656/922 1072/5/925 1073/137/264
f 1073/137/264 1067/629/921 1068/656/922
f 1073/137/264 1066/130/84 1067/629/921
f 1065/131/920 1066/130/84 1073/137/264
f 1073/137/264 1064/138/919 1065/131/920
f 1074/658/926 1075/659/927 1076/660/928
f 1076/660/928 1075/659/927 1077/661/929
f 1075/659/927 1078/662/930 1077/661/929
f 1075/659/927 1079/663/931 1078/662/930
f 1079/663/931 1075/659/927 1080/664/932
f 1080/664/932 1075/659/927 1081/665/270
f 1081/665/270 1075/659/927 1082/666/933
f 1075/659/927 1083/667/934 1082/666/933
f 1074/658/926 1083/667/934 1075/659/927
f 1083/667/934 1074/658/926 1084/668/935
f 1074/658/926 1085/669/936 1084/668/935
f 1086/670/937 1085/669/936 1074/658/926
f 1074/658/926 1087/671/929 1086/670/937
f 1076/660/928 1087/671/929 1074/658/926
f 1076/660/928 1088/672/877 1087/671/929
f 1089/673/585 1090/674/938 1091/675/95
f 1091/675/95 1090/674/938 1092/676/603
f 1090/674/938 1093/677/665 1092/676/603
f 1088/672/877 1093/677/665 1090/674/938
f 1094/678/939 1093/677/665 1088/672/877
f 1088/672/877 1095/679/940 1094/678/939
f 1094/678/939 1095/679/940 1096/680/941
f 1096/680/941 1095/679/940 1097/681/942
f 1095/679/940 1098/682/943 1097/681/942
f 1097/681/942 1098/682/943 1099/683/944
f 1099/683/944 1098/682/943 1100/684/945
f 1098/682/943 1101/685/946 1100/684/945
f 1100/684/945 1101/685/946 1078/662/930
f 1077/661/929 1078/662/930 1101/685/946
f 1098/682/943 1077/661/929 1101/685/946
f 1076/660/928 1077/661/929 1098/682/943
f 1076/660/928 1098/682/943 1095/679/940
f 1095/679/940 1088/672/877 1076/660/928
f 1087/671/929 1088/672/877 1090/674/938
f 1102/686/947 1103/687/948 1104/688/949
f 1105/689/950 1103/687/948 1102/686/947
f 1085/669/936 1105/689/950 1102/686/947
f 1086/670/937 1105/689/950 1085/669/936
f 1106/690/769 1105/689/950 1086/670/937
f 1086/670/937 1087/671/929 1106/690/769
f 1106/690/769 1087/671/929 1107/691/951
f 1087/671/929 1090/674/938 1107/691/951
f 1107/691/951 1090/674/938 1089/673/585
f 1105/689/950 1106/690/769 1103/687/948
f 1108/692/425 1109/693/952 1110/694/953
f 1110/694/953 1109/693/952 1111/695/954
f 1109/693/952 1112/696/955 1111/695/954
f 1113/697/956 1112/696/955 1109/693/952
f 1109/693/952 1114/698/293 1113/697/956
f 1108/692/425 1114/698/293 1109/693/952
f 1108/692/425 1115/699/750 1114/698/293
f 1116/700/957 1115/699/750 1108/692/425
f 1116/700/957 1117/701/958 1115/699/750
f 1117/701/958 1118/702/959 1115/699/750
f 1115/699/750 1118/702/959 1119/703/960
f 1115/699/750 1119/703/960 1114/698/293
f 1114/698/293 1119/703/960 1120/704/961
f 1114/698/293 1120/704/961 1113/697/956
f 1113/697/956 1120/704/961 1121/705/962
f 1121/705/962 1122/706/963 1113/697/956
f 1122/706/963 1112/696/955 1113/697/956
f 1122/706/963 1123/707/964 1112/696/955
f 1112/696/955 1123/707/964 1124/708/965
f 1111/695/954 1112/696/955 1124/708/965
f 1124/708/965 1125/709/966 1111/695/954
f 1126/710/967 1111/695/954 1125/709/966
f 1110/694/953 1111/695/954 1126/710/967
f 1126/710/967 1127/711/968 1110/694/953
f 1110/694/953 1127/711/968 1128/712/231
f 1110/694/953 1128/712/231 1108/692/425
f 1108/692/425 1128/712/231 1116/700/957
f 1129/713/969 1130/714/970 1131/715/971
f 1129/713/969 1132/716/736 1130/714/970
f 1133/717/972 1132/716/736 1129/713/969
f 1134/718/973 1121/705/962 1120/704/961
f 1120/704/961 1135/719/974 1134/718/973
f 1119/703/960 1135/719/974 1120/704/961
f 1119/703/960 1136/720/975 1135/719/974
f 1118/702/959 1136/720/975 1119/703/960
f 1136/720/975 1118/702/959 1129/713/969
f 1118/702/959 1117/701/958 1129/713/969
f 1129/713/969 1117/701/958 1133/717/972
f 1133/717/972 1117/701/958 1116/700/957
f 1116/700/957 1132/716/736 1133/717/972
f 1128/712/231 1132/716/736 1116/700/957
f 1128/712/231 1130/714/970 1132/716/736
f 1127/711/968 1130/714/970 1128/712/231
f 1131/715/971 1130/714/970 1127/711/968
f 1126/710/967 1131/715/971 1127/711/968
f 1137/721/976 1131/715/971 1126/710/967
f 1125/709/966 1137/721/976 1126/710/967
f 1138/722/977 1137/721/976 1125/709/966
f 1139/723/978 1138/722/977 1125/709/966
f 1140/724/979 1138/722/977 1139/723/978
f 1141/725/980 1140/724/979 1139/723/978
f 1142/726/979 1140/724/979 1141/725/980
f 1143/727/981 1142/726/979 1141/725/980
f 1144/728/982 1142/726/979 1143/727/981
f 1145/729/983 1144/728/982 1143/727/981
f 1146/730/984 1144/728/982 1145/729/983
f 1147/731/985 1146/730/984 1145/729/983
f 1148/732/986 1146/730/984 1147/731/985
f 1149/733/336 1148/732/986 1147/731/985
f 1150/734/971 1148/732/986 1149/733/336
f 1150/734/971 1149/733/336 1151/735/987
f 1150/734/971 1151/735/987 1152/736/988
f 1152/736/988 1151/735/987 1153/737/989
f 1154/738/990 1152/736/988 1153/737/989
f 1154/738/990 1153/737/989 1155/739/991
f 1154/738/990 1155/739/991 1156/740/992
f 1156/740/992 1152/736/988 1154/738/990
f 1156/740/992 1155/739/991 1157/741/993
f 1158/742/994 1159/743/995 1160/744/996
f 1161/745/493 1160/744/996 1159/743/995
f 1162/746/997 1161/745/493 1159/743/995
f 1163/747/998 1161/745/493 1162/746/997
f 1164/748/999 1165/749/1000 1166/750/1001
f 1164/748/999 1167/751/1002 1165/749/1000
f 1165/749/1000 1167/751/1002 1168/752/1003
f 1167/751/1002 1169/753/1004 1168/752/1003
f 1168/752/1003 1169/753/1004 1158/742/994
f 1169/753/1004 1159/743/995 1158/742/994
f 1170/754/1005 1159/743/995 1169/753/1004
f 1162/746/997 1159/743/995 1170/754/1005
f 1162/746/997 1170/754/1005 1171/755/1006
f 1162/746/997 1171/755/1006 1163/747/998
f 1163/747/998 1171/755/1006 1172/756/587
f 1172/756/587 1161/745/493 1163/747/998
f 1157/741/993 1161/745/493 1172/756/587
f 1157/741/993 1160/744/996 1161/745/493
f 1155/739/991 1160/744/996 1157/741/993
f 1173/757/1007 1160/744/996 1155/739/991
f 1155/739/991 1153/737/989 1173/757/1007
f 1153/737/989 1151/735/987 1173/757/1007
f 1174/758/122 1175/759/1008 1176/760/1009
f 1174/758/122 1176/760/1009 1177/761/1010
f 1177/761/1010 1176/760/1009 1178/762/1011
f 1171/755/1006 1170/754/1005 1178/762/1011
f 1178/762/1011 1170/754/1005 1177/761/1010
f 1170/754/1005 1169/753/1004 1177/761/1010
f 1177/761/1010 1169/753/1004 1167/751/1002
f 1177/761/1010 1167/751/1002 1174/758/122
f 1174/758/122 1167/751/1002 1164/748/999
f 1174/758/122 1164/748/999 1179/763/1012
f 1179/763/1012 1175/759/1008 1174/758/122
f 1175/759/1008 1179/763/1012 1180/764/1013
f 1158/742/410 1181/765/410 1168/752/1003
f 1182/766/1014 1134/718/973 1183/767/1015
f 1182/766/1014 1183/767/1015 1184/768/8
f 1184/768/8 1183/767/1015 1185/769/1008
f 1184/768/8 1185/769/1008 1186/770/1014
f 1186/770/1014 1185/769/1008 1180/764/1013
f 1180/764/1013 1179/763/1012 1186/770/1014
f 1179/763/1012 1166/750/1001 1186/770/1014
f 1179/763/1012 1164/748/999 1166/750/1001
f 1160/744/955 1173/757/1007 1158/742/994
f 1158/742/994 1173/757/1007 1181/765/1016
f 1166/750/1001 1165/749/1000 1187/771/462
f 1168/752/1003 1181/765/1016 1188/772/1017
f 1188/772/1017 1189/773/1018 1168/752/1003
f 1168/752/1003 1189/773/1018 1165/749/1000
f 1190/774/1019 1165/749/1000 1189/773/1018
f 1187/771/462 1165/749/1000 1190/774/1019
f 1191/775/1020 1187/771/462 1190/774/1019
f 1192/776/462 1187/771/462 1191/775/1020
f 1192/776/462 1166/750/1001 1187/771/462
f 1193/777/1021 1166/750/1001 1192/776/462
f 1186/770/1014 1166/750/1001 1193/777/1021
f 1193/777/1021 1184/768/8 1186/770/1014
f 1194/778/1022 1184/768/8 1193/777/1021
f 1194/778/1022 1182/766/1014 1184/768/8
f 1193/777/1021 1192/776/462 1194/778/1022
f 1173/757/1007 1151/735/987 1181/765/1016
f 1151/735/987 1149/733/336 1181/765/1016
f 1181/765/1016 1149/733/336 1188/772/1017
f 1149/733/336 1147/731/985 1188/772/1017
f 1188/772/1017 1147/731/985 1189/773/1018
f 1147/731/985 1145/729/983 1189/773/1018
f 1189/773/1018 1145/729/983 1190/774/1019
f 1145/729/983 1143/727/981 1190/774/1019
f 1190/774/1019 1143/727/981 1191/775/1020
f 1141/725/980 1191/775/1020 1143/727/981
f 1195/779/188 1191/775/1020 1141/725/980
f 1191/775/1020 1195/779/188 1192/776/462
f 1192/776/462 1195/779/188 1123/707/964
f 1194/778/1022 1192/776/462 1123/707/964
f 1194/778/1022 1123/707/964 1122/706/963
f 1122/706/963 1182/766/1014 1194/778/1022
f 1182/766/1014 1122/706/963 1121/705/962
f 1121/705/962 1134/718/973 1182/766/1014
f 1139/723/1023 1125/709/1023 1124/708/965
f 1141/725/980 1139/723/978 1195/779/188
f 1195/779/188 1139/723/978 1124/708/965
f 1124/708/965 1123/707/964 1195/779/188
f 1196/780/1024 1197/781/1024 1198/782/1024
f 1199/783/1025 1200/784/1026 1201/785/1027
f 1200/784/1026 1202/786/304 1201/785/1027
f 1201/785/1027 1202/786/304 1203/787/983
f 1202/786/304 1204/788/196 1203/787/983
f 1205/789/1028 1203/787/983 1204/788/196
f 1206/790/145 1203/787/983 1205/789/1028
f 1207/791/1029 1208/792/1030 1200/784/1026
f 1200/784/1026 1208/792/1030 1202/786/304
f 1202/786/304 1208/792/1030 1209/793/145
f 1209/793/145 1210/794/1031 1202/786/304
f 1210/794/1031 1204/788/196 1202/786/304
f 1210/794/1031 1211/795/1032 1204/788/196
f 1211/795/1032 1205/789/1028 1204/788/196
f 1028/648/1033 1205/789/1028 1211/795/1032
f 1206/790/145 1205/789/1028 1028/648/1033
f 1206/790/145 1028/648/1033 1030/650/1034
f 1212/796/1035 1213/797/1036 1209/793/145
f 1213/797/1036 1210/794/1031 1209/793/145
f 1213/797/1036 1214/798/1037 1210/794/1031
f 1214/798/1037 1211/795/1032 1210/794/1031
f 1211/795/1032 1214/798/1037 1215/799/1038
f 1211/795/1032 1215/799/1038 1028/648/1033
f 1028/648/1033 1215/799/1038 1216/800/1039
f 1029/649/1040 1028/648/1033 1216/800/1039
f 1217/801/1041 1029/649/1040 1216/800/1039
f 1218/802/1042 1029/649/1040 1217/801/1041
f 1218/802/1042 1217/801/1041 1219/803/1043
f 1217/801/1041 1220/804/1044 1219/803/1043
f 1221/805/1045 1222/806/151 1223/807/1046
f 1223/807/1046 1222/806/151 1224/808/1047
f 1222/806/151 1225/809/396 1224/808/1047
f 1224/808/1047 1225/809/396 1226/810/1048
f 1220/804/1044 1217/801/1041 1227/811/1042
f 1227/811/1042 1228/812/339 1220/804/1044
f 1229/813/1049 1228/812/339 1227/811/1042
f 1229/813/1049 1227/811/1042 1230/814/1050
f 1230/814/1050 1227/811/1042 1231/815/1051
f 1231/815/1051 1227/811/1042 1232/816/1052
f 1233/817/1053 1231/815/1051 1232/816/1052
f 1232/816/1052 1222/806/151 1233/817/1053
f 1222/806/151 1232/816/1052 1225/809/396
f 1225/809/396 1232/816/1052 1234/818/1054
f 1234/818/1054 1235/819/144 1225/809/396
f 1234/818/1054 1236/820/1055 1235/819/144
f 1234/818/1054 1215/799/1038 1236/820/1055
f 1237/821/1056 1236/820/1055 1215/799/1038
f 1215/799/1038 1214/798/1037 1237/821/1056
f 1214/798/1037 1238/822/1057 1237/821/1056
f 1238/822/1057 1214/798/1037 1213/797/1036
f 1213/797/1036 1239/823/1058 1238/822/1057
f 1227/811/1042 1217/801/1041 1232/816/1052
f 1217/801/1041 1234/818/1054 1232/816/1052
f 1216/800/1039 1234/818/1054 1217/801/1041
f 1216/800/1039 1215/799/1038 1234/818/1054
f 1240/824/81 1241/825/1059 1242/826/1060
f 1240/824/81 1242/826/1060 1243/827/1061
f 1243/827/1061 1242/826/1060 1244/828/1062
f 1243/827/1061 1244/828/1062 1245/829/1063
f 1243/827/1061 1245/829/1063 1246/830/1064
f 1247/831/1065 1243/827/1061 1246/830/1064
f 1248/832/1066 1243/827/1061 1247/831/1065
f 1248/832/1066 1240/824/81 1243/827/1061
f 1249/833/1067 1240/824/81 1248/832/1066
f 1250/834/140 1240/824/81 1249/833/1067
f 1251/835/604 1240/824/81 1250/834/140
f 1251/835/604 1241/825/1059 1240/824/81
f 1252/836/1068 1241/825/1059 1251/835/604
f 1252/836/1068 1253/837/1069 1241/825/1059
f 1241/825/1059 1253/837/1069 1254/838/1070
f 1241/825/1059 1254/838/1070 1255/839/1071
f 1242/826/1060 1241/825/1059 1255/839/1071
f 1256/840/1072 1242/826/1060 1255/839/1071
f 1256/840/1072 1244/828/1062 1242/826/1060
f 1257/841/218 1244/828/1062 1256/840/1072
f 1257/841/218 1258/842/1073 1244/828/1062
f 1258/842/1073 1245/829/1063 1244/828/1062
f 1259/843/1074 1260/844/1075 1261/845/199
f 1262/846/1076 1245/829/1063 1258/842/1073
f 1262/846/1076 1261/845/199 1245/829/1063
f 1261/845/199 1260/844/1075 1245/829/1063
f 1246/830/1064 1245/829/1063 1260/844/1075
f 1246/830/1064 1260/844/1075 1259/843/1074
f 1247/831/1065 1246/830/1064 1259/843/1074
f 1247/831/1065 1259/843/1074 1263/847/1077
f 1263/847/1077 1264/848/932 1247/831/1065
f 1264/848/932 1265/849/1078 1247/831/1065
f 1247/831/1065 1265/849/1078 1266/850/1079
f 1266/850/1079 1267/851/1080 1247/831/1065
f 1247/831/1065 1267/851/1080 1248/832/1066
f 1267/851/1080 1268/852/511 1248/832/1066
f 1268/852/511 1269/853/511 1248/832/1066
f 1248/832/1066 1269/853/511 1249/833/1067
f 1249/833/1067 1269/853/511 1270/854/1081
f 1250/834/140 1249/833/1067 1270/854/1081
f 1270/854/1081 1271/855/1082 1250/834/140
f 1270/854/1081 1269/853/511 1272/856/1083
f 1270/854/1081 1272/856/1083 1271/855/1082
f 1271/855/1082 1272/856/1083 1273/857/1084
f 1274/858/1085 1275/859/1085 1276/860/1085
f 1277/861/1086 1278/862/1087 1279/863/1088
f 1278/862/1087 1280/864/1089 1279/863/1088
f 1279/863/1088 1280/864/1089 1281/865/1090
f 1281/865/1090 1282/866/1091 1283/867/1092
f 1281/865/1090 1280/864/1089 1282/866/1091
f 1282/866/1091 1280/864/1089 1284/868/1093
f 1280/864/1089 1285/869/1094 1284/868/1093
f 1285/869/1094 1280/864/1089 1278/862/1087
f 1286/870/1095 1285/869/1094 1278/862/1087
f 1287/871/1096 1288/872/436 1289/873/1097
f 1290/874/425 1288/872/436 1287/871/1096
f 1288/872/436 1290/874/425 1284/868/1093
f 1291/875/1098 1288/872/436 1284/868/1093
f 1284/868/1093 1285/869/1094 1291/875/1098
f 1292/876/1099 1291/875/1098 1285/869/1094
f 1292/876/1099 1285/869/1094 1286/870/1095
f 1292/876/1099 1286/870/1095 1293/877/460
f 1293/877/460 1286/870/1095 1294/878/1100
f 1294/878/1100 1286/870/1095 1278/862/1087
f 1295/879/1101 1294/878/1100 1278/862/1087
f 1295/879/1101 1278/862/1087 1277/861/1086
f 1277/861/1086 1296/880/1058 1295/879/1101
f 1295/879/1101 1296/880/1058 1199/783/1025
f 1292/876/1099 1293/877/460 1297/881/1102
f 1298/882/1103 1297/881/1102 1299/883/1104
f 1297/881/1102 1293/877/460 1299/883/1104
f 1299/883/1104 1293/877/460 1300/884/811
f 1300/884/811 1293/877/460 1301/885/1105
f 1301/885/1105 1302/886/1033 1300/884/811
f 1302/886/1033 1303/887/151 1300/884/811
f 1300/884/811 1303/887/151 1299/883/1104
f 1304/888/1106 1299/883/1104 1303/887/151
f 1298/882/1103 1299/883/1104 1304/888/1106
f 1305/889/1107 1298/882/1103 1304/888/1106
f 1306/890/362 1298/882/1103 1305/889/1107
f 1305/889/1107 1307/891/1108 1306/890/362
f 1307/891/1108 1298/882/1103 1306/890/362
f 1308/892/1109 1298/882/1103 1307/891/1108
f 1308/892/1109 1297/881/1102 1298/882/1103
f 1308/892/1109 1309/893/1110 1297/881/1102
f 1297/881/1102 1309/893/1110 1292/876/1099
f 1292/876/1099 1309/893/1110 1291/875/1098
f 1305/889/1107 1304/888/1106 1303/887/151
f 1303/887/151 1302/886/1033 1310/894/1111
f 1305/889/1107 1303/887/151 1310/894/1111
f 1305/889/1107 1310/894/1111 1311/895/1112
f 1311/895/1112 1307/891/1108 1305/889/1107
f 1308/892/1109 1307/891/1108 1311/895/1112
f 1311/895/1112 1312/896/1113 1308/892/1109
f 1312/896/1113 1309/893/1110 1308/892/1109
f 1311/895/1112 1310/894/1111 1313/897/132
f 1313/897/132 1314/898/1114 1311/895/1112
f 1311/895/1112 1314/898/1114 1315/899/1115
f 1315/899/1115 1312/896/1113 1311/895/1112
f 1315/899/1115 1314/898/1114 1312/896/1113
f 1235/819/144 1236/820/1055 1316/900/1116
f 1235/819/144 1226/810/1048 1225/809/396
f 1317/901/712 1226/810/1048 1235/819/144
f 1235/819/144 1316/900/1116 1317/901/712
f 1317/901/712 1316/900/1116 1301/885/1105
f 1316/900/1116 1302/886/1033 1301/885/1105
f 1236/820/1055 1302/886/1033 1316/900/1116
f 1310/894/1111 1302/886/1033 1236/820/1055
f 1310/894/1111 1236/820/1055 1237/821/1056
f 1313/897/132 1310/894/1111 1237/821/1056
f 1237/821/1056 1238/822/1057 1313/897/132
f 1313/897/132 1238/822/1057 1314/898/1114
f 1238/822/1057 1239/823/1058 1314/898/1114
f 1239/823/1058 1312/896/1113 1314/898/1114
f 1239/823/1058 1318/902/935 1312/896/1113
f 1312/896/1113 1318/902/935 1309/893/1110
f 1319/903/1117 1309/893/1110 1318/902/935
f 1291/875/1098 1309/893/1110 1319/903/1117
f 1319/903/1117 1288/872/436 1291/875/1098
f 1320/904/1118 1321/905/1119 1288/872/436
f 1319/903/1117 1320/904/1118 1288/872/436
f 1322/906/50 1320/904/1118 1319/903/1117
f 1319/903/1117 1318/902/935 1322/906/50
f 1322/906/50 1318/902/935 1323/907/318
f 1239/823/1058 1323/907/318 1318/902/935
f 1324/908/1120 1323/907/318 1239/823/1058
f 1213/797/1036 1324/908/1120 1239/823/1058
f 1325/909/130 1324/908/1120 1213/797/1036
f 1213/797/1036 1212/796/1035 1325/909/130
f 1325/909/130 1212/796/1035 1326/910/1121
f 1326/910/1121 1212/796/1035 1327/911/1122
f 1327/911/1122 1328/912/352 1326/910/1121
f 429/395/131 1329/913/1040 431/397/399
f 431/397/399 1329/913/1040 1330/914/358
f 1330/914/358 1329/913/1040 1331/915/1123
f 1331/915/1123 1328/912/352 1330/914/358
f 1328/912/352 1331/915/1123 1332/916/1124
f 1326/910/1121 1328/912/352 1332/916/1124
f 1326/910/1121 1332/916/1124 1325/909/130
f 1325/909/130 1332/916/1124 1333/917/1125
f 1333/917/1125 1324/908/1120 1325/909/130
f 1333/917/1125 1334/918/1126 1324/908/1120
f 1324/908/1120 1334/918/1126 1323/907/318
f 1335/919/1127 1323/907/318 1334/918/1126
f 1322/906/50 1323/907/318 1335/919/1127
f 1336/920/1128 1322/906/50 1335/919/1127
f 1320/904/1118 1322/906/50 1336/920/1128
f 1337/921/338 1320/904/1118 1336/920/1128
f 1321/905/1119 1320/904/1118 1337/921/338
f 1338/922/1129 1321/905/1119 1337/921/338
f 429/395/131 427/393/396 1329/913/1040
f 1329/913/1040 427/393/396 1339/923/1130
f 1331/915/1123 1329/913/1040 1339/923/1130
f 1339/923/1130 1340/924/1131 1331/915/1123
f 1332/916/1124 1331/915/1123 1340/924/1131
f 1332/916/1124 1340/924/1131 1341/925/1132
f 1333/917/1125 1332/916/1124 1341/925/1132
f 1341/925/1132 1334/918/1126 1333/917/1125
f 1342/926/1044 1334/918/1126 1341/925/1132
f 1334/918/1126 1342/926/1044 1335/919/1127
f 1335/919/1127 1342/926/1044 1343/927/1133
f 1335/919/1127 1343/927/1133 1336/920/1128
f 1344/928/407 425/391/394 423/389/392
f 423/389/392 1345/929/401 1344/928/407
f 422/388/391 1345/929/401 423/389/392
f 1345/929/401 422/388/391 421/387/390
f 420/386/389 1345/929/401 421/387/390
f 1346/930/456 1345/929/401 420/386/389
f 1346/930/456 1344/928/407 1345/929/401
f 1347/931/1134 1344/928/407 1346/930/456
f 1344/928/407 1347/931/1134 425/391/394
f 425/391/394 1347/931/1134 1348/932/1118
f 425/391/394 1348/932/1118 427/393/396
f 427/393/396 1348/932/1118 1339/923/1130
f 1348/932/1118 1340/924/1131 1339/923/1130
f 1340/924/1131 1348/932/1118 1349/933/1135
f 1341/925/1132 1340/924/1131 1349/933/1135
f 1349/933/1135 1342/926/1044 1341/925/1132
f 1343/927/1133 1342/926/1044 1349/933/1135
f 1349/933/1135 1350/934/1136 1343/927/1133
f 1349/933/1135 1348/932/1118 1350/934/1136
f 1348/932/1118 1347/931/1134 1350/934/1136
f 1350/934/1136 1347/931/1134 418/384/387
f 418/384/387 1347/931/1134 1346/930/456
f 420/386/389 418/384/387 1346/930/456
f 1351/935/1137 1338/922/1138 1337/921/338
f 1337/921/338 1352/936/968 1351/935/1137
f 1337/921/338 1336/920/1128 1352/936/968
f 1336/920/1128 1343/927/1133 1352/936/968
f 1343/927/1133 1353/937/1139 1352/936/968
f 1343/927/1133 1350/934/1136 1353/937/1139
f 1350/934/1136 419/385/388 1353/937/1139
f 418/384/387 419/385/388 1350/934/1136
f 400/366/369 411/377/380 1354/938/769
f 1354/938/769 397/363/366 400/366/369
f 1355/939/1140 397/363/366 1354/938/769
f 1356/940/966 397/363/366 1355/939/1140
f 1356/940/966 398/364/367 397/363/366
f 1351/935/1137 398/364/367 1356/940/966
f 417/383/386 398/364/367 1351/935/1137
f 1357/941/1141 417/383/386 1351/935/1137
f 1351/935/1137 1352/936/968 1357/941/1141
f 1352/936/968 1353/937/1139 1357/941/1141
f 1353/937/1139 419/385/388 1357/941/1141
f 419/385/388 417/383/386 1357/941/1141
f 419/385/388 416/382/385 417/383/386
f 1356/940/966 1338/922/1138 1351/935/1137
f 1355/939/1140 1338/922/890 1356/940/966
f 1358/942/1142 1321/905/1143 1338/922/1144
f 1338/922/1145 1359/943/1146 1358/942/1142
f 1358/942/1142 1359/943/1146 1360/944/1147
f 1360/944/1147 1289/873/1097 1358/942/1142
f 1358/942/1142 1289/873/1097 1321/905/1143
f 1321/905/1143 1289/873/1097 1288/872/811
f 1359/943/1146 1338/922/1148 1355/939/1140
f 411/377/380 1361/945/150 1354/938/769
f 1361/945/150 1362/946/39 1354/938/769
f 1362/946/39 1355/939/1140 1354/938/769
f 1363/947/1149 1355/939/1140 1362/946/39
f 1359/943/1146 1355/939/1140 1363/947/1149
f 1359/943/1146 1363/947/1149 1364/948/1150
f 1359/943/1146 1364/948/1150 1360/944/1147
f 1360/944/1147 1364/948/1150 1365/949/880
f 1365/949/880 1289/873/1097 1360/944/1147
f 1365/949/880 1366/950/1151 1289/873/1097
f 1289/873/1097 1366/950/1151 1287/871/1096
f 1367/951/1152 1287/871/1096 1366/950/1151
f 1368/952/1153 1287/871/1096 1367/951/1152
f 1368/952/1153 1290/874/425 1287/871/1096
f 1369/953/460 1290/874/425 1368/952/1153
f 1290/874/425 1369/953/460 1284/868/1093
f 1284/868/1093 1369/953/460 1370/954/1154
f 1284/868/1093 1370/954/1154 1282/866/1091
f 1369/953/460 1371/955/1155 1370/954/1154
f 1372/956/469 1371/955/462 1369/953/460
f 1369/953/460 1368/952/1153 1372/956/469
f 1372/956/469 1368/952/1153 1373/957/437
f 1368/952/1153 1367/951/1152 1373/957/437
f 1365/949/880 1364/948/1150 1366/950/1151
f 536/502/479 533/499/476 535/501/478
f 1366/950/1151 1364/948/1150 1374/958/1156
f 534/500/477 1366/950/1151 1374/958/1156
f 1367/951/1152 1366/950/1151 534/500/477
f 534/500/477 533/499/476 1367/951/1152
f 1373/957/437 1367/951/1152 533/499/476
f 1373/957/437 533/499/476 536/502/479
f 536/502/479 1375/959/449 1373/957/437
f 536/502/479 537/503/480 1375/959/449
f 1376/960/294 1375/959/449 537/503/480
f 537/503/480 1377/961/1157 1376/960/294
f 1377/961/1157 537/503/480 538/504/481
f 538/504/481 1378/962/661 1377/961/1157
f 554/520/496 1378/962/661 538/504/481
f 554/520/496 1379/963/1158 1378/962/661
f 554/520/496 553/519/495 1379/963/1158
f 1380/964/1159 1379/963/1158 553/519/495
f 552/518/494 1380/964/1159 553/519/495
f 552/518/494 1381/965/1160 1380/964/1159
f 1373/957/437 1375/959/449 1372/956/469
f 1375/959/449 1371/955/1161 1372/956/469
f 1380/964/1159 1381/965/1160 1382/966/227
f 1382/966/227 1379/963/1158 1380/964/1159
f 1381/965/1160 552/518/494 556/522/498
f 1381/965/1160 556/522/498 1382/966/227
f 1382/966/227 556/522/498 558/524/500
f 558/524/500 1379/963/1158 1382/966/227
f 560/526/502 1379/963/1158 558/524/500
f 1378/962/661 1379/963/1158 560/526/502
f 560/526/502 564/530/505 1378/962/661
f 566/532/507 1378/962/661 564/530/505
f 1377/961/1157 1378/962/661 566/532/507
f 1377/961/1157 566/532/507 568/534/509
f 1376/960/294 1377/961/1157 568/534/509
f 568/534/509 570/536/442 1376/960/294
f 570/536/442 1383/967/963 1376/960/294
f 1376/960/294 1383/967/963 1375/959/449
f 1384/968/1162 1375/959/449 1383/967/963
f 1371/955/1161 1375/959/449 1384/968/1162
f 1385/969/1163 1371/955/1161 1384/968/1162
f 1386/970/1164 1371/955/1161 1385/969/1163
f 1387/971/1165 1388/972/1166 1385/969/1163
f 1387/971/1165 1385/969/1163 1384/968/1162
f 1389/973/1167 1387/971/1165 1384/968/1162
f 1384/968/1162 1383/967/963 1389/973/1167
f 1389/973/1167 1383/967/963 572/538/511
f 1383/967/963 570/536/442 572/538/511
f 572/538/511 574/540/513 1389/973/1167
f 1390/974/859 574/540/513 575/541/514
f 575/541/514 1391/975/1168 1390/974/859
f 1391/975/1168 574/540/513 1390/974/859
f 1392/976/1169 574/540/513 1391/975/1168
f 574/540/513 1392/976/1169 1389/973/1167
f 1389/973/1167 1392/976/1169 1393/977/1170
f 1393/977/1170 1387/971/1165 1389/973/1167
f 1393/977/1170 1394/978/460 1387/971/1165
f 1387/971/1165 1394/978/460 1388/972/1166
f 1388/972/1166 1394/978/460 1395/979/1171
f 1395/979/1171 1396/980/1172 1388/972/1166
f 1388/972/1166 1396/980/1172 1385/969/1163
f 1396/980/1172 1397/981/1173 1385/969/1163
f 1385/969/1163 1397/981/1173 1386/970/1164
f 1397/981/1173 1283/867/1092 1386/970/1164
f 1283/867/1092 1282/866/1091 1386/970/1164
f 1282/866/1091 1371/955/1161 1386/970/1164
f 1371/955/1161 1282/866/1091 1370/954/1154
f 1398/982/1174 1396/980/1172 1395/979/1171
f 1399/983/1175 1397/981/1173 1396/980/1172
f 1398/982/1174 1399/983/1175 1396/980/1172
f 1399/983/1175 1398/982/1174 1400/984/76
f 1400/984/76 1398/982/1174 1401/985/1176
f 1401/985/1176 1402/986/1177 1400/984/76
f 1401/985/1176 1403/987/1178 1402/986/1177
f 1400/984/76 1402/986/1177 1404/988/1179
f 1405/989/99 1406/990/1180 1407/991/1181
f 1408/992/92 1409/993/282 1410/994/1182
f 1408/992/92 1402/986/1177 1409/993/282
f 1411/995/1005 1409/993/282 1402/986/1177
f 1402/986/1177 1403/987/1178 1411/995/1005
f 1403/987/1178 1407/991/1181 1411/995/1005
f 1407/991/1181 1412/996/1183 1411/995/1005
f 1407/991/1181 1406/990/1180 1412/996/1183
f 1406/990/1180 1413/997/1184 1412/996/1183
f 1196/780/1185 1413/997/1184 1406/990/1180
f 1405/989/99 1196/780/1185 1406/990/1180
f 1405/989/99 1197/781/1186 1196/780/1185
f 1412/996/1183 1413/997/1184 1414/998/451
f 1411/995/1005 1412/996/1183 1414/998/451
f 1411/995/1005 1414/998/451 1415/999/141
f 1415/999/141 1409/993/282 1411/995/1005
f 1415/999/141 303/269/284 1409/993/282
f 303/269/284 1415/999/141 305/271/286
f 1415/999/141 1414/998/451 305/271/286
f 1414/998/451 1416/1000/1187 305/271/286
f 1414/998/451 1413/997/1184 1416/1000/1187
f 1417/1001/1188 1416/1000/1187 1413/997/1184
f 1196/780/1185 1417/1001/1188 1413/997/1184
f 1418/1002/1189 1417/1001/1188 1196/780/1185
f 1198/782/1190 1418/1002/1189 1196/780/1185
f 1418/1002/1189 1198/782/1190 1419/1003/1191
f 1419/1003/1191 1198/782/1190 1420/1004/1192
f 1420/1004/1192 1421/1005/1193 1419/1003/1191
f 1419/1003/1191 1421/1005/1193 1422/1006/1194
f 1423/1007/1195 1419/1003/1191 1422/1006/1194
f 1424/1008/1196 1423/1007/1195 1422/1006/1194
f 1425/1009/1197 1423/1007/1195 1424/1008/1196
f 1426/1010/1198 1423/1007/1195 1425/1009/1197
f 1427/1011/1199 1423/1007/1195 1426/1010/1198
f 1427/1011/1199 1428/1012/1200 1423/1007/1195
f 1428/1012/1200 1419/1003/1191 1423/1007/1195
f 1429/1013/1201 1419/1003/1191 1428/1012/1200
f 1418/1002/1189 1419/1003/1191 1429/1013/1201
f 1429/1013/1201 1430/1014/1202 1418/1002/1189
f 1418/1002/1189 1430/1014/1202 1417/1001/1188
f 1430/1014/1202 1431/1015/1203 1417/1001/1188
f 1431/1015/1203 1416/1000/1187 1417/1001/1188
f 1431/1015/1203 1432/1016/1204 1416/1000/1187
f 305/271/286 1416/1000/1187 1432/1016/1204
f 305/271/286 1432/1016/1204 573/539/512
f 305/271/286 573/539/512 306/272/287
f 306/272/287 573/539/512 571/537/106
f 308/274/289 306/272/287 571/537/106
f 571/537/106 569/535/510 308/274/289
f 569/535/510 310/276/291 308/274/289
f 567/533/508 310/276/291 569/535/510
f 567/533/508 311/277/828 310/276/291
f 573/539/512 1432/1016/1204 575/541/514
f 1433/1017/1205 575/541/514 1432/1016/1204
f 1433/1017/1205 1432/1016/1204 1431/1015/1203
f 1434/1018/1206 1431/1015/1203 1430/1014/1202
f 1431/1015/1203 1434/1018/1206 1433/1017/1205
f 1433/1017/1205 1434/1018/1206 1391/975/1168
f 1433/1017/1205 1391/975/1168 575/541/514
f 1435/1019/1207 1428/1012/1200 1427/1011/1199
f 1428/1012/1200 1435/1019/1207 1436/1020/178
f 1437/1021/1208 1428/1012/1200 1436/1020/178
f 1429/1013/1201 1428/1012/1200 1437/1021/1208
f 1429/1013/1201 1437/1021/1208 1438/1022/1209
f 1429/1013/1201 1438/1022/1209 1430/1014/1202
f 1430/1014/1202 1438/1022/1209 1439/1023/1210
f 1430/1014/1202 1439/1023/1210 1440/1024/1211
f 1440/1024/1211 1434/1018/1206 1430/1014/1202
f 1441/1025/178 1434/1018/1206 1440/1024/1211
f 1442/1026/1212 1434/1018/1206 1441/1025/178
f 1442/1026/1212 1391/975/1168 1434/1018/1206
f 1442/1026/1212 1443/1027/415 1391/975/1168
f 1392/976/1169 1391/975/1168 1443/1027/415
f 1442/1026/1212 1441/1025/178 1444/1028/1213
f 1445/1029/1214 1446/1012/1215 1436/1020/178
f 1436/1020/178 1446/1012/1215 1447/1030/1216
f 1436/1020/178 1447/1030/1216 1437/1021/1208
f 1437/1021/1208 1447/1030/1216 1448/1031/1217
f 1437/1021/1208 1448/1031/1217 1438/1022/1209
f 1438/1022/1209 1448/1031/1217 1449/1032/390
f 1438/1022/1209 1449/1032/390 1439/1023/1210
f 1439/1023/1210 1449/1032/390 1450/1033/1218
f 1439/1023/1210 1450/1033/1218 1440/1024/1211
f 1440/1024/1211 1450/1033/1218 1451/1034/1219
f 1440/1024/1211 1451/1034/1219 1441/1025/178
f 1441/1025/178 1451/1034/1219 1452/1035/1220
f 1444/1028/1213 1441/1025/178 1452/1035/1220
f 1453/1036/1221 1444/1028/1213 1452/1035/1220
f 1444/1028/1213 1453/1036/1221 1442/1026/1212
f 1442/1026/1212 1453/1036/1221 1454/1037/697
f 1454/1037/697 1443/1027/415 1442/1026/1212
f 1453/1036/1221 1443/1027/415 1454/1037/697
f 1392/976/1169 1443/1027/415 1453/1036/1221
f 1392/976/1169 1453/1036/1221 1393/977/1170
f 1450/1033/1218 1394/978/460 1451/1034/1219
f 1451/1034/1219 1394/978/460 1452/1035/1220
f 1452/1035/1220 1394/978/460 1393/977/1170
f 1393/977/1170 1453/1036/1221 1452/1035/1220
f 1455/1038/1222 1456/1039/1109 1457/1040/1223
f 1458/1041/1224 1456/1039/1109 1455/1038/1222
f 1456/1039/1109 1458/1041/1224 1459/1042/608
f 1460/1043/1225 1461/1044/1226 1462/1045/1227
f 1463/1046/1228 1460/1043/1225 1462/1045/1227
f 1464/1047/365 1463/1046/1228 1462/1045/1227
f 1464/1047/365 1462/1045/1227 1457/1040/1223
f 1457/1040/1223 1462/1045/1227 1455/1038/1222
f 1462/1045/1227 1461/1044/1226 1455/1038/1222
f 1461/1044/1226 1458/1041/1224 1455/1038/1222
f 1465/1048/1229 1458/1041/1224 1461/1044/1226
f 1465/1048/1229 1466/1049/665 1458/1041/1224
f 1458/1041/1224 1466/1049/665 1467/1050/801
f 1459/1042/608 1458/1041/1224 1467/1050/801
f 1468/1051/1230 1459/1042/608 1467/1050/801
f 1469/1052/1033 1459/1042/608 1468/1051/1230
f 1469/1052/1033 1468/1051/1230 1470/1053/1231
f 1470/1053/1231 1468/1051/1230 1275/859/1232
f 1470/1053/1231 1275/859/1232 1274/858/1233
f 1471/1054/1039 1472/1055/1109 1473/1056/1234
f 1473/1056/1234 1472/1055/1109 1474/1057/978
f 1274/858/1233 1276/860/1235 1472/1055/1109
f 1472/1055/1109 1276/860/1235 1474/1057/978
f 1276/860/1235 1475/1058/1236 1474/1057/978
f 1475/1058/1236 1473/1056/1234 1474/1057/978
f 1476/1059/1237 1473/1056/1234 1475/1058/1236
f 1473/1056/1234 1476/1059/1237 1477/1060/1238
f 1477/1060/1238 1476/1059/1237 1478/1061/1239
f 1479/1062/1047 1477/1060/1238 1478/1061/1239
f 1479/1062/1047 1478/1061/1239 1480/1063/1047
f 1480/1063/1047 1478/1061/1239 1481/1064/425
f 1480/1063/1047 1481/1064/425 1482/1065/1240
f 1482/1065/1240 1481/1064/425 1483/1066/1241
f 1483/1066/1241 1484/1067/379 1482/1065/1240
f 1485/1068/1242 1484/1067/379 1483/1066/1241
f 1484/1067/379 1485/1068/1242 1486/1069/1243
f 1486/1069/1243 1485/1068/1242 1487/1070/1244
f 1488/1071/1245 1486/1069/1243 1487/1070/1244
f 1489/1072/1246 1486/1069/1243 1488/1071/1245
f 1490/1073/1247 1489/1072/1246 1488/1071/1245
f 1491/1074/1248 1489/1072/1246 1490/1073/1247
f 1490/1073/1247 1492/1075/1249 1491/1074/1248
f 1493/1076/1250 1492/1075/1249 1490/1073/1247
f 1494/1077/901 1492/1075/1249 1493/1076/1250
f 1494/1077/901 1493/1076/1250 1460/1043/1225
f 1493/1076/1250 1461/1044/1226 1460/1043/1225
f 1490/1073/1247 1461/1044/1226 1493/1076/1250
f 1461/1044/1226 1490/1073/1247 1465/1048/1229
f 1465/1048/1229 1490/1073/1247 1488/1071/1245
f 1465/1048/1229 1488/1071/1245 1466/1049/665
f 1466/1049/665 1488/1071/1245 1487/1070/1244
f 1487/1070/1244 1495/1078/1251 1466/1049/665
f 1485/1068/1242 1495/1078/1251 1487/1070/1244
f 1495/1078/1251 1485/1068/1242 1496/1079/1252
f 1496/1079/1252 1485/1068/1242 1483/1066/1241
f 1496/1079/1252 1483/1066/1241 1497/1080/1253
f 1497/1080/1253 1483/1066/1241 1481/1064/425
f 1481/1064/425 1475/1058/1236 1497/1080/1253
f 1478/1061/1239 1475/1058/1236 1481/1064/425
f 1478/1061/1239 1476/1059/1237 1475/1058/1236
f 1466/1049/665 1495/1078/1251 1467/1050/801
f 1467/1050/801 1495/1078/1251 1468/1051/1230
f 1495/1078/1251 1496/1079/1252 1468/1051/1230
f 1468/1051/1230 1496/1079/1252 1275/859/1232
f 1496/1079/1252 1497/1080/1253 1275/859/1232
f 1275/859/1232 1497/1080/1253 1276/860/1235
f 1497/1080/1253 1475/1058/1236 1276/860/1235
f 1498/1081/1254 1499/1082/1255 1500/1083/1256
f 1498/1081/1254 1501/1084/1257 1499/1082/1255
f 1499/1082/1255 1501/1084/1257 1502/1085/1258
f 1501/1084/1257 1503/1086/592 1502/1085/1258
f 1503/1086/592 1504/1087/1259 1502/1085/1258
f 1505/1088/1260 1504/1087/1259 1503/1086/592
f 1505/1088/1260 1506/1089/1261 1504/1087/1259
f 1506/1089/1261 1507/1090/1262 1504/1087/1259
f 1504/1087/1259 1507/1090/1262 1508/1091/1263
f 1507/1090/1262 1509/1092/1264 1508/1091/1263
f 1509/1092/1264 1510/1093/1265 1508/1091/1263
f 1510/1093/1265 1511/1094/1266 1508/1091/1263
f 1512/1095/1267 1511/1094/1266 1510/1093/1265
f 1512/1095/1267 1513/1096/558 1511/1094/1266
f 1513/1096/558 1514/1097/528 1511/1094/1266
f 1511/1094/1266 1514/1097/528 1515/1098/1268
f 1499/1082/1255 1502/1085/1258 1516/1099/1269
f 1502/1085/1258 1504/1087/1259 1516/1099/1269
f 1504/1087/1259 1508/1091/1263 1516/1099/1269
f 1508/1091/1263 1511/1094/1266 1516/1099/1269
f 1511/1094/1266 1515/1098/1268 1516/1099/1269
f 1517/1100/1270 1518/1101/1271 1519/1102/1272
f 1519/1102/1272 1518/1101/1271 1520/1103/1273
f 1518/1101/1271 1521/1104/1274 1520/1103/1273
f 1521/1104/1274 1522/1105/1275 1520/1103/1273
f 1523/1106/1276 1524/1107/1277 1516/1099/1269
f 1524/1107/1277 1525/1108/809 1516/1099/1269
f 1514/1097/528 1517/1100/1270 1515/1098/1268
f 1515/1098/1268 1517/1100/1270 1519/1102/1272
f 1515/1098/1268 1519/1102/1272 1516/1099/1269
f 1519/1102/1272 1520/1103/1273 1516/1099/1269
f 1520/1103/1273 1523/1106/1276 1516/1099/1269
f 1520/1103/1273 1522/1105/1275 1523/1106/1276
f 1522/1105/1275 1524/1107/1277 1523/1106/1276
f 1526/1109/1278 1524/1107/1277 1522/1105/1275
f 1526/1109/1278 1525/1108/809 1524/1107/1277
f 1527/1110/1279 1525/1108/809 1526/1109/1278
f 1527/1110/1279 1528/1111/735 1525/1108/809
f 1528/1111/735 1529/1112/1280 1525/1108/809
f 1525/1108/809 1529/1112/1280 1530/1113/1281
f 1525/1108/809 1530/1113/1281 1516/1099/1269
f 1530/1113/1281 1531/1114/1282 1516/1099/1269
f 1531/1114/1282 1532/1115/1283 1516/1099/1269
f 1532/1115/1283 1499/1082/1255 1516/1099/1269
f 1533/1116/1284 1499/1082/1255 1532/1115/1283
f 1534/1117/756 1535/1118/1285 1536/1119/1286
f 1534/1117/756 1537/1120/1277 1535/1118/1285
f 1535/1118/1285 1537/1120/1277 1538/1121/1287
f 1500/1083/1256 1499/1082/1255 1533/1116/1284
f 1539/1122/1288 1500/1083/1256 1533/1116/1284
f 1540/1123/1289 1500/1083/1256 1539/1122/1288
f 1540/1123/1289 1539/1122/1288 1537/1120/1277
f 1537/1120/1277 1539/1122/1288 1538/1121/1287
f 1538/1121/1287 1539/1122/1288 1532/1115/1283
f 1535/1118/1285 1538/1121/1287 1532/1115/1283
f 1541/1124/1290 1535/1118/1285 1532/1115/1283
f 1536/1119/1286 1535/1118/1285 1541/1124/1290
f 1542/1125/1291 1536/1119/1286 1541/1124/1290
f 1543/1126/1292 1536/1119/1286 1542/1125/1291
f 1531/1114/1282 1543/1126/1292 1542/1125/1291
f 1544/1127/627 1543/1126/1292 1531/1114/1282
f 1545/1128/578 1544/1127/627 1531/1114/1282
f 1546/1129/578 1545/1128/578 1531/1114/1282
f 1546/1129/578 1531/1114/1282 1547/1130/414
f 1547/1130/414 1531/1114/1282 1530/1113/1281
f 1529/1112/1280 1547/1130/414 1530/1113/1281
f 1539/1122/1288 1533/1116/1284 1532/1115/1283
f 1542/1125/1291 1532/1115/1283 1531/1114/1282
f 1542/1125/1291 1541/1124/1290 1532/1115/1283
f 1548/1131/1293 1549/1132/1294 1550/1133/1295
f 1551/1134/1296 1550/1133/1295 1549/1132/1294
f 1552/1135/1297 1550/1133/1295 1551/1134/1296
f 1553/1136/1298 1552/1135/1297 1551/1134/1296
f 1554/1137/593 1553/1136/1298 1551/1134/1296
f 1554/1137/593 1555/1138/1299 1553/1136/1298
f 1553/1136/1298 1555/1138/1299 1556/1139/1300
f 1555/1138/1299 1557/1140/1301 1556/1139/1300
f 1558/1141/1302 1557/1140/1301 1555/1138/1299
f 1555/1138/1299 1559/1142/560 1558/1141/1302
f 1554/1137/593 1559/1142/560 1555/1138/1299
f 1560/1143/1303 1559/1142/560 1554/1137/593
f 1554/1137/593 1551/1134/1296 1560/1143/1303
f 1560/1143/1303 1551/1134/1296 1561/1144/1304
f 1562/1145/1305 1563/1146/127 1564/1147/720
f 1563/1146/127 1562/1145/1305 1558/1141/1302
f 1558/1141/1302 1562/1145/1305 1565/1148/1306
f 1558/1141/1302 1565/1148/1306 1557/1140/1301
f 1557/1140/1301 1565/1148/1306 1566/1149/1307
f 1557/1140/1301 1566/1149/1307 1556/1139/1300
f 1556/1139/1300 1566/1149/1307 1567/1150/1308
f 1568/1151/519 1556/1139/1300 1567/1150/1308
f 1553/1136/1298 1556/1139/1300 1568/1151/519
f 1553/1136/1298 1568/1151/519 1569/1152/1309
f 1553/1136/1298 1569/1152/1309 1552/1135/1297
f 1552/1135/1297 1569/1152/1309 1570/1153/1310
f 1552/1135/1297 1570/1153/1310 1550/1133/1295
f 1550/1133/1295 1570/1153/1310 1571/1154/1311
f 1548/1131/1293 1550/1133/1295 1571/1154/1311
f 1571/1154/1311 1572/1155/509 1548/1131/1293
f 1548/1131/1293 1572/1155/509 1573/1156/1312
f 1574/1157/1313 1573/1156/1312 1572/1155/509
f 1575/1158/1314 1573/1156/1312 1574/1157/1313
f 1574/1157/1313 1576/1159/1315 1575/1158/1314
f 1575/1158/1314 1576/1159/1315 1577/1160/451
f 1571/1154/1311 1570/1153/1310 1572/1155/509
f 1578/1161/1316 1579/1162/1317 1580/1163/1318
f 1579/1162/1317 1581/1164/812 1580/1163/1318
f 1580/1163/1318 1581/1164/812 1582/1165/410
f 1582/1165/410 1581/1164/812 1583/1166/413
f 1581/1164/812 1584/1167/1319 1583/1166/413
f 1583/1166/413 1584/1167/1319 1585/1168/1320
f 1585/1168/1320 1586/1169/1186 1587/1170/1321
f 1587/1170/1321 1586/1169/1186 1588/1171/920
f 1589/1172/1322 1590/1173/1323 1591/1174/1324
f 1591/1174/1324 1592/1175/1325 1589/1172/1322
f 1591/1174/1324 1593/1176/1326 1592/1175/1325
f 1592/1175/1325 1593/1176/1326 1594/1177/1327
f 1593/1176/1326 1595/1178/1328 1594/1177/1327
f 1594/1177/1327 1595/1178/1328 1578/1161/1316
f 1595/1178/1328 1579/1162/1317 1578/1161/1316
f 1579/1162/1317 1595/1178/1328 1596/1179/1329
f 1579/1162/1317 1596/1179/1329 1581/1164/812
f 1581/1164/812 1596/1179/1329 1597/1180/1330
f 1581/1164/812 1597/1180/1330 1584/1167/1319
f 1584/1167/1319 1597/1180/1330 1598/1181/1331
f 1585/1168/1320 1584/1167/1319 1598/1181/1331
f 1597/1180/1330 1585/1168/1320 1598/1181/1331
f 1586/1169/1186 1585/1168/1320 1597/1180/1330
f 1597/1180/1330 1599/1182/1010 1586/1169/1186
f 1586/1169/1186 1599/1182/1010 1588/1171/920
f 1588/1171/920 1599/1182/1010 1600/1183/285
f 1601/1184/1332 1602/1185/1183 1603/1186/1137
f 1603/1186/1137 1602/1185/1183 1604/1187/6
f 1603/1186/1137 1604/1187/6 1596/1179/1329
f 1596/1179/1329 1595/1178/1328 1603/1186/1137
f 1593/1176/1326 1603/1186/1137 1595/1178/1328
f 1601/1184/1332 1603/1186/1137 1593/1176/1326
f 1593/1176/1326 1591/1174/1324 1601/1184/1332
f 1601/1184/1332 1591/1174/1324 1590/1173/1323
f 1590/1173/1323 1605/1188/1333 1601/1184/1332
f 1601/1184/1332 1605/1188/1333 1602/1185/1183
f 1602/1185/1183 1605/1188/1333 1606/1189/1334
f 1606/1189/1334 1604/1187/6 1602/1185/1183
f 1607/1190/1335 1604/1187/6 1606/1189/1334
f 1600/1183/285 1604/1187/6 1607/1190/1335
f 1599/1182/1010 1604/1187/6 1600/1183/285
f 1596/1179/1329 1604/1187/6 1599/1182/1010
f 1596/1179/1329 1599/1182/1010 1597/1180/1330
f 1608/1191/888 1609/1192/1336 1610/1193/1337
f 1608/1191/888 1610/1193/1337 1611/1194/768
f 1589/1172/1322 1592/1175/1325 1612/1195/1338
f 1611/1194/768 1589/1172/1322 1612/1195/1338
f 1610/1193/1337 1589/1172/1322 1611/1194/768
f 1610/1193/1337 1613/1196/1339 1589/1172/1322
f 1609/1192/1336 1613/1196/1339 1610/1193/1337
f 1609/1192/1336 1614/1197/1340 1613/1196/1339
f 1615/1198/484 1614/1197/1340 1609/1192/1336
f 1616/1199/392 1614/1197/1340 1615/1198/484
f 1617/1200/1341 1614/1197/1340 1616/1199/392
f 1618/1201/70 1614/1197/1340 1617/1200/1341
f 1613/1196/1339 1614/1197/1340 1618/1201/70
f 1613/1196/1339 1618/1201/70 1590/1173/1323
f 1613/1196/1339 1590/1173/1323 1589/1172/1322
f 1619/1202/681 1618/1201/70 1617/1200/1341
f 1606/1189/1334 1605/1188/1333 1619/1202/681
f 1605/1188/1333 1618/1201/70 1619/1202/681
f 1590/1173/1323 1618/1201/70 1605/1188/1333
f 1620/1203/1342 1621/1204/1342 1622/1205/1342
f 1623/1206/1343 1624/1207/1344 1625/1208/1345
f 1623/1206/1343 1626/1209/604 1624/1207/1344
f 1624/1207/1344 1626/1209/604 1627/1210/1346
f 1628/1211/1347 1627/1210/1346 1626/1209/604
f 1628/1211/1347 1626/1209/604 1629/1212/1348
f 1630/1213/1349 1628/1211/1347 1629/1212/1348
f 1631/1214/1350 1628/1211/1347 1630/1213/1349
f 1632/1207/1351 1625/1208/1352 1633/1215/1351
f 1634/1216/1103 1635/1217/1353 1636/1218/1354
f 1637/1219/864 1635/1217/1353 1634/1216/1103
f 1634/1216/1103 1638/1220/1136 1637/1219/864
f 1637/1219/864 1638/1220/1136 1639/1221/1355
f 1639/1221/1355 1638/1220/1136 1640/1222/1156
f 1640/1222/1156 1641/1223/1356 1639/1221/1355
f 1639/1221/1355 1641/1223/1356 1642/1224/1357
f 1643/1225/1358 1642/1224/1357 1641/1223/1356
f 1644/1226/1359 1642/1224/1357 1643/1225/1358
f 1643/1225/1358 1645/1227/1360 1644/1226/1359
f 1644/1226/1359 1645/1227/1360 1646/1228/1361
f 1645/1227/1360 1647/1229/1362 1646/1228/1361
f 1648/1230/1362 1646/1228/1361 1647/1229/1362
f 1648/1230/1362 1647/1229/1362 1649/1231/1363
f 1650/1232/1364 1648/1230/1362 1649/1231/1363
f 1649/1231/1363 1651/1233/1365 1650/1232/1364
f 1651/1233/1365 1652/1234/1366 1650/1232/1364
f 1653/1235/1367 1652/1234/1366 1651/1233/1365
f 1654/1236/1368 1651/1233/1365 1649/1231/1363
f 1655/1237/1337 1654/1236/1368 1649/1231/1363
f 1656/1238/368 1654/1236/1368 1655/1237/1337
f 1655/1237/1337 1657/1239/1369 1656/1238/368
f 1656/1238/368 1657/1239/1369 1658/1240/1370
f 1659/1241/1371 1658/1240/1370 1657/1239/1369
f 1660/1242/1372 1658/1240/1370 1659/1241/1371
f 1661/1243/173 1660/1242/1372 1659/1241/1371
f 1662/1244/1373 1660/1242/1372 1661/1243/173
f 1662/1244/1373 1661/1243/173 1663/1245/1374
f 1663/1245/1374 1661/1243/173 1664/1246/1371
f 1664/1246/1371 1665/1247/243 1663/1245/1374
f 1666/1248/1375 1665/1247/243 1664/1246/1371
f 1666/1248/1375 1667/1249/1376 1665/1247/243
f 1668/1250/1377 1667/1249/1376 1666/1248/1375
f 1669/1251/1378 1668/1250/1377 1666/1248/1375
f 1670/1252/665 1668/1250/1377 1669/1251/1378
f 1671/1253/138 1670/1252/665 1669/1251/1378
f 1672/1254/1379 1670/1252/665 1671/1253/138
f 1672/1254/1379 1671/1253/138 1673/1255/1380
f 1673/1255/1380 1671/1253/138 1674/1256/1379
f 1675/1257/72 1676/1258/1381 1677/1259/1382
f 1678/1260/1383 1677/1259/1382 1676/1258/1381
f 1677/1259/1382 1678/1260/1383 1679/1261/1384
f 1678/1260/1383 1680/1262/1385 1679/1261/1384
f 1679/1261/1384 1680/1262/1385 1681/1263/1384
f 1680/1262/1385 1682/1264/1386 1681/1263/1384
f 1681/1263/1384 1682/1264/1386 1683/1142/1387
f 1684/1265/1388 1683/1142/1387 1682/1264/1386
f 1685/1266/1389 1683/1142/1387 1684/1265/1388
f 1684/1265/1388 1686/1267/1390 1685/1266/1389
f 1685/1266/1389 1686/1267/1390 17/17/1391
f 1686/1267/1390 18/18/1392 17/17/1391
f 18/18/1392 1686/1267/1390 20/20/1393
f 20/20/1393 1686/1267/1390 1687/1268/1394
f 1686/1267/1390 1684/1265/1388 1687/1268/1394
f 1687/1268/1394 1684/1265/1388 1688/1269/483
f 1684/1265/1388 1682/1264/1386 1688/1269/483
f 1688/1269/483 1682/1264/1386 1689/1270/1395
f 1682/1264/1386 1680/1262/1385 1689/1270/1395
f 1689/1270/1395 1680/1262/1385 1690/1271/402
f 1680/1262/1385 1678/1260/1383 1690/1271/402
f 1690/1271/402 1678/1260/1383 1676/1258/1381
f 19/19/1396 20/20/1393 1691/1272/1397
f 1691/1272/1397 20/20/1393 1687/1268/1394
f 1691/1272/1397 1687/1268/1394 1692/1273/377
f 1692/1273/377 1687/1268/1394 1688/1269/483
f 1692/1273/377 1688/1269/483 1693/1274/1398
f 1693/1274/1398 1688/1269/483 1689/1270/1395
f 1693/1274/1398 1689/1270/1395 1694/1275/1399
f 1694/1275/1399 1689/1270/1395 1690/1271/402
f 1694/1275/1399 1690/1271/402 1675/1257/72
f 1675/1257/72 1690/1271/402 1676/1258/1381
f 1695/1276/1400 1696/1277/1401 1697/1272/1402
f 1697/1272/1402 1696/1277/1401 1698/1268/1242
f 1697/1272/1402 1698/1268/1242 1699/1273/1403
f 1699/1273/1403 1698/1268/1242 1700/1269/1404
f 1699/1273/1403 1700/1269/1404 1701/1274/1405
f 1696/1277/1401 1702/1278/1406 1698/1268/1242
f 1701/1274/1405 1700/1269/1404 1703/1270/1407
f 1701/1274/1405 1703/1270/1407 1704/1275/150
f 1704/1275/150 1703/1270/1407 1705/1271/1408
f 1704/1275/150 1705/1271/1408 1706/1257/1409
f 1706/1257/1409 1705/1271/1408 1707/1258/1410
f 1706/1257/1409 1707/1258/1410 1708/1259/1411
f 1709/1260/1412 1708/1259/1411 1707/1258/1410
f 1705/1271/1408 1709/1260/1412 1707/1258/1410
f 1710/1262/997 1709/1260/1412 1705/1271/1408
f 1703/1270/1407 1710/1262/997 1705/1271/1408
f 1711/1264/1413 1710/1262/997 1703/1270/1407
f 1700/1269/1404 1711/1264/1413 1703/1270/1407
f 1712/1265/1414 1711/1264/1413 1700/1269/1404
f 1698/1268/1242 1712/1265/1414 1700/1269/1404
f 1713/1267/1415 1712/1265/1414 1698/1268/1242
f 1698/1268/1242 1702/1278/1406 1713/1267/1415
f 1713/1267/1415 1702/1278/1406 1714/17/1416
f 1714/17/1416 1702/1278/1406 1715/1279/1417
f 1716/1266/1418 1713/1267/1415 1714/17/1416
f 1712/1265/1414 1713/1267/1415 1716/1266/1418
f 1716/1266/1418 1717/1142/1419 1712/1265/1414
f 1712/1265/1414 1717/1142/1419 1711/1264/1413
f 1718/1263/1420 1711/1264/1413 1717/1142/1419
f 1710/1262/997 1711/1264/1413 1718/1263/1420
f 1719/1261/1420 1710/1262/997 1718/1263/1420
f 1709/1260/1412 1710/1262/997 1719/1261/1420
f 1708/1259/1411 1709/1260/1412 1719/1261/1420
f 1720/71/708 1721/1280/708 1722/70/708
f 1723/1281/1097 1724/1282/1421 1725/1283/1422
f 1726/1284/956 1724/1282/1421 1723/1281/1097
f 1723/1281/1097 1727/1285/1423 1726/1284/956
f 1725/1283/1422 1727/1285/1423 1723/1281/1097
f 1728/1286/1424 1727/1285/1423 1725/1283/1422
f 1729/1287/628 1728/1286/1424 1725/1283/1422
f 1725/1283/1422 1724/1282/1421 1729/1287/628
f 1730/1288/425 1729/1287/628 1724/1282/1421
f 1724/1282/1421 1731/1289/1394 1730/1288/425
f 1731/1289/1394 1724/1282/1421 1726/1284/956
f 1732/1290/1425 1731/1289/1394 1726/1284/956
f 1726/1284/956 1727/1285/1423 1732/1290/1425
f 1727/1285/1423 1728/1286/1424 1732/1290/1425
f 1733/1262/1426 1734/1270/462 1735/1271/1427
f 1733/1262/1426 1735/1271/1427 1736/1260/352
f 1736/1260/352 1735/1271/1427 1737/1258/1428
f 1738/1272/1429 1739/1277/1430 1740/1276/105
f 1741/1268/1431 1739/1277/1430 1738/1272/1429
f 1742/1273/1432 1741/1268/1431 1738/1272/1429
f 1743/1269/45 1741/1268/1431 1742/1273/1432
f 1744/1274/1433 1743/1269/45 1742/1273/1432
f 1734/1270/462 1743/1269/45 1744/1274/1433
f 1745/1275/70 1734/1270/462 1744/1274/1433
f 1735/1271/1427 1734/1270/462 1745/1275/70
f 1746/1257/1434 1735/1271/1427 1745/1275/70
f 1737/1258/1428 1735/1271/1427 1746/1257/1434
f 1746/1257/1434 1747/1259/1435 1737/1258/1428
f 1736/1260/352 1737/1258/1428 1747/1259/1435
f 1747/1259/1435 1748/1261/1072 1736/1260/352
f 1736/1260/352 1748/1261/1072 1733/1262/1426
f 1733/1262/1426 1748/1261/1072 1749/1263/1072
f 1749/1263/1072 1750/1264/1436 1733/1262/1426
f 1750/1264/1436 1734/1270/462 1733/1262/1426
f 1734/1270/462 1750/1264/1436 1743/1269/45
f 1739/1277/1430 1741/1268/1431 1751/1278/1437
f 1751/1278/1437 1752/17/1438 1753/1279/1439
f 1754/1267/1440 1752/17/1438 1751/1278/1437
f 1751/1278/1437 1741/1268/1431 1754/1267/1440
f 1741/1268/1431 1755/1265/1441 1754/1267/1440
f 1743/1269/45 1755/1265/1441 1741/1268/1431
f 1743/1269/45 1750/1264/1436 1755/1265/1441
f 1756/1142/1438 1750/1264/1436 1749/1263/1072
f 1750/1264/1436 1756/1142/1438 1755/1265/1441
f 1755/1265/1441 1756/1142/1438 1757/1266/1442
f 1757/1266/1442 1754/1267/1440 1755/1265/1441
f 1752/17/1438 1754/1267/1440 1757/1266/1442
f 1758/1045/1443 1759/1044/1226 1760/1038/1368
f 1759/1044/1226 1761/1049/1444 1760/1038/1368
f 1759/1044/1226 1762/1073/1395 1761/1049/1444
f 1761/1049/1444 1762/1073/1395 1763/1070/1445
f 1763/1070/1445 1764/1078/1446 1761/1049/1444
f 1761/1049/1444 1764/1078/1446 1765/1050/1447
f 1765/1050/1447 1764/1078/1446 1766/1051/1448
f 1760/1038/1368 1761/1049/1444 1765/1050/1447
f 1767/1046/1449 1768/1043/1450 1758/1045/1443
f 1769/1047/39 1767/1046/1449 1758/1045/1443
f 1769/1047/39 1758/1045/1443 1770/1040/1451
f 1770/1040/1451 1758/1045/1443 1760/1038/1368
f 1770/1040/1451 1760/1038/1368 1771/1042/1452
f 1771/1042/1452 1760/1038/1368 1765/1050/1447
f 1771/1042/1452 1765/1050/1447 1772/1052/1453
f 1772/1052/1453 1765/1050/1447 1766/1051/1448
f 1772/1052/1453 1766/1051/1448 1773/1053/563
f 1773/1053/563 1766/1051/1448 1774/859/1454
f 1773/1053/563 1774/859/1454 1775/858/1455
f 1775/858/1455 1774/859/1454 1776/860/726
f 1775/858/1455 1776/860/726 1777/1055/767
f 1777/1055/767 1776/860/726 1778/1057/1456
f 1777/1055/767 1778/1057/1456 1779/1054/1030
f 1779/1054/1030 1778/1057/1456 1780/1056/909
f 1778/1057/1456 1781/1059/1457 1780/1056/909
f 1780/1056/909 1781/1059/1457 1782/1060/1458
f 1783/1067/1166 1784/1068/1459 1785/1069/1460
f 1784/1068/1459 1783/1067/1166 1786/1066/492
f 1786/1066/492 1783/1067/1166 1787/1065/952
f 1787/1065/952 1788/1064/425 1786/1066/492
f 1789/1063/36 1788/1064/425 1787/1065/952
f 1789/1063/36 1790/1061/1461 1788/1064/425
f 1791/1062/1462 1790/1061/1461 1789/1063/36
f 1791/1062/1462 1782/1060/1458 1790/1061/1461
f 1790/1061/1461 1792/1058/1463 1788/1064/425
f 1788/1064/425 1792/1058/1463 1793/1080/238
f 1793/1080/238 1786/1066/492 1788/1064/425
f 1794/1079/1464 1786/1066/492 1793/1080/238
f 1794/1079/1464 1784/1068/1459 1786/1066/492
f 1782/1060/1458 1781/1059/1457 1790/1061/1461
f 1790/1061/1461 1781/1059/1457 1792/1058/1463
f 1792/1058/1463 1781/1059/1457 1778/1057/1456
f 1776/860/726 1792/1058/1463 1778/1057/1456
f 1793/1080/238 1792/1058/1463 1776/860/726
f 1774/859/1454 1793/1080/238 1776/860/726
f 1794/1079/1464 1793/1080/238 1774/859/1454
f 1766/1051/1448 1794/1079/1464 1774/859/1454
f 1764/1078/1446 1794/1079/1464 1766/1051/1448
f 1764/1078/1446 1784/1068/1459 1794/1079/1464
f 1784/1068/1459 1764/1078/1446 1763/1070/1445
f 1785/1069/1460 1784/1068/1459 1763/1070/1445
f 1762/1073/1395 1785/1069/1460 1763/1070/1445
f 1795/1074/1459 1785/1069/1460 1762/1073/1395
f 1796/1076/802 1795/1074/1459 1762/1073/1395
f 1762/1073/1395 1759/1044/1226 1796/1076/802
f 1796/1076/802 1759/1044/1226 1768/1043/1450
f 1768/1043/1450 1759/1044/1226 1758/1045/1443
f 1797/1077/1465 1796/1076/802 1768/1043/1450
f 1797/1077/1465 1798/1075/106 1796/1076/802
f 1798/1075/106 1795/1074/1459 1796/1076/802
f 1799/1291/1466 1800/1292/1466 1801/1293/1466
f 1802/1294/1467 1803/1295/1138 1804/1296/1468
f 1805/207/1469 1806/1297/1470 1807/206/1471
f 1808/1298/1472 1809/1299/1473 1810/1300/1474
f 1811/213/1475 1809/1299/1473 1808/1298/1472
f 1811/213/1475 1807/206/1471 1809/1299/1473
f 1807/206/1471 1806/1297/1470 1809/1299/1473
f 1809/1299/1473 1806/1297/1470 1812/1301/1476
f 1806/1297/1470 1805/207/1469 1812/1301/1476
f 1812/1301/1476 1805/207/1469 1813/1302/1477
f 1813/1302/1477 1805/207/1469 1814/208/1330
f 1813/1302/1477 1814/208/1330 1815/1303/1478
f 1815/1303/1478 1814/208/1330 1803/1295/1138
f 1803/1295/1138 1816/1304/1479 1815/1303/1478
f 1816/1304/1479 1803/1295/1138 1802/1294/1467
f 1816/1304/1479 1802/1294/1467 1817/1305/589
f 1817/1305/589 1802/1294/1467 1818/1306/1324
f 1819/792/32 1817/1305/589 1818/1306/1324
f 1820/1307/1480 1817/1305/589 1819/792/32
f 1820/1307/1480 1819/792/32 1821/784/1481
f 1822/1308/1482 1820/1307/1480 1821/784/1481
f 1823/1309/890 1824/1310/1483 1815/1303/1478
f 1815/1303/1478 1816/1304/1479 1823/1309/890
f 1823/1309/890 1816/1304/1479 1825/1311/1484
f 1825/1311/1484 1816/1304/1479 1817/1305/589
f 1825/1311/1484 1817/1305/589 1826/1312/1485
f 1826/1312/1485 1817/1305/589 1820/1307/1480
f 1827/1313/1486 1826/1312/1485 1820/1307/1480
f 1827/1313/1486 1820/1307/1480 1822/1308/1482
f 1822/1308/1482 1828/1314/1487 1827/1313/1486
f 1829/1315/345 1828/1314/1487 1822/1308/1482
f 1830/1316/346 1828/1314/1487 1829/1315/345
f 1830/1316/346 1829/1315/345 1831/1317/317
f 1832/1318/1488 1830/1316/346 1831/1317/317
f 1831/1317/317 1833/1319/642 1832/1318/1488
f 1834/1320/1489 1832/1318/1488 1833/1319/642
f 1834/1320/1489 1833/1319/642 1835/1321/1490
f 1833/1319/642 1836/1322/1453 1835/1321/1490
f 1835/1321/1490 1836/1322/1453 1837/1323/306
f 1812/1301/1476 1810/1300/1474 1809/1299/1473
f 1812/1301/1476 1824/1310/1483 1810/1300/1474
f 1813/1302/1477 1824/1310/1483 1812/1301/1476
f 1824/1310/1483 1813/1302/1477 1815/1303/1478
f 1838/1324/67 1826/1312/1485 1827/1313/1486
f 1838/1324/67 1827/1313/1486 1828/1314/1487
f 1838/1324/67 1828/1314/1487 1830/1316/346
f 1825/1311/1484 1839/1325/1491 1823/1309/890
f 1839/1325/1491 1824/1310/1483 1823/1309/890
f 1810/1300/1474 1824/1310/1483 1840/1326/1234
f 1824/1310/1483 1839/1325/1491 1840/1326/1234
f 1840/1326/1234 1839/1325/1491 1841/1327/336
f 1841/1327/336 1839/1325/1491 1842/1328/1492
f 1842/1328/1492 1839/1325/1491 1825/1311/1484
f 1825/1311/1484 1843/1329/1493 1842/1328/1492
f 1826/1312/1485 1843/1329/1493 1825/1311/1484
f 1843/1329/1493 1826/1312/1485 1844/1330/1494
f 1844/1330/1494 1826/1312/1485 1838/1324/67
f 1838/1324/67 1845/1331/1495 1844/1330/1494
f 1830/1316/346 1845/1331/1495 1838/1324/67
f 1845/1331/1495 1830/1316/346 1832/1318/1488
f 1846/1332/1496 1845/1331/1495 1832/1318/1488
f 1846/1332/1496 1832/1318/1488 1834/1320/1489
f 1847/1333/1497 1845/1331/1495 1846/1332/1496
f 1845/1331/1495 1847/1333/1497 1844/1330/1494
f 1844/1330/1494 1847/1333/1497 1848/1334/360
f 1848/1334/360 1843/1329/1493 1844/1330/1494
f 1849/1335/1054 1843/1329/1493 1848/1334/360
f 1849/1335/1054 1842/1328/1492 1843/1329/1493
f 1841/1327/336 1842/1328/1492 1849/1335/1054
f 1837/1323/306 1850/1336/1498 1835/1321/1490
f 1835/1321/1490 1850/1336/1498 1851/1337/355
f 1851/1337/355 1834/1320/1489 1835/1321/1490
f 1852/1338/1499 1834/1320/1489 1851/1337/355
f 1852/1338/1499 1846/1332/1496 1834/1320/1489
f 1853/1339/1500 1846/1332/1496 1852/1338/1499
f 1853/1339/1500 1847/1333/1497 1846/1332/1496
f 1854/1340/1441 1847/1333/1497 1853/1339/1500
f 1847/1333/1497 1854/1340/1441 1848/1334/360
f 1848/1334/360 1854/1340/1441 1855/1341/1141
f 1848/1334/360 1855/1341/1141 1849/1335/1054
f 1849/1335/1054 1855/1341/1141 1856/1342/757
f 1856/1342/757 1841/1327/336 1849/1335/1054
f 1857/1343/1501 1841/1327/336 1856/1342/757
f 1840/1326/1234 1841/1327/336 1857/1343/1501
f 1840/1326/1234 1857/1343/1501 1858/1344/1502
f 1840/1326/1234 1858/1344/1502 1810/1300/1474
f 1810/1300/1474 1858/1344/1502 1808/1298/1472
f 1857/1343/1501 1856/1342/757 1859/1345/1503
f 1857/1343/1501 1859/1345/1503 1858/1344/1502
f 1860/1346/1504 1861/1347/1505 1862/1348/1506
f 1862/1348/1506 1861/1347/1505 1863/1349/1507
f 1863/1349/1507 1861/1347/1505 1864/1350/143
f 1865/1351/1508 1863/1349/1507 1864/1350/143
f 1866/1352/1509 1863/1349/1507 1865/1351/1508
f 1865/1351/1508 1867/1353/1299 1866/1352/1509
f 1868/1354/1510 1867/1353/1299 1865/1351/1508
f 1869/1355/1511 1867/1353/1299 1868/1354/1510
f 1859/1345/1503 1867/1353/1299 1869/1355/1511
f 1859/1345/1503 1856/1342/757 1867/1353/1299
f 1867/1353/1299 1856/1342/757 1866/1352/1509
f 1866/1352/1509 1856/1342/757 1855/1341/1141
f 1855/1341/1141 1863/1349/1507 1866/1352/1509
f 1854/1340/1441 1863/1349/1507 1855/1341/1141
f 1863/1349/1507 1854/1340/1441 1862/1348/1506
f 1870/1356/1504 1871/1357/1128 1872/1358/673
f 1871/1357/1128 1873/1359/1512 1874/1360/305
f 1873/1359/1512 1871/1357/1128 1860/1346/1504
f 1860/1346/1504 1871/1357/1128 1870/1356/1504
f 1860/1346/1504 1870/1356/1504 1861/1347/1505
f 1872/1358/673 1861/1347/1505 1870/1356/1504
f 1864/1350/143 1861/1347/1505 1872/1358/673
f 1864/1350/143 1872/1358/673 1875/1361/1145
f 1865/1351/1508 1864/1350/143 1875/1361/1145
f 1865/1351/1508 1875/1361/1145 1876/1362/389
f 1876/1362/389 1868/1354/1510 1865/1351/1508
f 1877/1363/1513 1868/1354/1510 1876/1362/389
f 1877/1363/1513 1878/1364/1514 1868/1354/1510
f 1868/1354/1510 1878/1364/1514 1869/1355/1511
f 1879/1365/1320 1869/1355/1511 1878/1364/1514
f 1859/1345/1503 1869/1355/1511 1879/1365/1320
f 1880/1366/1515 1859/1345/1503 1879/1365/1320
f 1858/1344/1502 1859/1345/1503 1880/1366/1515
f 1808/1298/1472 1858/1344/1502 1880/1366/1515
f 1881/1367/1516 1882/1368/1091 1883/1369/1517
f 1882/1368/1091 1884/1370/1518 1883/1369/1517
f 1882/1368/1091 1885/1371/952 1884/1370/1518
f 1885/1371/952 1886/1372/1399 1884/1370/1518
f 1887/1373/1519 1886/1372/1399 1885/1371/952
f 1887/1373/1519 1888/1374/1520 1886/1372/1399
f 1887/1373/1519 1889/1375/410 1888/1374/1520
f 1888/1374/1520 1889/1375/410 1890/1376/1521
f 1890/1376/1521 1889/1375/410 1891/1377/949
f 1890/1376/1521 1891/1377/949 1892/1378/1522
f 1892/1378/1522 1891/1377/949 1893/1379/730
f 1892/1378/1522 1893/1379/730 1894/1380/1056
f 1894/1380/1056 1893/1379/730 1895/1381/1523
f 1896/1382/330 1894/1380/1056 1895/1381/1523
f 1897/1383/1524 1894/1380/1056 1896/1382/330
f 1896/1382/330 1898/1384/1525 1897/1383/1524
f 1897/1383/1524 1898/1384/1525 1899/1385/1512
f 1898/1384/1525 1900/1386/1031 1899/1385/1512
f 1899/1385/1512 1900/1386/1031 1874/1360/305
f 1874/1360/305 1873/1359/1512 1899/1385/1512
f 1892/1378/1522 1894/1380/1056 1901/1387/347
f 1890/1376/1521 1892/1378/1522 1901/1387/347
f 1901/1387/347 1902/1388/378 1890/1376/1521
f 1890/1376/1521 1902/1388/378 1888/1374/1520
f 1888/1374/1520 1902/1388/378 1886/1372/1399
f 1886/1372/1399 1902/1388/378 1903/1389/1526
f 1886/1372/1399 1903/1389/1526 1904/1390/1527
f 1905/1391/1528 1902/1388/378 1901/1387/347
f 1903/1389/1526 1902/1388/378 1905/1391/1528
f 1862/1348/1506 1854/1340/1441 1853/1339/1500
f 1862/1348/1506 1853/1339/1500 1852/1338/1499
f 1862/1348/1506 1852/1338/1499 1860/1346/1504
f 1860/1346/1504 1852/1338/1499 1851/1337/355
f 1851/1337/355 1873/1359/1512 1860/1346/1504
f 1873/1359/1512 1851/1337/355 1899/1385/1512
f 1899/1385/1512 1851/1337/355 1897/1383/1524
f 1851/1337/355 1906/1392/1529 1897/1383/1524
f 1906/1392/1529 1894/1380/1056 1897/1383/1524
f 1901/1387/347 1894/1380/1056 1906/1392/1529
f 1906/1392/1529 1850/1336/1498 1901/1387/347
f 1901/1387/347 1850/1336/1498 1905/1391/1528
f 1850/1336/1498 1907/1393/1530 1905/1391/1528
f 1907/1393/1530 1903/1389/1526 1905/1391/1528
f 1883/1369/1517 1903/1389/1526 1907/1393/1530
f 1904/1390/1527 1903/1389/1526 1883/1369/1517
f 1883/1369/1517 1884/1370/1518 1904/1390/1527
f 1884/1370/1518 1886/1372/1399 1904/1390/1527
f 1850/1336/1498 1906/1392/1529 1851/1337/355
f 1836/1322/1453 1833/1319/642 1831/1317/317
f 1831/1317/317 1829/1315/1531 1908/1394/1532
f 1831/1317/317 1908/1394/1532 1836/1322/1453
f 1836/1322/1453 1908/1394/1532 1909/1395/1533
f 1836/1322/1453 1909/1395/1533 1837/1323/306
f 1837/1323/306 1909/1395/1533 1910/1396/1101
f 1911/1397/1534 1837/1323/306 1910/1396/1101
f 1912/1398/1535 1911/1397/1534 1910/1396/1101
f 1912/1398/1535 1910/1396/1101 1881/1367/1516
f 1883/1369/1517 1912/1398/1535 1881/1367/1516
f 1883/1369/1517 1911/1397/1534 1912/1398/1535
f 1907/1393/1530 1911/1397/1534 1883/1369/1517
f 1907/1393/1530 1837/1323/306 1911/1397/1534
f 1907/1393/1530 1850/1336/1498 1837/1323/306
f 1913/1399/1536 1914/880/1533 1915/1400/812
f 1915/1400/812 1914/880/1533 1916/861/1537
f 1917/1401/949 1913/1399/1536 1915/1400/812
f 1915/1400/812 1918/863/1538 1917/1401/949
f 1916/861/1537 1918/863/1538 1915/1400/812
f 1919/862/38 1918/863/1538 1916/861/1537
f 1920/879/954 1919/862/38 1916/861/1537
f 1916/861/1537 1914/880/1533 1920/879/954
f 1920/879/954 1914/880/1533 1921/783/118
f 1914/880/1533 1821/784/1481 1921/783/118
f 1822/1308/1482 1821/784/1481 1914/880/1533
f 1914/880/1533 1913/1399/1536 1822/1308/1482
f 1822/1308/1482 1913/1399/1536 1829/1315/345
f 1913/1399/1536 1922/1402/1539 1829/1315/345
f 1922/1402/1539 1908/1394/1532 1829/1315/345
f 1922/1402/1539 1923/1403/1540 1908/1394/1532
f 1908/1394/1532 1923/1403/1540 1909/1395/1533
f 1909/1395/1533 1923/1403/1540 1924/1404/34
f 1924/1404/34 1910/1396/1101 1909/1395/1533
f 1910/1396/1101 1924/1404/34 1925/1405/1541
f 1926/1406/1542 1927/1407/422 1928/1408/1543
f 1929/1409/141 1927/1407/422 1926/1406/1542
f 1930/1410/86 1929/1409/141 1926/1406/1542
f 1931/1068/1544 1929/1409/141 1930/1410/86
f 1929/1409/141 1931/1068/1544 1932/1411/169
f 1932/1411/169 1931/1068/1544 1933/1066/287
f 1932/1411/169 1933/1066/287 1934/1412/1545
f 1934/1412/1545 1933/1066/287 1935/1064/1546
f 1935/1064/1546 1936/1413/614 1934/1412/1545
f 1937/1414/994 1936/1413/614 1935/1064/1546
f 1938/1415/1091 1936/1413/614 1937/1414/994
f 1939/1416/1000 1936/1413/614 1938/1415/1091
f 1938/1415/1091 1940/1417/1240 1939/1416/1000
f 1940/1417/1240 1941/1418/1547 1939/1416/1000
f 1917/1401/949 1941/1418/1547 1940/1417/1240
f 1917/1401/949 1918/863/1538 1941/1418/1547
f 1941/1418/1547 1918/863/1538 1942/1419/1548
f 1942/1419/1548 1918/863/1538 1943/864/1427
f 1937/1414/994 1944/1420/382 1938/1415/1091
f 1944/1420/382 1945/1421/1549 1938/1415/1091
f 1945/1421/1549 1940/1417/1240 1938/1415/1091
f 1946/1422/6 1947/1069/141 1930/1410/86
f 1947/1069/141 1931/1068/1544 1930/1410/86
f 1948/1067/861 1931/1068/1544 1947/1069/141
f 1931/1068/1544 1948/1067/861 1933/1066/287
f 1933/1066/287 1948/1067/861 1949/1065/1550
f 1935/1064/1546 1933/1066/287 1949/1065/1550
f 1949/1065/1550 1950/1063/1551 1935/1064/1546
f 1950/1063/1551 1937/1414/994 1935/1064/1546
f 1950/1063/1551 1951/1423/1003 1937/1414/994
f 1951/1423/1003 1944/1420/382 1937/1414/994
f 1944/1420/382 1951/1423/1003 1925/1405/1541
f 1925/1405/1541 1945/1421/1549 1944/1420/382
f 1925/1405/1541 1924/1404/34 1945/1421/1549
f 1945/1421/1549 1924/1404/34 1940/1417/1240
f 1940/1417/1240 1924/1404/34 1923/1403/1540
f 1940/1417/1240 1923/1403/1540 1917/1401/949
f 1917/1401/949 1923/1403/1540 1922/1402/1539
f 1922/1402/1539 1913/1399/1536 1917/1401/949
f 1881/1367/1516 1910/1396/1101 1925/1405/1541
f 1925/1405/1541 1951/1423/1003 1881/1367/1516
f 1951/1423/1003 1882/1368/1091 1881/1367/1516
f 1951/1423/1003 1950/1063/1551 1882/1368/1091
f 1882/1368/1091 1950/1063/1551 1952/1424/1162
f 1952/1424/1162 1950/1063/1551 1949/1065/1550
f 1952/1424/1162 1949/1065/1550 1953/1425/1552
f 1953/1425/1552 1949/1065/1550 1948/1067/861
f 1953/1425/1552 1948/1067/861 1954/1426/1553
f 1954/1426/1553 1948/1067/861 1947/1069/141
f 1947/1069/141 1955/1074/1554 1954/1426/1553
f 1955/1074/1554 1947/1069/141 1946/1422/6
f 1956/1427/1555 1955/1074/1554 1946/1422/6
f 1946/1422/6 1957/1428/1556 1956/1427/1555
f 1956/1427/1555 1957/1428/1556 1958/1429/227
f 1957/1428/1556 1959/1430/1383 1958/1429/227
f 1958/1429/227 1959/1430/1383 1561/1144/1304
f 1959/1430/1383 1960/1431/1557 1561/1144/1304
f 1955/1074/1554 1961/1432/1558 1954/1426/1553
f 1962/1433/443 1954/1426/1553 1961/1432/1558
f 1954/1426/1553 1962/1433/443 1953/1425/1552
f 1551/1134/1296 1549/1132/1294 1561/1144/1304
f 1561/1144/1304 1549/1132/1294 1958/1429/227
f 1549/1132/1294 1956/1427/1555 1958/1429/227
f 1549/1132/1294 1548/1131/1293 1956/1427/1555
f 1548/1131/1293 1955/1074/1554 1956/1427/1555
f 1955/1074/1554 1548/1131/1293 1573/1156/1312
f 1575/1158/1314 1955/1074/1554 1573/1156/1312
f 1963/1434/1559 1955/1074/1554 1575/1158/1314
f 1963/1434/1559 1961/1432/1558 1955/1074/1554
f 1961/1432/1558 1963/1434/1559 1964/1435/1203
f 1961/1432/1558 1964/1435/1203 1962/1433/443
f 1962/1433/443 1964/1435/1203 1965/1436/1560
f 1966/1437/1561 1962/1433/443 1965/1436/1560
f 1962/1433/443 1966/1437/1561 1967/1438/1562
f 1953/1425/1552 1962/1433/443 1967/1438/1562
f 1968/1439/1166 1953/1425/1552 1967/1438/1562
f 1968/1439/1166 1969/1440/445 1953/1425/1552
f 1970/1441/1563 1969/1440/445 1968/1439/1166
f 1968/1439/1166 1967/1438/1562 1971/1442/1564
f 1971/1442/1564 1967/1438/1562 1966/1437/1561
f 1575/1158/1314 1577/1160/451 1963/1434/1559
f 1963/1434/1559 1577/1160/451 1972/1443/1565
f 1963/1434/1559 1972/1443/1565 1964/1435/1203
f 1964/1435/1203 1972/1443/1565 1973/1444/1566
f 1964/1435/1203 1973/1444/1566 1965/1436/1560
f 1965/1436/1560 1973/1444/1566 1974/1445/457
f 1975/1446/1567 1965/1436/1560 1974/1445/457
f 1966/1437/1561 1965/1436/1560 1975/1446/1567
f 1975/1446/1567 1976/1447/1568 1966/1437/1561
f 1966/1437/1561 1976/1447/1568 1971/1442/1564
f 1887/1373/1519 1971/1442/1564 1976/1447/1568
f 1887/1373/1519 1968/1439/1166 1971/1442/1564
f 1885/1371/952 1968/1439/1166 1887/1373/1519
f 1970/1441/1563 1968/1439/1166 1885/1371/952
f 1882/1368/1091 1970/1441/1563 1885/1371/952
f 1882/1368/1091 1952/1424/1162 1970/1441/1563
f 1970/1441/1563 1952/1424/1162 1969/1440/445
f 1953/1425/1552 1969/1440/445 1952/1424/1162
f 1975/1446/1567 1974/1445/457 1977/1448/1569
f 1975/1446/1567 1977/1448/1569 1976/1447/1568
f 1976/1447/1568 1977/1448/1569 1978/1449/1570
f 1978/1449/1570 1887/1373/1519 1976/1447/1568
f 1978/1449/1570 1889/1375/410 1887/1373/1519
f 1978/1449/1570 1979/1450/430 1889/1375/410
f 1889/1375/410 1979/1450/430 1891/1377/949
f 1891/1377/949 1979/1450/430 1893/1379/730
f 1980/985/1571 1981/987/1572 1982/986/1573
f 1980/985/1571 1982/986/1573 1983/984/1574
f 1983/984/1574 1984/982/1575 1980/985/1571
f 1985/983/1576 1984/982/1575 1983/984/1574
f 1984/982/1575 1985/983/1576 1986/980/1577
f 1985/983/1576 1987/1451/1578 1986/980/1577
f 1986/980/1577 1987/1451/1578 1988/1452/1579
f 1988/1452/1579 1987/1451/1578 1989/1453/1580
f 1987/1451/1578 1942/1419/1548 1989/1453/1580
f 1985/983/1576 1983/984/1574 1990/1454/1581
f 1990/1454/1581 1987/1451/1578 1985/983/1576
f 1991/1455/1582 1992/1456/1583 1993/1457/1584
f 1994/1458/1585 1995/1459/663 1991/1455/1582
f 1991/1455/1582 1995/1459/663 1996/1460/1586
f 1996/1460/1586 1992/1456/1583 1991/1455/1582
f 1996/1460/1586 1997/994/1587 1992/1456/1583
f 1992/1456/1583 1997/994/1587 1998/1461/1588
f 1997/994/1587 1999/993/1589 1998/1461/1588
f 2000/992/1590 1999/993/1589 1997/994/1587
f 2000/992/1590 1982/986/1573 1999/993/1589
f 1982/986/1573 2000/992/1590 2001/988/1591
f 1983/984/1574 1982/986/1573 2001/988/1591
f 2001/988/1591 2002/1462/1592 1983/984/1574
f 1990/1454/1581 1983/984/1574 2002/1462/1592
f 2002/1462/1592 2003/1463/1593 1990/1454/1581
f 2003/1463/1593 1987/1451/1578 1990/1454/1581
f 2004/1464/1594 1987/1451/1578 2003/1463/1593
f 2004/1464/1594 1942/1419/1548 1987/1451/1578
f 1939/1416/1000 1942/1419/1548 2004/1464/1594
f 1939/1416/1000 1941/1418/1547 1942/1419/1548
f 2005/1465/1595 2002/1462/1592 2001/988/1591
f 2002/1462/1592 2005/1465/1595 2006/1466/1596
f 2006/1466/1596 2003/1463/1593 2002/1462/1592
f 1996/1460/1586 1995/1459/663 2007/1467/1597
f 2008/1468/1598 1996/1460/1586 2007/1467/1597
f 1997/994/1587 1996/1460/1586 2008/1468/1598
f 2009/1469/1014 1997/994/1587 2008/1468/1598
f 2000/992/1590 1997/994/1587 2009/1469/1014
f 2009/1469/1014 2010/1470/1599 2000/992/1590
f 2001/988/1591 2000/992/1590 2010/1470/1599
f 2011/1471/1600 2001/988/1591 2010/1470/1599
f 2005/1465/1595 2001/988/1591 2011/1471/1600
f 2011/1471/1600 1927/1407/422 2005/1465/1595
f 1929/1409/141 2005/1465/1595 1927/1407/422
f 1932/1411/169 2005/1465/1595 1929/1409/141
f 2006/1466/1596 2005/1465/1595 1932/1411/169
f 2006/1466/1596 1932/1411/169 1934/1412/1545
f 2006/1466/1596 1934/1412/1545 2003/1463/1593
f 2003/1463/1593 1934/1412/1545 1936/1413/614
f 1936/1413/614 2004/1464/1594 2003/1463/1593
f 1939/1416/1000 2004/1464/1594 1936/1413/614
f 2012/1472/1601 1927/1407/422 2011/1471/1600
f 2012/1472/1601 2011/1471/1600 2010/1470/1599
f 2012/1472/1601 2010/1470/1599 2009/1469/1014
f 2013/1473/1602 2014/1474/1603 2015/1475/1604
f 2015/1475/1604 1995/1459/663 2013/1473/1602
f 2015/1475/1604 2007/1467/1597 1995/1459/663
f 2016/1476/1605 2007/1467/1597 2015/1475/1604
f 2016/1476/1605 2008/1468/1598 2007/1467/1597
f 2017/1477/1253 2008/1468/1598 2016/1476/1605
f 2017/1477/1253 2018/1478/1198 2008/1468/1598
f 2008/1468/1598 2018/1478/1198 2009/1469/1014
f 2019/1479/1606 2009/1469/1014 2018/1478/1198
f 2012/1472/1601 2009/1469/1014 2019/1479/1606
f 1928/1408/1543 2012/1472/1601 2019/1479/1606
f 1927/1407/422 2012/1472/1601 1928/1408/1543
f 2014/1474/1603 2020/1480/1607 2021/1481/1608
f 2015/1475/1604 2014/1474/1603 2021/1481/1608
f 2021/1481/1608 2022/1482/1609 2015/1475/1604
f 2015/1475/1604 2022/1482/1609 2016/1476/1605
f 2016/1476/1605 2022/1482/1609 2023/1483/1610
f 2023/1483/1610 2017/1477/1253 2016/1476/1605
f 2023/1483/1610 2024/1266/1201 2017/1477/1253
f 2017/1477/1253 2024/1266/1201 2018/1478/1198
f 2024/1266/1201 1960/1431/1557 2018/1478/1198
f 2018/1478/1198 1960/1431/1557 2019/1479/1606
f 1959/1430/1383 2019/1479/1606 1960/1431/1557
f 1928/1408/1543 2019/1479/1606 1959/1430/1383
f 1959/1430/1383 1957/1428/1556 1928/1408/1543
f 1928/1408/1543 1957/1428/1556 1926/1406/1542
f 1957/1428/1556 1946/1422/6 1926/1406/1542
f 1926/1406/1542 1946/1422/6 1930/1410/86
f 2025/1484/1611 2026/1485/1612 2027/1486/1613
f 1561/1144/1304 1960/1431/1557 1560/1143/1303
f 1960/1431/1557 2024/1266/1201 1560/1143/1303
f 1560/1143/1303 2024/1266/1201 1559/1142/560
f 2023/1483/1610 1559/1142/560 2024/1266/1201
f 2028/1487/1609 1559/1142/560 2023/1483/1610
f 2022/1482/1609 2028/1487/1609 2023/1483/1610
f 2022/1482/1609 1563/1146/127 2028/1487/1609
f 2022/1482/1609 2021/1481/1608 1563/1146/127
f 1564/1147/720 1563/1146/127 2021/1481/1608
f 2021/1481/1608 2020/1480/1607 1564/1147/720
f 1564/1147/720 2020/1480/1607 2029/1488/1614
f 2029/1488/1614 2020/1480/1607 2026/1485/1612
f 2026/1485/1612 2020/1480/1607 2027/1486/1613
f 2020/1480/1607 2014/1474/1603 2027/1486/1613
f 2027/1486/1613 2014/1474/1603 2025/1484/1611
f 2014/1474/1603 2013/1473/1602 2025/1484/1611
f 2025/1484/1611 2013/1473/1602 1994/1458/1585
f 2013/1473/1602 1995/1459/663 1994/1458/1585
f 1558/1141/1302 1559/1142/560 2028/1487/1609
f 2028/1487/1609 1563/1146/127 1558/1141/1302
f 2030/1489/1093 2031/1490/1615 2032/1491/1616
f 2033/1489/1269 2031/1490/1615 2030/1489/1093
f 2033/1489/1269 2030/1489/1093 2034/1489/1617
f 2030/1489/1093 2032/1491/1616 2034/1489/1617
f 2035/1492/68 2036/1493/1618 2037/1494/195
f 2032/1491/1616 2036/1493/1618 2035/1492/68
f 2034/1489/1617 2032/1491/1616 2035/1492/68
f 2035/1492/68 2038/1495/1619 2034/1489/1617
f 2034/1489/1617 2038/1495/1619 2033/1489/1269
f 2038/1495/1619 2039/1496/1199 2033/1489/1269
f 2039/1496/1199 2031/1490/1615 2033/1489/1269
f 2040/1490/1620 2031/1490/1615 2039/1496/1199
f 2032/1491/1616 2031/1490/1615 2040/1490/1620
f 2040/1490/1620 2041/1497/443 2032/1491/1616
f 2032/1491/1616 2041/1497/443 2036/1493/1618
f 2042/1498/1621 2036/1493/1618 2041/1497/443
f 2043/1499/1570 2036/1493/1618 2042/1498/1621
f 2044/1500/1622 2043/1499/1570 2042/1498/1621
f 2045/1501/459 2043/1499/1570 2044/1500/1622
f 2046/1502/440 2045/1501/459 2044/1500/1622
f 2047/1503/1381 2045/1501/459 2046/1502/440
f 2046/1502/440 2048/1504/1623 2047/1503/1381
f 2049/1505/1624 2050/1506/1625 2051/1507/1446
f 2052/1508/1626 2050/1506/1625 2049/1505/1624
f 2050/1506/1625 2052/1508/1626 2053/1509/1627
f 2052/1508/1626 2054/1510/1628 2053/1509/1627
f 2053/1509/1627 2054/1510/1628 2055/1511/1629
f 2055/1511/1629 2054/1510/1628 2056/1512/1630
f 2056/1512/1630 2054/1510/1628 2057/1513/1631
f 2057/1513/1631 2058/1514/1632 2056/1512/1630
f 2059/1515/1633 2058/1514/1632 2057/1513/1631
f 2059/1515/1633 2060/1516/1634 2058/1514/1632
f 2059/1515/1633 2039/1496/1199 2060/1516/1634
f 2060/1516/1634 2039/1496/1199 2038/1495/1619
f 2060/1516/1634 2038/1495/1619 2037/1494/195
f 2037/1494/195 2038/1495/1619 2035/1492/68
f 2061/1517/687 2062/1518/1635 2063/1519/1636
f 2064/1520/313 2065/1521/1637 2066/1522/190
f 2064/1520/313 2066/1522/190 2063/1519/1636
f 2063/1519/1636 2066/1522/190 2061/1517/687
f 2066/1522/190 2067/1523/1638 2061/1517/687
f 2061/1517/687 2067/1523/1638 2068/1524/354
f 2068/1524/354 2069/1525/1113 2061/1517/687
f 2069/1525/1113 2062/1518/1635 2061/1517/687
f 2069/1525/1113 2070/1526/1639 2062/1518/1635
f 2070/1526/1639 2071/1527/1640 2062/1518/1635
f 2062/1518/1635 2071/1527/1640 2063/1519/1636
f 2063/1519/1636 2071/1527/1640 2072/1528/1641
f 2072/1528/1641 2064/1520/313 2063/1519/1636
f 2073/1529/1133 2064/1520/313 2072/1528/1641
f 2073/1529/1133 2065/1521/1637 2064/1520/313
f 2074/1530/49 2065/1521/1637 2073/1529/1133
f 2074/1530/49 2037/1494/195 2065/1521/1637
f 2060/1516/1634 2037/1494/195 2074/1530/49
f 2074/1530/49 2075/1531/1642 2060/1516/1634
f 2058/1514/1632 2060/1516/1634 2075/1531/1642
f 2076/1532/1643 2077/1533/1141 2078/1534/131
f 2078/1534/131 2077/1533/1141 2079/1535/337
f 2080/1536/342 2078/1534/131 2079/1535/337
f 2079/1535/337 2070/1526/1639 2080/1536/342
f 2070/1526/1639 2079/1535/337 2081/1537/1644
f 2070/1526/1639 2081/1537/1644 2071/1527/1640
f 2071/1527/1640 2081/1537/1644 2082/1538/1645
f 2071/1527/1640 2082/1538/1645 2072/1528/1641
f 2072/1528/1641 2082/1538/1645 2083/1539/1468
f 2083/1539/1468 2073/1529/1133 2072/1528/1641
f 2084/1540/1646 2073/1529/1133 2083/1539/1468
f 2084/1540/1646 2075/1531/1642 2073/1529/1133
f 2073/1529/1133 2075/1531/1642 2074/1530/49
f 2081/1537/1644 2079/1535/337 2077/1533/1141
f 2085/1541/1647 2086/1542/1648 2087/1543/1649
f 2086/1542/1648 2088/1544/1650 2087/1543/1649
f 2087/1543/1649 2088/1544/1650 2089/1545/497
f 2090/1546/1651 2091/1547/950 2092/1548/1652
f 2092/1548/1652 2093/1549/1408 2090/1546/1651
f 2090/1546/1651 2093/1549/1408 2094/1550/1653
f 2095/1551/1654 2090/1546/1651 2094/1550/1653
f 2096/1552/1328 2090/1546/1651 2095/1551/1654
f 2096/1552/1328 2097/1553/871 2090/1546/1651
f 2090/1546/1651 2097/1553/871 2091/1547/950
f 2098/1554/1655 2091/1547/950 2097/1553/871
f 2099/1555/1656 2091/1547/950 2098/1554/1655
f 2088/1544/1650 2091/1547/950 2099/1555/1656
f 2086/1542/1648 2091/1547/950 2088/1544/1650
f 2092/1548/1652 2091/1547/950 2086/1542/1648
f 2092/1548/1652 2086/1542/1648 2085/1541/1647
f 2085/1541/1647 2093/1549/1408 2092/1548/1652
f 2100/1556/36 2093/1549/1408 2085/1541/1647
f 2101/1557/881 2093/1549/1408 2100/1556/36
f 2102/1558/1657 2103/1559/1658 2104/1560/1659
f 2104/1560/1659 2105/1561/1660 2102/1558/1657
f 2102/1558/1657 2105/1561/1660 2106/1562/268
f 2104/1560/1659 2107/1563/1661 2105/1561/1660
f 2108/1564/1662 2109/1565/1663 2110/1566/1664
f 2111/1567/1665 2110/1566/1664 2109/1565/1663
f 2109/1565/1663 2112/1568/1666 2111/1567/1665
f 2113/1569/1667 2114/1570/1668 2115/1571/1081
f 2116/1572/823 2114/1570/1668 2113/1569/1667
f 2114/1570/1668 2116/1572/823 2103/1559/1658
f 2103/1559/1658 2116/1572/823 2117/1573/1669
f 2117/1573/1669 2104/1560/1659 2103/1559/1658
f 2118/1574/1670 2104/1560/1659 2117/1573/1669
f 2118/1574/1670 2107/1563/1661 2104/1560/1659
f 2118/1574/1670 2108/1564/1662 2107/1563/1661
f 2118/1574/1670 2119/1575/682 2108/1564/1662
f 2119/1575/682 2109/1565/1663 2108/1564/1662
f 2119/1575/682 2120/1576/1520 2109/1565/1663
f 2120/1576/1520 2112/1568/1666 2109/1565/1663
f 2112/1568/1666 2120/1576/1520 2121/1577/1671
f 2121/1577/1671 2122/1578/1672 2112/1568/1666
f 2123/1579/1673 2112/1568/1666 2122/1578/1672
f 2111/1567/1665 2112/1568/1666 2123/1579/1673
f 2124/1580/1674 2111/1567/1665 2123/1579/1673
f 2124/1580/1674 2110/1566/1664 2111/1567/1665
f 2116/1572/823 2119/1575/682 2117/1573/1669
f 2117/1573/1669 2119/1575/682 2118/1574/1670
f 2121/1577/1671 2120/1576/1520 2125/1581/1520
f 2126/1582/1675 2125/1581/1520 2120/1576/1520
f 2126/1582/1675 2120/1576/1520 2119/1575/682
f 2116/1572/823 2126/1582/1675 2119/1575/682
f 2116/1572/823 2127/1583/1676 2126/1582/1675
f 2113/1569/1667 2127/1583/1676 2116/1572/823
f 2127/1583/1676 2113/1569/1667 2128/1584/1677
f 2127/1583/1676 2125/1581/1520 2126/1582/1675
f 2123/1579/1673 2129/1585/1678 2124/1580/1674
f 117/117/107 116/116/106 2130/1586/1679
f 117/117/107 2130/1586/1679 2128/1584/1677
f 2131/1587/1680 2128/1584/1677 2130/1586/1679
f 2127/1583/1676 2128/1584/1677 2131/1587/1680
f 2131/1587/1680 2132/1588/1681 2127/1583/1676
f 2127/1583/1676 2132/1588/1681 2125/1581/1520
f 2133/1589/1682 2125/1581/1520 2132/1588/1681
f 2121/1577/1671 2125/1581/1520 2133/1589/1682
f 2133/1589/1682 2134/1590/1683 2121/1577/1671
f 2134/1590/1683 2122/1578/1672 2121/1577/1671
f 2134/1590/1683 2135/1591/1684 2122/1578/1672
f 2135/1591/1684 2123/1579/1673 2122/1578/1672
f 2136/1592/1665 2123/1579/1673 2135/1591/1684
f 2136/1592/1665 2129/1585/1678 2123/1579/1673
f 2137/1593/1685 2129/1585/1678 2136/1592/1665
f 2138/1594/1686 2129/1585/1678 2137/1593/1685
f 2137/1593/1685 2139/1595/1687 2138/1594/1686
f 2138/1594/1686 2139/1595/1687 2140/1596/1664
f 116/116/106 114/114/104 2141/1597/1688
f 2141/1597/1688 114/114/104 2142/1598/1689
f 114/114/104 112/112/102 2142/1598/1689
f 2143/1599/1690 2144/1600/1691 2145/1601/1692
f 2144/1600/1691 2146/1602/1693 2145/1601/1692
f 2144/1600/1691 2133/1589/1682 2146/1602/1693
f 2146/1602/1693 2133/1589/1682 2147/1603/1694
f 2132/1588/1681 2147/1603/1694 2133/1589/1682
f 2148/1604/1695 2147/1603/1694 2132/1588/1681
f 2131/1587/1680 2148/1604/1695 2132/1588/1681
f 2149/1605/956 2148/1604/1695 2131/1587/1680
f 2131/1587/1680 2130/1586/1679 2149/1605/956
f 2149/1605/956 2130/1586/1679 2150/1606/1445
f 2150/1606/1445 2130/1586/1679 116/116/106
f 2150/1606/1445 116/116/106 2151/1607/1696
f 2151/1607/1696 116/116/106 2141/1597/1688
f 2141/1597/1688 2152/1608/1697 2151/1607/1696
f 2142/1598/1689 2152/1608/1697 2141/1597/1688
f 93/93/85 2152/1608/1697 2142/1598/1689
f 112/112/102 93/93/85 2142/1598/1689
f 95/95/87 93/93/85 112/112/102
f 91/91/84 2152/1608/1697 93/93/85
f 2151/1607/1696 2152/1608/1697 2153/1609/140
f 2149/1605/956 2150/1606/1445 2148/1604/1695
f 2148/1604/1695 2150/1606/1445 2151/1607/1696
f 2151/1607/1696 2153/1609/140 2148/1604/1695
f 2148/1604/1695 2153/1609/140 2147/1603/1694
f 2153/1609/140 2146/1602/1693 2147/1603/1694
f 2154/1610/1698 2146/1602/1693 2153/1609/140
f 2152/1608/1697 2154/1610/1698 2153/1609/140
f 2155/1611/83 2154/1610/1698 2152/1608/1697
f 2155/1611/83 2152/1608/1697 91/91/84
f 2155/1611/83 91/91/84 2156/1612/1699
f 2156/1612/1699 91/91/84 89/89/82
f 2156/1612/1699 89/89/82 87/87/80
f 85/85/78 2157/1613/1700 2158/1614/1589
f 85/85/78 2158/1614/1589 87/87/80
f 2156/1612/1699 87/87/80 2158/1614/1589
f 2158/1614/1589 2157/1613/1700 2156/1612/1699
f 2156/1612/1699 2157/1613/1700 2159/1615/1701
f 2157/1613/1700 2160/1616/1702 2159/1615/1701
f 2157/1613/1700 2161/1617/1703 2160/1616/1702
f 2161/1617/1703 2157/1613/1700 85/85/78
f 2161/1617/1703 85/85/78 82/82/75
f 81/81/74 2162/1618/258 82/82/75
f 82/82/75 2162/1618/258 2161/1617/1703
f 2161/1617/1703 2162/1618/258 2163/1619/1704
f 2161/1617/1703 2163/1619/1704 2160/1616/1702
f 2160/1616/1702 2163/1619/1704 2164/1620/1705
f 2164/1620/1705 2145/1601/1692 2160/1616/1702
f 2159/1615/1701 2160/1616/1702 2145/1601/1692
f 2145/1601/1692 2146/1602/1693 2159/1615/1701
f 2154/1610/1698 2159/1615/1701 2146/1602/1693
f 2156/1612/1699 2159/1615/1701 2154/1610/1698
f 2155/1611/83 2156/1612/1699 2154/1610/1698
f 2144/1600/1691 2134/1590/1683 2133/1589/1682
f 2134/1590/1683 2144/1600/1691 2143/1599/1690
f 2143/1599/1690 2135/1591/1684 2134/1590/1683
f 2135/1591/1684 2143/1599/1690 2165/1621/1706
f 2165/1621/1706 2136/1592/1665 2135/1591/1684
f 2163/1619/1704 2162/1618/258 2164/1620/1705
f 2139/1595/1687 2137/1593/1685 81/81/74
f 2137/1593/1685 2162/1618/258 81/81/74
f 2162/1618/258 2137/1593/1685 2136/1592/1665
f 2162/1618/258 2136/1592/1665 2165/1621/1706
f 2164/1620/1705 2162/1618/258 2165/1621/1706
f 2165/1621/1706 2143/1599/1690 2164/1620/1705
f 2143/1599/1690 2145/1601/1692 2164/1620/1705
f 2166/1622/1245 2167/1623/267 2168/1624/1707
f 2166/1622/1245 2169/1625/1657 2167/1623/267
f 2140/1596/1664 2170/1626/1708 2169/1625/1657
f 2167/1623/267 2169/1625/1657 2170/1626/1708
f 2170/1626/1708 2171/1627/1709 2167/1623/267
f 2168/1624/1707 2167/1623/267 2171/1627/1709
f 2168/1624/1707 2171/1627/1709 2172/1628/1710
f 2172/1628/1710 2171/1627/1709 2173/1629/1711
f 2173/1629/1711 2174/1630/595 2172/1628/1710
f 2173/1629/1711 2171/1627/1709 2170/1626/1708
f 2175/1631/1067 2176/1632/1712 2177/1633/715
f 2139/1595/1687 2170/1626/1708 2140/1596/1664
f 2139/1595/1687 2178/1634/1713 2170/1626/1708
f 2170/1626/1708 2178/1634/1713 2173/1629/1711
f 2173/1629/1711 2178/1634/1713 2175/1631/1067
f 2175/1631/1067 2174/1630/595 2173/1629/1711
f 2175/1631/1067 2177/1633/715 2174/1630/595
f 2174/1630/595 2177/1633/715 2179/1635/1714
f 2177/1633/715 2180/1636/1715 2179/1635/1714
f 2176/1632/1712 2180/1636/1715 2177/1633/715
f 2176/1632/1712 2181/1637/1716 2180/1636/1715
f 2181/1637/1716 2176/1632/1712 2175/1631/1067
f 2175/1631/1067 2182/1638/1670 2181/1637/1716
f 2175/1631/1067 2178/1634/1713 2182/1638/1670
f 2183/1639/1717 2182/1638/1670 2178/1634/1713
f 2178/1634/1713 2139/1595/1687 2183/1639/1717
f 2183/1639/1717 2139/1595/1687 2184/1640/1718
f 2139/1595/1687 81/81/74 2184/1640/1718
f 2184/1640/1718 81/81/74 83/83/76
f 2185/1641/1719 2186/1642/1717 2187/1643/1077
f 2188/1644/493 2186/1642/1717 2185/1641/1719
f 2186/1642/1717 2188/1644/493 2189/1645/1720
f 2190/1646/1721 2186/1642/1717 2189/1645/1720
f 2186/1642/1717 2190/1646/1721 2187/1643/1077
f 2187/1643/1077 2190/1646/1721 2191/1647/1722
f 2191/1647/1722 2192/1648/1723 2187/1643/1077
f 2181/1637/1716 2182/1638/1670 2193/1649/494
f 2182/1638/1670 2194/1650/1247 2193/1649/494
f 2194/1650/1247 2182/1638/1670 2183/1639/1717
f 2180/1636/1715 2181/1637/1716 2192/1648/1723
f 2187/1643/1077 2192/1648/1723 2181/1637/1716
f 2193/1649/494 2187/1643/1077 2181/1637/1716
f 2185/1641/1719 2187/1643/1077 2193/1649/494
f 2194/1650/1247 2185/1641/1719 2193/1649/494
f 2194/1650/1247 2195/1651/1077 2185/1641/1719
f 2185/1641/1719 2195/1651/1077 2188/1644/493
f 2195/1651/1077 2196/1652/1724 2188/1644/493
f 2189/1645/1720 2188/1644/493 2196/1652/1724
f 2196/1652/1724 2197/1653/267 2189/1645/1720
f 2198/1654/1725 2197/1653/267 2196/1652/1724
f 2199/1655/1726 2197/1653/267 2198/1654/1725
f 2200/1656/1727 2199/1655/1726 2198/1654/1725
f 2200/1656/1727 2201/1657/1728 2199/1655/1726
f 2201/1657/1728 2200/1656/1727 2202/1658/1729
f 2202/1658/1729 2203/1659/1176 2201/1657/1728
f 2203/1659/1176 2204/1660/1730 2201/1657/1728
f 2203/1659/1176 2205/1661/1731 2204/1660/1730
f 2206/1662/1731 2205/1661/1731 2203/1659/1176
f 2206/1662/1731 2207/1663/1732 2205/1661/1731
f 2199/1655/1726 2201/1657/1728 2208/1664/1733
f 2201/1657/1728 2204/1660/1730 2208/1664/1733
f 2209/1665/1734 2210/1666/1734 2211/1667/1734
f 1624/1207/1735 2212/1215/1735 1625/1208/1071
f 2213/1668/1736 1633/1215/1137 1625/1208/1071
f 1623/1206/1737 1625/1208/1071 1632/1207/1738
f 1632/1207/1738 1626/1209/1739 1623/1206/1737
f 2214/1210/929 1626/1209/1739 1632/1207/1738
f 1632/1207/1738 2215/1669/305 2214/1210/929
f 1632/1207/1738 2216/1670/1740 2215/1669/305
f 2217/1671/832 2216/1670/1740 1632/1207/1738
f 2217/1671/832 1632/1207/1738 1633/1215/1137
f 2217/1671/832 1633/1215/1137 2213/1668/1736
f 2213/1668/1736 2216/1670/1740 2217/1671/832
f 2218/1672/1741 2216/1670/1740 2213/1668/1736
f 2218/1672/1741 2219/1673/1039 2216/1670/1740
f 2219/1673/1039 2220/1674/1742 2216/1670/1740
f 2216/1670/1740 2220/1674/1742 2215/1669/305
f 2214/1210/929 2215/1669/305 2220/1674/1742
f 2221/1675/1743 2222/1676/1743 2223/1677/1743
f 2224/1678/1744 2225/1679/644 2226/1680/1745
f 2227/1681/644 2228/1682/1746 2229/1683/1747
f 2230/1684/47 2228/1682/1746 2227/1681/644
f 2230/1684/47 2231/1685/1748 2228/1682/1746
f 2225/1679/644 2231/1685/1748 2230/1684/47
f 2226/1680/1745 2225/1679/644 2230/1684/47
f 2227/1681/644 2226/1680/1745 2230/1684/47
f 2232/1686/1749 2226/1680/1745 2227/1681/644
f 2232/1686/1749 2227/1681/644 2233/1687/1750
f 2233/1687/1750 2227/1681/644 2234/1688/1751
f 2227/1681/644 2229/1683/1747 2234/1688/1751
f 2234/1688/1751 2229/1683/1747 2235/1689/1478
f 2236/1690/1336 2237/1691/1752 2238/1692/1339
f 2239/1693/1753 2237/1691/1752 2236/1690/1336
f 2236/1690/1336 2240/1694/1754 2239/1693/1753
f 2239/1693/1753 2240/1694/1754 2241/1695/1753
f 2242/1696/1755 2241/1695/1753 2240/1694/1754
f 2243/1697/1756 2241/1695/1753 2242/1696/1755
f 2243/1697/1756 2242/1696/1755 2244/1698/1757
f 2244/1698/1757 2242/1696/1755 2245/1699/1758
f 2244/1698/1757 2245/1699/1758 2246/1700/1608
f 2246/1700/1608 2245/1699/1758 2233/1687/1750
f 2247/1701/1759 2246/1700/1608 2233/1687/1750
f 2233/1687/1750 2234/1688/1751 2247/1701/1759
f 2247/1701/1759 2234/1688/1751 2248/1702/1760
f 2249/1703/1761 2250/1704/1762 2251/1705/1763
f 2252/1706/1764 2250/1704/1762 2249/1703/1761
f 2252/1706/1764 2249/1703/1761 2246/1700/1608
f 2253/1707/1609 2246/1700/1608 2247/1701/1759
f 2253/1707/1609 2252/1706/1764 2246/1700/1608
f 2252/1706/1764 2253/1707/1609 2254/1708/1765
f 2255/1709/1766 2252/1706/1764 2254/1708/1765
f 2250/1704/1762 2252/1706/1764 2255/1709/1766
f 2256/1710/135 2250/1704/1762 2255/1709/1766
f 2250/1704/1762 2256/1710/135 2251/1705/1763
f 2251/1705/1763 2256/1710/135 2257/1711/1767
f 2258/1712/1768 2257/1711/1767 2256/1710/135
f 2259/1713/1761 2257/1711/1767 2258/1712/1768
f 2258/1712/1768 2260/1714/1769 2259/1713/1761
f 2259/1713/1761 2260/1714/1769 2261/1715/1770
f 2262/1716/1771 2263/1717/1234 2264/1718/1772
f 2265/1719/693 2263/1717/1234 2262/1716/1771
f 2262/1716/1771 2266/1720/1772 2265/1719/693
f 2265/1719/693 2266/1720/1772 2267/1721/1773
f 2254/1708/1765 2267/1721/1773 2266/1720/1772
f 2268/1722/1774 2267/1721/1773 2254/1708/1765
f 2254/1708/1765 2253/1707/1609 2268/1722/1774
f 2268/1722/1774 2253/1707/1609 2269/1723/1775
f 2269/1723/1775 2253/1707/1609 2270/1724/1776
f 2247/1701/1759 2270/1724/1776 2253/1707/1609
f 2248/1702/1760 2270/1724/1776 2247/1701/1759
f 2234/1688/1751 2235/1689/1478 2248/1702/1760
f 2248/1702/1760 2235/1689/1478 2271/1725/1777
f 2271/1725/1777 2270/1724/1776 2248/1702/1760
f 2272/1726/1778 2270/1724/1776 2271/1725/1777
f 2273/1727/1779 2270/1724/1776 2272/1726/1778
f 2269/1723/1775 2270/1724/1776 2273/1727/1779
f 2274/1728/1775 2269/1723/1775 2273/1727/1779
f 2268/1722/1774 2269/1723/1775 2274/1728/1775
f 2275/1729/1780 2268/1722/1774 2274/1728/1775
f 2267/1721/1773 2268/1722/1774 2275/1729/1780
f 2276/1730/1006 2267/1721/1773 2275/1729/1780
f 2265/1719/693 2267/1721/1773 2276/1730/1006
f 2277/1731/1780 2265/1719/693 2276/1730/1006
f 2263/1717/1234 2265/1719/693 2277/1731/1780
f 2278/1732/1781 2263/1717/1234 2277/1731/1780
f 2279/1733/1782 2263/1717/1234 2278/1732/1781
f 2279/1733/1782 2264/1718/1772 2263/1717/1234
f 2280/1734/386 2264/1718/1772 2279/1733/1782
f 2281/1735/958 2282/1736/1783 2283/1737/290
f 2281/1735/958 2284/1738/1784 2282/1736/1783
f 2284/1738/1784 2281/1735/958 2285/1739/1763
f 2284/1738/1784 2285/1739/1763 2286/1740/1785
f 2286/1740/1785 2285/1739/1763 2287/1741/1786
f 2287/1741/1786 2288/72/1601 2286/1740/1785
f 2289/1742/1787 2288/72/1601 2287/1741/1786
f 1720/71/1788 2288/72/1601 2289/1742/1787
f 1720/71/1788 2289/1742/1787 2290/1743/1789
f 1720/71/1788 2290/1743/1789 1721/1280/1790
f 1721/1280/1790 2290/1743/1789 2291/1744/707
f 2292/1745/1791 2291/1744/707 2290/1743/1789
f 2293/1746/1792 2291/1744/707 2292/1745/1791
f 2294/1747/1793 2293/1746/1792 2292/1745/1791
f 2293/1746/1792 2294/1747/1793 2295/1748/1794
f 2295/1748/1794 2294/1747/1793 2296/1749/1795
f 2297/1750/1796 2295/1748/1794 2296/1749/1795
f 2298/1751/1797 2295/1748/1794 2297/1750/1796
f 2299/1752/1798 2300/1753/1799 2301/1754/1800
f 2302/1755/575 2300/1753/1799 2299/1752/1798
f 2303/1756/1184 2300/1753/1799 2302/1755/575
f 2302/1755/575 2304/1757/958 2303/1756/1184
f 2305/1758/1801 2304/1757/958 2302/1755/575
f 2285/1739/1763 2304/1757/958 2305/1758/1801
f 2285/1739/1763 2281/1735/958 2304/1757/958
f 2281/1735/958 2306/1759/490 2304/1757/958
f 2306/1759/490 2281/1735/958 2283/1737/290
f 2307/66/1802 2308/76/378 2309/75/1124
f 2309/75/1124 2310/74/1803 2307/66/1802
f 2311/1760/353 2310/74/1803 2309/75/1124
f 2310/74/1803 2311/1760/353 2312/1761/1804
f 2312/1761/1804 2311/1760/353 2313/1762/1805
f 2313/1762/1805 2314/1763/1806 2312/1761/1804
f 2315/1764/1807 2314/1763/1806 2313/1762/1805
f 2316/1765/868 2314/1763/1806 2315/1764/1807
f 2305/1758/1801 2316/1765/868 2315/1764/1807
f 2317/1766/1808 2316/1765/868 2305/1758/1801
f 2302/1755/575 2317/1766/1808 2305/1758/1801
f 2317/1766/1808 2302/1755/575 2318/1767/1809
f 2318/1767/1809 2302/1755/575 2299/1752/1798
f 2318/1767/1809 2299/1752/1798 2319/1768/1810
f 2319/1768/1810 2299/1752/1798 2301/1754/1800
f 2320/1753/479 2319/1768/1810 2301/1754/1800
f 2301/1754/1800 2300/1753/1799 2320/1753/479
f 2300/1753/1799 2303/1756/1184 2320/1753/479
f 2320/1753/479 2303/1756/1184 2321/1769/1811
f 2316/1765/868 2317/1766/1808 2322/1770/362
f 2322/1770/362 2317/1766/1808 2318/1767/1809
f 2318/1767/1809 2319/1768/1810 2322/1770/362
f 2322/1770/362 2319/1768/1810 2320/1753/479
f 2322/1770/362 2320/1753/479 2316/1765/868
f 2316/1765/868 2320/1753/479 2321/1769/1811
f 2321/1769/1811 2314/1763/1806 2316/1765/868
f 2303/1756/1184 2314/1763/1806 2321/1769/1811
f 2323/1771/1812 2314/1763/1806 2303/1756/1184
f 2303/1756/1184 2304/1757/958 2323/1771/1812
f 2304/1757/958 2306/1759/490 2323/1771/1812
f 2312/1761/1804 2323/1771/1812 2306/1759/490
f 2314/1763/1806 2323/1771/1812 2312/1761/1804
f 2324/1772/1813 2325/1773/1814 2326/1774/1082
f 2324/1772/1813 2282/1736/1783 2325/1773/1814
f 2325/1773/1814 2282/1736/1783 2288/72/1601
f 2282/1736/1783 2286/1740/1785 2288/72/1601
f 2284/1738/1784 2286/1740/1785 2282/1736/1783
f 2326/1774/1815 2325/1773/1814 2327/73/1816
f 2288/72/1601 2327/73/1816 2325/1773/1814
f 2328/69/1817 2327/73/1816 2288/72/1601
f 2288/72/1601 1720/71/1788 2328/69/1817
f 2328/69/1817 1720/71/1788 1722/70/1818
f 2328/69/1817 1722/70/1818 2329/68/1819
f 2329/68/1819 2330/65/696 2328/69/1817
f 2328/69/1817 2330/65/696 2327/73/1816
f 2310/74/1803 2327/73/1816 2330/65/696
f 2326/1774/1815 2327/73/1816 2310/74/1803
f 2312/1761/1804 2326/1774/1815 2310/74/1803
f 2306/1759/490 2326/1774/1815 2312/1761/1804
f 2306/1759/490 2324/1772/1813 2326/1774/1815
f 2283/1737/290 2324/1772/1813 2306/1759/490
f 2283/1737/290 2282/1736/1783 2324/1772/1813
f 2310/74/1803 2330/65/696 2307/66/1802
f 2307/66/1802 2330/65/696 2331/67/1820
f 2330/65/696 2329/68/1819 2331/67/1820
f 2332/1775/1821 2333/1776/559 2334/1777/1565
f 2335/1778/1822 2334/1777/1565 2333/1776/559
f 2336/1779/290 2334/1777/1565 2335/1778/1822
f 2336/1779/290 2335/1778/1822 2337/1780/1823
f 2337/1780/1823 2338/1781/860 2336/1779/290
f 2336/1779/290 2338/1781/860 2339/1782/1824
f 2340/1783/1825 2341/1784/1826 2342/1785/1826
f 2340/1783/1825 2342/1785/1826 2343/1786/1826
f 2343/1786/1826 2342/1785/1826 2344/1787/1827
f 2343/1786/1826 2344/1787/1827 2345/1788/1414
f 2345/1788/1414 2344/1787/1827 2346/1789/1828
f 2345/1788/1414 2346/1789/1828 2347/1790/1829
f 2347/1790/1829 2346/1789/1828 2333/1776/559
f 2347/1790/1829 2333/1776/559 2332/1775/1821
f 2332/1775/1821 2348/1791/1830 2347/1790/1829
f 2349/1792/1831 2348/1791/1830 2332/1775/1821
f 2350/1793/902 2348/1791/1830 2349/1792/1831
f 2351/1794/1832 2350/1793/902 2349/1792/1831
f 2352/1795/840 2350/1793/902 2351/1794/1832
f 2351/1794/1832 2353/1796/1833 2352/1795/840
f 2352/1795/840 2353/1796/1833 2354/1797/1834
f 2355/1798/703 2352/1795/840 2354/1797/1834
f 2352/1795/840 2355/1798/703 2356/1799/1835
f 2357/1800/1836 2356/1799/1835 2355/1798/703
f 2358/1801/1837 2359/1802/1838 2357/1800/1836
f 2359/1802/1838 2356/1799/1835 2357/1800/1836
f 2356/1799/1835 2359/1802/1838 2360/1803/1839
f 2356/1799/1835 2360/1803/1839 2352/1795/840
f 2352/1795/840 2360/1803/1839 2350/1793/902
f 2361/1804/1840 2343/1786/1826 2345/1788/1414
f 2361/1804/1840 2345/1788/1414 2362/1805/1841
f 2362/1805/1841 2345/1788/1414 2347/1790/1829
f 2347/1790/1829 2348/1791/1830 2362/1805/1841
f 2348/1791/1830 2363/1806/1842 2362/1805/1841
f 2350/1793/902 2363/1806/1842 2348/1791/1830
f 2360/1803/1839 2363/1806/1842 2350/1793/902
f 2360/1803/1839 2364/1807/1843 2363/1806/1842
f 2359/1802/1838 2364/1807/1843 2360/1803/1839
f 2359/1802/1838 2365/1808/1844 2364/1807/1843
f 2365/1808/1844 2359/1802/1838 2358/1801/1837
f 2365/1808/1844 2358/1801/1837 2366/1809/1845
f 2366/1809/1845 2358/1801/1837 2367/1810/1846
f 2368/1811/1418 2366/1809/1845 2367/1810/1846
f 2369/1812/1847 2366/1809/1845 2368/1811/1418
f 2366/1809/1845 2369/1812/1847 2370/1813/1848
f 2370/1813/1848 2369/1812/1847 2371/1814/1849
f 2371/1814/1849 2372/1815/1850 2370/1813/1848
f 2373/1816/1157 2366/1809/1845 2370/1813/1848
f 2365/1808/1844 2366/1809/1845 2373/1816/1157
f 2364/1807/1843 2365/1808/1844 2373/1816/1157
f 2373/1816/1157 2374/1817/1851 2364/1807/1843
f 2370/1813/1848 2374/1817/1851 2373/1816/1157
f 2370/1813/1848 2375/1818/1852 2374/1817/1851
f 2372/1815/1850 2375/1818/1852 2370/1813/1848
f 2376/1819/1853 2375/1818/1852 2372/1815/1850
f 2377/1820/550 2378/1821/298 2361/1804/1840
f 2377/1820/550 2361/1804/1840 2379/1822/912
f 2379/1822/912 2361/1804/1840 2362/1805/1841
f 2362/1805/1841 2363/1806/1842 2379/1822/912
f 2379/1822/912 2363/1806/1842 2377/1820/550
f 2377/1820/550 2363/1806/1842 2364/1807/1843
f 2364/1807/1843 2374/1817/1851 2377/1820/550
f 2374/1817/1851 2378/1821/298 2377/1820/550
f 2375/1818/1852 2378/1821/298 2374/1817/1851
f 2380/1823/281 2378/1821/298 2375/1818/1852
f 2381/1824/1854 2380/1823/281 2375/1818/1852
f 2382/1825/509 2380/1823/281 2381/1824/1854
f 2383/1826/1855 2382/1825/509 2381/1824/1854
f 2384/1827/281 2382/1825/509 2383/1826/1855
f 2385/1828/1856 2384/1827/281 2383/1826/1855
f 2386/1829/1857 2384/1827/281 2385/1828/1856
f 2381/1824/1854 2375/1818/1852 2376/1819/1853
f 2387/1830/1858 2381/1824/1854 2376/1819/1853
f 2383/1826/1855 2381/1824/1854 2387/1830/1858
f 2387/1830/1858 2388/1831/1602 2383/1826/1855
f 2383/1826/1855 2388/1831/1602 2385/1828/1856
f 2389/1832/1859 2385/1828/1856 2388/1831/1602
f 2386/1829/1857 2385/1828/1856 2389/1832/1859
f 2389/1832/1859 2390/1833/1601 2386/1829/1857
f 2386/1829/1857 2390/1833/1601 2391/1834/1860
f 2386/1829/1857 2391/1834/1860 2384/1827/281
f 2384/1827/281 2391/1834/1860 2392/1835/1861
f 2384/1827/281 2392/1835/1861 2382/1825/509
f 2382/1825/509 2392/1835/1861 2393/1836/1862
f 2382/1825/509 2393/1836/1862 2380/1823/281
f 2380/1823/281 2393/1836/1862 2340/1783/1825
f 2380/1823/281 2340/1783/1825 2378/1821/298
f 2378/1821/298 2340/1783/1825 2343/1786/1826
f 2378/1821/298 2343/1786/1826 2361/1804/1840
f 2371/1814/1849 2394/1837/227 2372/1815/1850
f 2372/1815/1850 2394/1837/227 2376/1819/1853
f 2394/1837/227 2395/1838/1863 2376/1819/1853
f 2376/1819/1853 2395/1838/1863 2387/1830/1858
f 2395/1838/1863 2396/1839/1864 2387/1830/1858
f 2387/1830/1858 2396/1839/1864 2388/1831/1602
f 2396/1839/1864 2397/1840/1865 2388/1831/1602
f 2388/1831/1602 2397/1840/1865 2389/1832/1859
f 2397/1840/1865 2398/1841/1601 2389/1832/1859
f 2389/1832/1859 2398/1841/1601 2390/1833/1601
f 2390/1833/1601 2398/1841/1601 2399/1842/1314
f 2399/1842/1314 2391/1834/1860 2390/1833/1601
f 2400/1843/1825 2391/1834/1860 2399/1842/1314
f 2391/1834/1860 2400/1843/1825 2392/1835/1861
f 2392/1835/1861 2400/1843/1825 2401/1844/1866
f 2392/1835/1861 2401/1844/1866 2393/1836/1862
f 2393/1836/1862 2401/1844/1866 2341/1784/1826
f 2393/1836/1862 2341/1784/1826 2340/1783/1825
f 2402/1845/1867 2403/1846/1868 2404/1847/1868
f 2405/1848/1775 2406/1849/1869 2407/1850/885
f 2406/1849/1869 2408/1851/1584 2407/1850/885
f 2407/1850/885 2408/1851/1584 2409/1852/1870
f 2408/1851/1584 2369/1812/1847 2409/1852/1870
f 2409/1852/1870 2369/1812/1847 2368/1811/1418
f 2369/1812/1847 2408/1851/1584 2371/1814/1849
f 2371/1814/1849 2408/1851/1584 2394/1837/227
f 2408/1851/1584 2395/1838/1863 2394/1837/227
f 2395/1838/1863 2408/1851/1584 2406/1849/1869
f 2410/1853/1871 2395/1838/1863 2406/1849/1869
f 2410/1853/1871 2406/1849/1869 2405/1848/1775
f 2402/1845/1867 2410/1853/1871 2405/1848/1775
f 2404/1847/1872 2410/1853/1871 2402/1845/1867
f 2404/1847/1872 2396/1839/1864 2410/1853/1871
f 2396/1839/1864 2395/1838/1863 2410/1853/1871
f 2399/1842/1314 2411/1854/1826 2400/1843/1825
f 2412/1855/1873 2411/1854/1826 2399/1842/1314
f 2411/1854/1826 2412/1855/1873 2413/1856/509
f 2413/1856/509 2412/1855/1873 2414/1857/1554
f 2414/1857/1554 2415/1858/451 2413/1856/509
f 2416/1859/1874 2415/1858/451 2414/1857/1554
f 2415/1858/451 2416/1859/1874 2417/1860/1554
f 2417/1860/1554 2416/1859/1874 96/96/88
f 96/96/88 2416/1859/1874 94/94/86
f 2418/1861/1700 90/90/83 92/92/85
f 94/94/86 2418/1861/1700 92/92/85
f 2416/1859/1874 2418/1861/1700 94/94/86
f 2418/1861/1700 2416/1859/1874 2419/1862/1875
f 2419/1862/1875 2416/1859/1874 2414/1857/1554
f 2414/1857/1554 2420/1863/99 2419/1862/1875
f 2412/1855/1873 2420/1863/99 2414/1857/1554
f 2420/1863/99 2412/1855/1873 2421/1864/1876
f 2421/1864/1876 2412/1855/1873 2399/1842/1314
f 2399/1842/1314 2398/1841/1601 2421/1864/1876
f 2422/1865/1877 2396/1839/1864 2404/1847/1872
f 2422/1865/1877 2397/1840/1865 2396/1839/1864
f 2423/1866/1878 2397/1840/1865 2422/1865/1877
f 2397/1840/1865 2423/1866/1878 2398/1841/1601
f 2398/1841/1601 2423/1866/1878 2424/1867/1879
f 2398/1841/1601 2424/1867/1879 2421/1864/1876
f 2421/1864/1876 2424/1867/1879 2425/1868/1880
f 2421/1864/1876 2425/1868/1880 2420/1863/99
f 2420/1863/99 2425/1868/1880 2426/1869/1881
f 2420/1863/99 2426/1869/1881 2419/1862/1875
f 2419/1862/1875 2426/1869/1881 2427/1870/1689
f 2427/1870/1689 2418/1861/1700 2419/1862/1875
f 2428/1871/1250 2418/1861/1700 2427/1870/1689
f 2428/1871/1250 90/90/83 2418/1861/1700
f 2428/1871/1250 2429/1872/1658 90/90/83
f 90/90/83 2429/1872/1658 88/88/81
f 2429/1872/1658 84/84/77 88/88/81
f 88/88/81 84/84/77 86/86/79
f 2427/1870/1689 2430/1873/1882 2428/1871/1250
f 2427/1870/1689 2431/1874/1573 2430/1873/1882
f 2426/1869/1881 2431/1874/1573 2427/1870/1689
f 2426/1869/1881 2432/1875/1883 2431/1874/1573
f 2425/1868/1880 2432/1875/1883 2426/1869/1881
f 2425/1868/1880 2433/1876/1884 2432/1875/1883
f 2424/1867/1879 2433/1876/1884 2425/1868/1880
f 2424/1867/1879 2434/1877/1885 2433/1876/1884
f 2423/1866/1878 2434/1877/1885 2424/1867/1879
f 2423/1866/1878 2435/1878/1886 2434/1877/1885
f 2422/1865/1877 2435/1878/1886 2423/1866/1878
f 2422/1865/1877 2436/1879/1613 2435/1878/1886
f 2436/1879/1613 2437/1880/974 2435/1878/1886
f 2437/1880/974 2436/1879/1613 2438/1881/1008
f 2438/1881/1008 2439/1882/1009 2437/1880/974
f 2438/1881/1008 2436/1879/1613 2403/1846/1009
f 2404/1847/1872 2403/1846/1009 2436/1879/1613
f 2404/1847/1872 2436/1879/1613 2422/1865/1877
f 1620/1203/1039 2440/1883/1040 1621/1204/1887
f 2441/1884/1888 2440/1883/1040 1620/1203/1039
f 2441/1884/1888 2442/1885/1889 2440/1883/1040
f 2443/1886/3 2442/1885/1889 2441/1884/1888
f 2443/1886/3 2444/1887/1890 2442/1885/1889
f 2445/1888/1891 2444/1887/1890 2443/1886/3
f 2446/1889/1892 2445/1888/1891 2443/1886/3
f 2447/1890/1893 2445/1888/1891 2446/1889/1892
f 2446/1889/1892 2448/1891/1894 2447/1890/1893
f 2447/1890/1893 2448/1891/1894 2449/1892/1893
f 2449/1892/1893 2448/1891/1894 2450/1893/1418
f 2451/1894/1895 2439/1882/1009 2438/1881/1008
f 2451/1894/1895 2452/1895/959 2439/1882/1009
f 2453/1896/1896 2452/1895/959 2451/1894/1895
f 2452/1895/959 2453/1896/1896 2454/1897/1897
f 2454/1897/1897 2453/1896/1896 2450/1893/1418
f 2450/1893/1418 2448/1891/1894 2454/1897/1897
f 2455/1898/593 2454/1897/1897 2448/1891/1894
f 2455/1898/593 2448/1891/1894 2456/1899/1898
f 2456/1899/1898 2457/1900/1899 2455/1898/593
f 2456/1899/1898 2458/1901/1900 2457/1900/1899
f 2458/1901/1900 2459/1902/1901 2457/1900/1899
f 2459/1902/1901 2458/1901/1900 2460/1903/677
f 2460/1903/677 2461/1904/1842 2459/1902/1901
f 2462/1905/1902 2461/1904/1842 2460/1903/677
f 2462/1905/1902 2463/1906/450 2461/1904/1842
f 2463/1906/450 2462/1905/1902 2464/1907/1902
f 2463/1906/450 2464/1907/1902 2465/1908/1903
f 2465/1908/1903 2464/1907/1902 2466/1909/1414
f 2435/1878/1886 2467/1910/1904 2434/1877/1885
f 2435/1878/1886 2437/1880/974 2467/1910/1904
f 2468/1911/1905 2469/1912/1906 2434/1877/1885
f 2434/1877/1885 2467/1910/1904 2468/1911/1905
f 2467/1910/1904 2470/1913/975 2468/1911/1905
f 2437/1880/974 2470/1913/975 2467/1910/1904
f 2437/1880/974 2471/1914/1907 2470/1913/975
f 2471/1914/1907 2437/1880/974 2439/1882/1009
f 2439/1882/1009 2452/1895/959 2471/1914/1907
f 2471/1914/1907 2452/1895/959 2472/1915/1908
f 2452/1895/959 2454/1897/1897 2472/1915/1908
f 2472/1915/1908 2454/1897/1897 2473/1916/1909
f 2454/1897/1897 2455/1898/593 2473/1916/1909
f 2473/1916/1909 2455/1898/593 2474/1917/1910
f 2455/1898/593 2457/1900/1899 2474/1917/1910
f 2457/1900/1899 2475/1918/1911 2474/1917/1910
f 2457/1900/1899 2459/1902/1901 2475/1918/1911
f 2459/1902/1901 2461/1904/1842 2475/1918/1911
f 2475/1918/1911 2461/1904/1842 2476/1919/1912
f 2461/1904/1842 2463/1906/450 2476/1919/1912
f 2477/1920/1913 2478/1921/1779 2479/1922/496
f 2478/1921/1779 2480/1923/135 2479/1922/496
f 2479/1922/496 2480/1923/135 2481/1924/1914
f 2480/1923/135 2482/1925/1915 2481/1924/1914
f 2470/1913/975 2471/1914/1907 2477/1920/1913
f 2471/1914/1907 2478/1921/1779 2477/1920/1913
f 2471/1914/1907 2472/1915/1908 2478/1921/1779
f 2472/1915/1908 2480/1923/135 2478/1921/1779
f 2473/1916/1909 2480/1923/135 2472/1915/1908
f 2480/1923/135 2473/1916/1909 2482/1925/1915
f 2482/1925/1915 2473/1916/1909 2474/1917/1910
f 2474/1917/1910 2475/1918/1911 2482/1925/1915
f 2475/1918/1911 2476/1919/1912 2482/1925/1915
f 2482/1925/1915 2476/1919/1912 2483/1926/1916
f 2481/1924/1914 2482/1925/1915 2483/1926/1916
f 2483/1926/1916 2484/1927/1917 2481/1924/1914
f 2484/1927/1917 2485/1928/1918 2481/1924/1914
f 2481/1924/1914 2485/1928/1918 2479/1922/496
f 2485/1928/1918 2486/1929/1919 2479/1922/496
f 2487/1930/1920 2479/1922/496 2486/1929/1919
f 2477/1920/1913 2479/1922/496 2487/1930/1920
f 2488/1931/1921 2477/1920/1913 2487/1930/1920
f 2470/1913/975 2477/1920/1913 2488/1931/1921
f 2468/1911/1905 2470/1913/975 2488/1931/1921
f 2489/1932/8 2486/1929/1919 2485/1928/1905
f 2490/1933/1922 2486/1929/1919 2489/1932/8
f 2491/1934/1923 2486/1929/1919 2490/1933/1922
f 2491/1934/1923 2487/1930/1920 2486/1929/1919
f 2491/1934/1923 2492/1935/1924 2487/1930/1920
f 2487/1930/1920 2492/1935/1924 2488/1931/1921
f 2492/1935/1924 2469/1912/1906 2488/1931/1921
f 2488/1931/1921 2469/1912/1906 2468/1911/1905
f 2491/1934/1923 2490/1933/1922 2492/1935/1924
f 2490/1933/1922 2493/1936/1925 2492/1935/1924
f 2492/1935/1924 2493/1936/1925 2469/1912/1906
f 2484/1927/1917 2489/1932/8 2485/1928/1918
f 2490/1933/1922 2494/1937/1588 2493/1936/1925
f 2476/1919/1912 2463/1906/450 2465/1908/1903
f 2476/1919/1912 2465/1908/1903 2483/1926/1916
f 2483/1926/1916 2465/1908/1903 2495/1938/1734
f 2495/1938/1734 2484/1927/1917 2483/1926/1916
f 2495/1938/1734 2496/1939/1012 2484/1927/1917
f 2496/1939/1012 2489/1932/8 2484/1927/1917
f 2497/1940/1926 2489/1932/8 2496/1939/1012
f 2490/1933/1922 2489/1932/8 2497/1940/1926
f 2490/1933/1922 2497/1940/1926 2498/1941/1927
f 2498/1941/1927 2494/1937/1588 2490/1933/1922
f 2498/1941/1927 2499/1942/149 2494/1937/1588
f 2499/1942/149 2430/1873/1882 2494/1937/1588
f 2494/1937/1588 2430/1873/1882 2431/1874/1573
f 2431/1874/1573 2493/1936/1925 2494/1937/1588
f 2432/1875/1883 2493/1936/1925 2431/1874/1573
f 2493/1936/1925 2432/1875/1883 2469/1912/1906
f 2469/1912/1906 2432/1875/1883 2433/1876/1884
f 2434/1877/1885 2469/1912/1906 2433/1876/1884
f 2498/1941/1927 2497/1940/1926 2500/1943/1928
f 2466/1909/1414 2495/1938/1734 2465/1908/1903
f 2501/1944/422 2495/1938/1734 2466/1909/1414
f 2501/1944/422 2496/1939/1012 2495/1938/1734
f 2502/1945/1929 2496/1939/1012 2501/1944/422
f 2497/1940/1926 2496/1939/1012 2502/1945/1929
f 2502/1945/1929 2503/44/1930 2497/1940/1926
f 2497/1940/1926 2503/44/1930 2500/1943/1928
f 2503/44/1930 2504/1946/82 2500/1943/1928
f 2504/1946/82 2498/1941/1927 2500/1943/1928
f 2505/1947/1931 2498/1941/1927 2504/1946/82
f 2505/1947/1931 2499/1942/149 2498/1941/1927
f 2505/1947/1931 2506/1948/1932 2499/1942/149
f 2499/1942/149 2506/1948/1932 2430/1873/1882
f 2430/1873/1882 2506/1948/1932 2507/1949/722
f 2428/1871/1250 2430/1873/1882 2507/1949/722
f 2428/1871/1250 2507/1949/722 83/83/76
f 2428/1871/1250 83/83/76 2429/1872/1658
f 2429/1872/1658 83/83/76 84/84/77
f 2508/1950/1927 2509/36/1589 2510/1951/1186
f 2511/1952/1933 2508/1950/1927 2510/1951/1186
f 2512/1953/154 2508/1950/1927 2511/1952/1933
f 2511/1952/1933 2513/1954/746 2512/1953/154
f 2512/1953/154 2513/1954/746 2514/1955/1814
f 2513/1954/746 2515/1956/1934 2514/1955/1814
f 2514/1955/1814 2515/1956/1934 2516/1957/1935
f 2515/1956/1934 2517/1958/1624 2516/1957/1935
f 2518/1959/1936 2516/1957/1935 2517/1958/1624
f 2517/1958/1624 2519/1960/1937 2518/1959/1936
f 2518/1959/1936 2519/1960/1937 2520/1961/536
f 2520/1961/536 2519/1960/1937 2521/1962/1938
f 2522/1963/257 2520/1961/536 2521/1962/1938
f 2523/1964/1938 2522/1963/257 2521/1962/1938
f 2524/1965/1939 2522/1963/257 2523/1964/1938
f 2525/1966/1940 2519/1960/1937 2517/1958/1624
f 2517/1958/1624 2526/1967/1620 2525/1966/1940
f 2526/1967/1620 2517/1958/1624 2515/1956/1934
f 2502/1945/1929 2527/1968/423 2503/44/1930
f 2511/1952/1933 2527/1968/423 2502/1945/1929
f 2502/1945/1929 2501/1944/422 2511/1952/1933
f 2511/1952/1933 2501/1944/422 2513/1954/746
f 2466/1909/1414 2513/1954/746 2501/1944/422
f 2515/1956/1934 2513/1954/746 2466/1909/1414
f 2464/1907/1902 2515/1956/1934 2466/1909/1414
f 2526/1967/1620 2515/1956/1934 2464/1907/1902
f 2464/1907/1902 2528/1969/484 2526/1967/1620
f 2525/1966/1940 2526/1967/1620 2528/1969/484
f 2511/1952/1933 2510/1951/1186 2527/1968/423
f 2529/42/1941 2530/1970/1942 2531/40/461
f 2530/1970/1942 2532/1971/1943 2531/40/461
f 2531/40/461 2532/1971/1943 2533/38/1944
f 2534/1972/1945 2535/1973/1733 2536/43/1946
f 2537/41/1947 2534/1972/1945 2536/43/1946
f 2537/41/1947 2536/43/1946 2529/42/1941
f 2531/40/461 2537/41/1947 2529/42/1941
f 2537/41/1947 2531/40/461 2538/39/1948
f 2538/39/1948 2531/40/461 2533/38/1944
f 2539/37/1949 2538/39/1948 2533/38/1944
f 2533/38/1944 2509/36/1589 2539/37/1949
f 2532/1971/1943 2509/36/1589 2533/38/1944
f 2510/1951/1186 2509/36/1589 2532/1971/1943
f 2530/1970/1942 2510/1951/1186 2532/1971/1943
f 2527/1968/423 2510/1951/1186 2530/1970/1942
f 2527/1968/423 2530/1970/1942 2529/42/1941
f 2527/1968/423 2529/42/1941 2503/44/1930
f 2529/42/1941 2536/43/1946 2503/44/1930
f 2536/43/1946 2504/1946/82 2503/44/1930
f 2536/43/1946 2535/1973/1733 2504/1946/82
f 2535/1973/1733 2505/1947/1931 2504/1946/82
f 2540/1974/1691 2505/1947/1931 2535/1973/1733
f 2540/1974/1691 2506/1948/1932 2505/1947/1931
f 2200/1656/1727 2198/1654/1725 2196/1652/1724
f 2200/1656/1727 2196/1652/1724 2195/1651/1077
f 2538/39/1948 2534/1972/1945 2537/41/1947
f 2508/1950/1927 2541/30/1344 2542/34/1950
f 2508/1950/1927 2542/34/1950 2509/36/1589
f 2542/34/1950 2543/35/1951 2509/36/1589
f 2509/36/1589 2543/35/1951 2539/37/1949
f 2539/37/1949 2543/35/1951 2544/1975/1952
f 2544/1975/1952 2538/39/1948 2539/37/1949
f 2202/1658/1729 2538/39/1948 2544/1975/1952
f 2534/1972/1945 2538/39/1948 2202/1658/1729
f 2202/1658/1729 2200/1656/1727 2534/1972/1945
f 2534/1972/1945 2200/1656/1727 2535/1973/1733
f 2535/1973/1733 2200/1656/1727 2195/1651/1077
f 2195/1651/1077 2540/1974/1691 2535/1973/1733
f 2194/1650/1247 2540/1974/1691 2195/1651/1077
f 2540/1974/1691 2194/1650/1247 2506/1948/1932
f 2506/1948/1932 2194/1650/1247 2183/1639/1717
f 2183/1639/1717 2507/1949/722 2506/1948/1932
f 2184/1640/1718 2507/1949/722 2183/1639/1717
f 83/83/76 2507/1949/722 2184/1640/1718
f 2545/1976/1678 1631/1214/1350 1630/1213/1349
f 2546/1977/1953 1631/1214/1350 2545/1976/1678
f 2547/1978/1954 2546/1977/1953 2545/1976/1678
f 2548/1979/1955 2546/1977/1953 2547/1978/1954
f 2549/1980/1956 2548/1979/1955 2547/1978/1954
f 2550/1981/1957 2548/1979/1955 2549/1980/1956
f 2549/1980/1956 2207/1663/1732 2550/1981/1957
f 2550/1981/1957 2207/1663/1732 2551/1982/1710
f 2551/1982/1710 2207/1663/1732 2206/1662/1731
f 2551/1982/1710 2206/1662/1731 2552/1983/1958
f 2206/1662/1731 2203/1659/1176 2552/1983/1958
f 2552/1983/1958 2203/1659/1176 2553/1984/1959
f 2553/1984/1959 2203/1659/1176 2202/1658/1729
f 2553/1984/1959 2202/1658/1729 2554/1985/1960
f 2554/1985/1960 2202/1658/1729 2544/1975/1952
f 2544/1975/1952 2543/35/1951 2554/1985/1960
f 2543/35/1951 2555/33/1961 2554/1985/1960
f 2542/34/1950 2555/33/1961 2543/35/1951
f 2548/1979/1955 2556/1986/651 2557/1987/1962
f 2548/1979/1955 2550/1981/1957 2556/1986/651
f 2550/1981/1957 2558/1988/1963 2556/1986/651
f 2558/1988/1963 2550/1981/1957 2551/1982/1710
f 2551/1982/1710 2559/1989/1964 2558/1988/1963
f 2552/1983/1958 2559/1989/1964 2551/1982/1710
f 2552/1983/1958 2553/1984/1959 2559/1989/1964
f 2559/1989/1964 2553/1984/1959 2554/1985/1960
f 2554/1985/1960 2555/33/1961 2559/1989/1964
f 2559/1989/1964 2555/33/1961 2558/1988/1963
f 2558/1988/1963 2555/33/1961 2560/31/1965
f 2556/1986/651 2558/1988/1963 2560/31/1965
f 2561/1990/1343 2556/1986/651 2560/31/1965
f 2556/1986/651 2561/1990/1343 2557/1987/1962
f 2557/1987/1962 2561/1990/1343 2562/1991/1718
f 2557/1987/1962 2562/1991/1718 2563/1992/1966
f 2563/1992/1966 2548/1979/1955 2557/1987/1962
f 2564/1993/77 2548/1979/1955 2563/1992/1966
f 2546/1977/1953 2548/1979/1955 2564/1993/77
f 2546/1977/1953 2564/1993/77 1631/1214/1350
f 1631/1214/1350 2564/1993/77 2565/1994/1967
f 1631/1214/1350 2565/1994/1967 1628/1211/1347
f 2565/1994/1967 1627/1210/1346 1628/1211/1347
f 2566/32/9 2560/31/1965 2555/33/1961
f 2566/32/9 2555/33/1961 2542/34/1950
f 2542/34/1950 2541/30/1344 2566/32/9
f 2541/30/1344 2560/31/1965 2566/32/9
f 2567/29/1968 2560/31/1965 2541/30/1344
f 2561/1990/1343 2560/31/1965 2567/29/1968
f 2567/29/1968 2568/27/1716 2561/1990/1343
f 2561/1990/1343 2568/27/1716 2562/1991/1718
f 2562/1991/1718 2568/27/1716 2569/1995/1969
f 2563/1992/1966 2562/1991/1718 2569/1995/1969
f 2563/1992/1966 2569/1995/1969 2570/1996/1970
f 2570/1996/1970 2564/1993/77 2563/1992/1966
f 2571/1997/1971 2564/1993/77 2570/1996/1970
f 2565/1994/1967 2564/1993/77 2571/1997/1971
f 2571/1997/1971 2572/1674/420 2565/1994/1967
f 2565/1994/1967 2572/1674/420 1627/1210/1346
f 2572/1674/420 2573/1669/98 1627/1210/1346
f 1627/1210/1346 2573/1669/98 1624/1207/1344
f 1624/1207/1344 2573/1669/98 2574/1671/227
f 2574/1671/227 2573/1669/98 2575/1670/1633
f 2572/1674/420 2575/1670/1633 2573/1669/98
f 2576/1673/1972 2575/1670/1633 2572/1674/420
f 2571/1997/1971 2576/1673/1972 2572/1674/420
f 2577/1998/1973 2576/1673/1972 2571/1997/1971
f 2577/1998/1973 2571/1997/1971 2570/1996/1970
f 1625/1208/1345 2212/1215/661 2213/1668/1891
f 2567/29/1968 2541/30/1344 2578/28/1951
f 2567/29/1968 2578/28/1951 2568/27/1716
f 2574/1671/227 2212/1215/661 1624/1207/1344
f 2213/1668/1891 2212/1215/661 2574/1671/227
f 2575/1670/1633 2213/1668/1891 2574/1671/227
f 2218/1672/1974 2213/1668/1891 2575/1670/1633
f 2218/1672/1974 2575/1670/1633 2576/1673/1972
f 2579/1999/1975 2218/1672/1974 2576/1673/1972
f 2579/1999/1975 2576/1673/1972 2577/1998/1973
f 2580/2000/251 2579/1999/1975 2577/1998/1973
f 2577/1998/1973 2570/1996/1970 2580/2000/251
f 2580/2000/251 2570/1996/1970 2581/2001/1075
f 2570/1996/1970 2569/1995/1969 2581/2001/1075
f 2569/1995/1969 2582/25/1976 2581/2001/1075
f 2569/1995/1969 2568/27/1716 2582/25/1976
f 2568/27/1716 2583/26/1977 2582/25/1976
f 2578/28/1951 2583/26/1977 2568/27/1716
f 2583/26/1977 2578/28/1951 2512/1953/154
f 2578/28/1951 2541/30/1344 2512/1953/154
f 2512/1953/154 2541/30/1344 2508/1950/1927
f 2584/2002/1978 2579/1999/1975 2580/2000/251
f 2218/1672/1974 2579/1999/1975 2584/2002/1978
f 2585/2003/1979 2218/1672/1974 2584/2002/1978
f 2580/2000/251 2585/2003/1979 2584/2002/1978
f 2585/2003/1979 2580/2000/251 2586/2004/1980
f 2580/2000/251 2581/2001/1075 2586/2004/1980
f 2586/2004/1980 2581/2001/1075 2587/2005/1981
f 2581/2001/1075 2582/25/1976 2587/2005/1981
f 2582/25/1976 2583/26/1977 2587/2005/1981
f 2587/2005/1981 2583/26/1977 2516/1957/1935
f 2583/26/1977 2514/1955/1814 2516/1957/1935
f 2583/26/1977 2512/1953/154 2514/1955/1814
f 2588/2006/1982 2589/2007/1983 2590/2008/1477
f 2591/2009/1984 2218/1672/1974 2585/2003/1979
f 2592/2010/943 2591/2009/1984 2585/2003/1979
f 2593/2011/1985 2591/2009/1984 2592/2010/943
f 2593/2011/1985 2592/2010/943 2589/2007/1983
f 2589/2007/1983 2592/2010/943 2594/2012/854
f 2590/2008/1477 2589/2007/1983 2594/2012/854
f 2594/2012/854 2595/2013/985 2590/2008/1477
f 2596/2014/1986 2597/2015/241 2598/2016/1987
f 2599/2017/1988 2596/2014/1986 2598/2016/1987
f 2596/2014/1986 2599/2017/1988 2600/2018/1491
f 2600/2018/1491 2599/2017/1988 2601/2019/1989
f 2600/2018/1491 2601/2019/1989 2602/2020/1449
f 2602/2020/1449 2601/2019/1989 2603/2021/1990
f 2602/2020/1449 2603/2021/1990 2604/2022/117
f 2604/2022/117 2603/2021/1990 2595/2013/985
f 2604/2022/117 2595/2013/985 2594/2012/854
f 2594/2012/854 2605/2023/1991 2604/2022/117
f 2592/2010/943 2605/2023/1991 2594/2012/854
f 2592/2010/943 2606/2024/1992 2605/2023/1991
f 2585/2003/1979 2606/2024/1992 2592/2010/943
f 2606/2024/1992 2585/2003/1979 2520/1961/536
f 2520/1961/536 2585/2003/1979 2586/2004/1980
f 2586/2004/1980 2518/1959/1936 2520/1961/536
f 2587/2005/1981 2518/1959/1936 2586/2004/1980
f 2587/2005/1981 2516/1957/1935 2518/1959/1936
f 2597/2015/241 2596/2014/1986 2607/2025/1993
f 2607/2025/1993 2596/2014/1986 2600/2018/1491
f 2607/2025/1993 2600/2018/1491 2608/2026/1994
f 2608/2026/1994 2600/2018/1491 2602/2020/1449
f 2608/2026/1994 2602/2020/1449 2605/2023/1991
f 2605/2023/1991 2602/2020/1449 2604/2022/117
f 2609/2027/1995 2610/2028/1996 2597/2015/241
f 2597/2015/241 2607/2025/1993 2609/2027/1995
f 2609/2027/1995 2607/2025/1993 2611/2029/1997
f 2608/2026/1994 2611/2029/1997 2607/2025/1993
f 2612/2030/129 2611/2029/1997 2608/2026/1994
f 2608/2026/1994 2524/1965/1939 2612/2030/129
f 2605/2023/1991 2524/1965/1939 2608/2026/1994
f 2605/2023/1991 2522/1963/257 2524/1965/1939
f 2606/2024/1992 2522/1963/257 2605/2023/1991
f 2606/2024/1992 2520/1961/536 2522/1963/257
f 2613/2031/1998 2524/1965/1939 2523/1964/1938
f 2612/2030/129 2524/1965/1939 2613/2031/1998
f 2614/2032/1999 2612/2030/129 2613/2031/1998
f 2611/2029/1997 2612/2030/129 2614/2032/1999
f 2615/2033/2000 2611/2029/1997 2614/2032/1999
f 2609/2027/1995 2611/2029/1997 2615/2033/2000
f 2616/2034/2001 2609/2027/1995 2615/2033/2000
f 2610/2028/1996 2609/2027/1995 2616/2034/2001
f 2617/2035/2002 2610/2028/1996 2616/2034/2001
f 2618/2036/649 2610/2028/1996 2617/2035/2002
f 2618/2036/649 2617/2035/2002 2619/2037/2003
f 2619/2037/2003 2620/2038/2004 2618/2036/649
f 2619/2037/2003 2621/2039/2005 2620/2038/2004
f 2620/2038/2004 2621/2039/2005 2622/2040/2006
f 2621/2039/2005 2623/2041/2007 2622/2040/2006
f 2624/2042/2008 2623/2041/2007 2621/2039/2005
f 2625/2043/743 2623/2041/2007 2624/2042/2008
f 2626/2044/2009 2625/2043/743 2624/2042/2008
f 2525/1966/1940 2528/1969/484 2627/2045/2010
f 2525/1966/1940 2627/2045/2010 2519/1960/1937
f 2519/1960/1937 2627/2045/2010 2628/2046/2011
f 2628/2046/2011 2521/1962/1938 2519/1960/1937
f 2523/1964/1938 2521/1962/1938 2628/2046/2011
f 2629/2047/1587 2523/1964/1938 2628/2046/2011
f 2613/2031/1998 2523/1964/1938 2629/2047/1587
f 2629/2047/1587 2630/2048/2012 2613/2031/1998
f 2613/2031/1998 2630/2048/2012 2614/2032/1999
f 2631/2049/1358 2614/2032/1999 2630/2048/2012
f 2615/2033/2000 2614/2032/1999 2631/2049/1358
f 2631/2049/1358 2616/2034/2001 2615/2033/2000
f 2631/2049/1358 2632/2050/121 2616/2034/2001
f 2616/2034/2001 2632/2050/121 2617/2035/2002
f 2632/2050/121 2633/2051/2013 2617/2035/2002
f 2619/2037/2003 2617/2035/2002 2633/2051/2013
f 2619/2037/2003 2633/2051/2013 2621/2039/2005
f 2621/2039/2005 2633/2051/2013 2624/2042/2008
f 2460/1903/677 2634/2052/2014 2462/1905/1902
f 2462/1905/1902 2634/2052/2014 2528/1969/484
f 2462/1905/1902 2528/1969/484 2464/1907/1902
f 2627/2045/2010 2629/2047/1587 2628/2046/2011
f 2635/2053/2015 2633/2051/2013 2632/2050/121
f 2636/2054/2016 2635/2053/2015 2632/2050/121
f 2632/2050/121 2631/2049/1358 2636/2054/2016
f 2636/2054/2016 2631/2049/1358 2637/2055/1929
f 2631/2049/1358 2630/2048/2012 2637/2055/1929
f 2637/2055/1929 2630/2048/2012 2638/2056/2017
f 2638/2056/2017 2630/2048/2012 2639/2057/1465
f 2639/2057/1465 2630/2048/2012 2629/2047/1587
f 2639/2057/1465 2629/2047/1587 2627/2045/2010
f 2640/2058/2018 2639/2057/1465 2627/2045/2010
f 2627/2045/2010 2528/1969/484 2640/2058/2018
f 2634/2052/2014 2640/2058/2018 2528/1969/484
f 2634/2052/2014 2641/2059/2019 2640/2058/2018
f 2641/2059/2019 2639/2057/1465 2640/2058/2018
f 2639/2057/1465 2641/2059/2019 2638/2056/2017
f 2635/2053/2015 2624/2042/2008 2633/2051/2013
f 2626/2044/2009 2624/2042/2008 2635/2053/2015
f 2636/2054/2016 2626/2044/2009 2635/2053/2015
f 2642/2060/2020 2626/2044/2009 2636/2054/2016
f 2636/2054/2016 2643/2061/2021 2642/2060/2020
f 2637/2055/1929 2643/2061/2021 2636/2054/2016
f 2643/2061/2021 2637/2055/1929 2644/2062/2022
f 2644/2062/2022 2637/2055/1929 2638/2056/2017
f 2638/2056/2017 2645/2063/843 2644/2062/2022
f 2638/2056/2017 2641/2059/2019 2645/2063/843
f 2646/2064/607 2645/2063/843 2641/2059/2019
f 2646/2064/607 2641/2059/2019 2634/2052/2014
f 2634/2052/2014 2647/2065/503 2646/2064/607
f 2460/1903/677 2647/2065/503 2634/2052/2014
f 2460/1903/677 2648/2066/2023 2647/2065/503
f 2460/1903/677 2458/1901/1900 2648/2066/2023
f 2649/2067/820 2648/2066/2023 2458/1901/1900
f 2649/2067/820 2458/1901/1900 2456/1899/1898
f 2647/2065/503 2650/2068/2024 2646/2064/607
f 2650/2068/2024 2645/2063/843 2646/2064/607
f 2650/2068/2024 2651/2069/884 2645/2063/843
f 2644/2062/2022 2645/2063/843 2651/2069/884
f 2651/2069/884 2643/2061/2021 2644/2062/2022
f 2652/2070/2025 2625/2043/743 2626/2044/2009
f 2642/2060/2020 2652/2070/2025 2626/2044/2009
f 2653/2071/1289 2652/2070/2025 2642/2060/2020
f 2643/2061/2021 2653/2071/1289 2642/2060/2020
f 2654/2072/1275 2653/2071/1289 2643/2061/2021
f 2654/2072/1275 2643/2061/2021 2651/2069/884
f 2654/2072/1275 2651/2069/884 2655/2073/2026
f 2655/2073/2026 2651/2069/884 2650/2068/2024
f 2656/2074/2027 2655/2073/2026 2650/2068/2024
f 2656/2074/2027 2650/2068/2024 2647/2065/503
f 2657/2075/2028 2656/2074/2027 2647/2065/503
f 2647/2065/503 2648/2066/2023 2657/2075/2028
f 2441/1884/1888 2657/2075/2028 2648/2066/2023
f 2649/2067/820 2441/1884/1888 2648/2066/2023
f 2443/1886/3 2441/1884/1888 2649/2067/820
f 2443/1886/3 2649/2067/820 2446/1889/1892
f 2446/1889/1892 2649/2067/820 2456/1899/1898
f 2456/1899/1898 2448/1891/1894 2446/1889/1892
f 2658/2076/2029 1622/1205/1888 2659/2077/2030
f 2658/2076/2029 2659/2077/2031 2660/2078/2032
f 1620/1203/1039 2657/2075/2028 2441/1884/1888
f 1620/1203/1039 2656/2074/2027 2657/2075/2028
f 1622/1205/1888 2656/2074/2027 1620/1203/1039
f 2656/2074/2027 1622/1205/1888 2658/2076/2029
f 2658/2076/2029 2655/2073/2026 2656/2074/2027
f 2660/2078/2032 2655/2073/2026 2658/2076/2029
f 2654/2072/1275 2655/2073/2026 2660/2078/2032
f 2653/2071/1289 2654/2072/1275 2660/2078/2032
f 2653/2071/1289 2660/2078/2032 2652/2070/2025
f 2652/2070/2025 2660/2078/2032 2661/2079/2033
f 2652/2070/2025 2661/2079/2033 2625/2043/743
f 2660/2078/2032 2659/2077/2034 2661/2079/2033
f 1622/1205/328 2662/2080/1039 2659/2077/1139
f 1622/1205/328 1621/1204/1887 2662/2080/1039
f 2659/2077/1139 2662/2080/1039 2663/2081/1040
f 2664/2082/1044 2663/2081/1040 2665/2083/2035
f 2664/2082/1044 2665/2083/2035 2666/2084/1889
f 2665/2083/2035 2667/2085/2035 2666/2084/1889
f 2667/2085/2035 2668/2086/2036 2669/2087/1900
f 2666/2084/1889 2667/2085/2035 2669/2087/1900
f 2623/2041/2007 2666/2084/1889 2669/2087/1900
f 2625/2043/743 2666/2084/1889 2623/2041/2007
f 2664/2082/1044 2666/2084/1889 2625/2043/743
f 2625/2043/743 2661/2079/2033 2664/2082/1044
f 2664/2082/1044 2661/2079/2033 2663/2081/1040
f 2663/2081/1040 2661/2079/2033 2659/2077/2034
f 2670/2088/2037 2671/2089/754 2598/2016/1987
f 2598/2016/1987 2671/2089/754 2672/2090/2038
f 2672/2090/2038 2673/2091/553 2674/2092/2039
f 2671/2089/754 2673/2091/553 2672/2090/2038
f 2671/2089/754 2675/2093/2040 2673/2091/553
f 2618/2036/649 2675/2093/2040 2671/2089/754
f 2670/2088/2037 2618/2036/649 2671/2089/754
f 2610/2028/1996 2618/2036/649 2670/2088/2037
f 2597/2015/241 2610/2028/1996 2670/2088/2037
f 2598/2016/1987 2597/2015/241 2670/2088/2037
f 2622/2040/2006 2623/2041/2007 2676/2094/2041
f 2623/2041/2007 2669/2087/1900 2676/2094/2041
f 2676/2094/2041 2669/2087/1900 2677/2095/2042
f 2669/2087/1900 2668/2086/2036 2677/2095/2042
f 2668/2086/2036 2678/2096/2043 2677/2095/2042
f 2618/2036/649 2620/2038/2004 2675/2093/2040
f 1652/1234/1366 1653/1235/1367 2679/2097/2044
f 2679/2097/2044 1653/1235/1367 2680/2098/549
f 2680/2098/549 2674/2092/2039 2679/2097/2044
f 2679/2097/2044 2674/2092/2039 2673/2091/553
f 2673/2091/553 2681/2099/2045 2679/2097/2044
f 2675/2093/2040 2681/2099/2045 2673/2091/553
f 2681/2099/2045 2675/2093/2040 2682/2100/2046
f 2682/2100/2046 2675/2093/2040 2620/2038/2004
f 2620/2038/2004 2683/2101/2047 2682/2100/2046
f 2622/2040/2006 2683/2101/2047 2620/2038/2004
f 2622/2040/2006 2684/2102/415 2683/2101/2047
f 2684/2102/415 2622/2040/2006 2676/2094/2041
f 2684/2102/415 2676/2094/2041 2685/2103/2048
f 2676/2094/2041 2677/2095/2042 2685/2103/2048
f 2685/2103/2048 2677/2095/2042 2686/2104/2049
f 2677/2095/2042 2678/2096/2043 2686/2104/2049
f 2678/2096/2043 1636/1218/1354 2686/2104/2049
f 2687/2105/2050 1636/1218/1354 2678/2096/2043
f 2684/2102/415 2688/2106/2051 2683/2101/2047
f 2684/2102/415 2685/2103/2048 2688/2106/1902
f 2688/2106/1902 2685/2103/2048 1635/1217/1353
f 2686/2104/2049 1635/1217/1353 2685/2103/2048
f 1636/1218/1354 1635/1217/1353 2686/2104/2049
f 1637/1219/864 2689/2107/697 1635/1217/1353
f 1635/1217/1353 2689/2107/697 2688/2106/1902
f 1639/1221/1355 1642/1224/1357 1637/1219/864
f 1637/1219/864 1642/1224/1357 2689/2107/697
f 1644/1226/1359 2689/2107/697 1642/1224/1357
f 2690/2108/1358 2689/2107/697 1644/1226/1359
f 2690/2108/1358 2688/2106/1902 2689/2107/697
f 2691/2109/154 2688/2106/1902 2690/2108/1358
f 2683/2101/2047 2688/2106/1902 2691/2109/154
f 2691/2109/154 2682/2100/2046 2683/2101/2047
f 1646/1228/1361 2690/2108/1358 1644/1226/1359
f 2691/2109/154 2681/2099/2045 2682/2100/2046
f 2692/2110/2052 2681/2099/2045 2691/2109/154
f 2691/2109/154 2693/2111/2053 2692/2110/2052
f 2693/2111/2053 2691/2109/154 2694/2112/2054
f 2694/2112/2054 2691/2109/154 2690/2108/1358
f 2694/2112/2054 2690/2108/1358 1646/1228/2055
f 2681/2099/2045 1652/1234/1366 2679/2097/2044
f 2692/2110/2052 1652/1234/1366 2681/2099/2045
f 2692/2110/2052 2695/2113/254 1652/1234/1366
f 2692/2110/2052 2693/2111/2053 2695/2113/254
f 2695/2113/254 2693/2111/2053 1648/1230/1362
f 1648/1230/1362 2693/2111/2053 2694/2112/2054
f 2694/2112/2054 1646/1228/1361 1648/1230/1362
f 1652/1234/1366 2695/2113/254 1650/1232/1364
f 2695/2113/254 1648/1230/1362 1650/1232/1364
f 2696/1874/2056 2697/1875/2057 2698/1869/642
f 2697/1875/2057 2699/1876/2058 2700/1868/2059
f 2698/1869/642 2697/1875/2057 2700/1868/2059
f 2700/1868/2059 2701/1863/2060 2698/1869/642
f 2701/1863/2060 2702/1862/2061 2698/1869/642
f 2701/1863/2060 2703/1857/1512 2702/1862/2061
f 2704/1855/335 2703/1857/1512 2701/1863/2060
f 2705/1864/2062 2704/1855/335 2701/1863/2060
f 2705/1864/2062 2701/1863/2060 2700/1868/2059
f 2706/1867/350 2705/1864/2062 2700/1868/2059
f 2700/1868/2059 2699/1876/2058 2706/1867/350
f 2699/1876/2058 2707/1877/2063 2706/1867/350
f 2708/1912/2064 2707/1877/2063 2699/1876/2058
f 2699/1876/2058 2697/1875/2057 2708/1912/2064
f 2708/1912/2064 2697/1875/2057 2709/1936/117
f 2697/1875/2057 2696/1874/2056 2709/1936/117
f 2709/1936/117 2696/1874/2056 2710/1937/2065
f 2696/1874/2056 2711/1873/2066 2710/1937/2065
f 2711/1873/2066 2696/1874/2056 2712/1870/675
f 2712/1870/675 2696/1874/2056 2698/1869/642
f 2698/1869/642 2702/1862/2061 2712/1870/675
f 2713/1910/2067 2707/1877/2063 2714/1911/2068
f 2714/1911/2068 2707/1877/2063 2708/1912/2064
f 2702/1862/2061 2715/1859/1524 2716/1861/2069
f 2703/1857/1512 2715/1859/1524 2702/1862/2061
f 2703/1857/1512 2717/1856/180 2715/1859/1524
f 2703/1857/1512 2704/1855/335 2717/1856/180
f 2717/1856/180 2704/1855/335 2718/1854/158
f 2719/1842/2070 2718/1854/158 2704/1855/335
f 2719/1842/2070 2704/1855/335 2705/1864/2062
f 2720/1841/67 2719/1842/2070 2705/1864/2062
f 2720/1841/67 2705/1864/2062 2706/1867/350
f 2721/1866/1440 2720/1841/67 2706/1867/350
f 2706/1867/350 2707/1877/2063 2721/1866/1440
f 2722/1878/2071 2721/1866/1440 2707/1877/2063
f 2722/1878/2071 2707/1877/2063 2713/1910/2067
f 2723/1880/2072 2722/1878/2071 2713/1910/2067
f 2723/1880/2072 2713/1910/2067 2724/1913/2073
f 2713/1910/2067 2714/1911/2068 2724/1913/2073
f 2724/1913/2073 2714/1911/2068 2725/1931/2074
f 2714/1911/2068 2708/1912/2064 2725/1931/2074
f 2445/1888/16 2726/1886/2075 2444/1887/2076
f 2445/1888/16 2727/1889/2077 2726/1886/2075
f 2447/1890/2078 2727/1889/2077 2445/1888/16
f 2447/1890/2078 2728/1891/2079 2727/1889/2077
f 2449/1892/2080 2728/1891/2079 2447/1890/2078
f 2449/1892/2080 2450/1893/745 2728/1891/2079
f 2728/1891/2079 2450/1893/745 2729/1897/757
f 2453/1896/1137 2729/1897/757 2450/1893/745
f 2730/1895/2081 2729/1897/757 2453/1896/1137
f 2451/1894/2082 2730/1895/2081 2453/1896/1137
f 2731/1882/2083 2730/1895/2081 2451/1894/2082
f 2451/1894/2082 2438/1881/984 2731/1882/2083
f 2731/1882/2083 2438/1881/984 2723/1880/2072
f 2438/1881/984 2732/1879/971 2723/1880/2072
f 2732/1879/971 2722/1878/2071 2723/1880/2072
f 2732/1879/971 2733/1865/2084 2722/1878/2071
f 2733/1865/2084 2721/1866/1440 2722/1878/2071
f 2733/1865/2084 2734/1840/2085 2721/1866/1440
f 2735/1930/2086 2736/1920/2087 2725/1931/2074
f 2725/1931/2074 2736/1920/2087 2724/1913/2073
f 2724/1913/2073 2736/1920/2087 2737/1914/2088
f 2723/1880/2072 2724/1913/2073 2737/1914/2088
f 2737/1914/2088 2731/1882/2083 2723/1880/2072
f 2737/1914/2088 2730/1895/2081 2731/1882/2083
f 2726/1886/2075 2738/2067/2089 2739/1884/427
f 2726/1886/2075 2727/1889/2077 2738/2067/2089
f 2738/2067/2089 2727/1889/2077 2740/1899/2090
f 2728/1891/2079 2740/1899/2090 2727/1889/2077
f 2741/1898/792 2740/1899/2090 2728/1891/2079
f 2741/1898/792 2728/1891/2079 2729/1897/757
f 2729/1897/757 2742/1916/2091 2741/1898/792
f 2742/1916/2091 2729/1897/757 2743/1915/1773
f 2743/1915/1773 2729/1897/757 2730/1895/2081
f 2743/1915/1773 2730/1895/2081 2737/1914/2088
f 2737/1914/2088 2744/1921/1323 2743/1915/1773
f 2736/1920/2087 2744/1921/1323 2737/1914/2088
f 2745/1922/674 2744/1921/1323 2736/1920/2087
f 2735/1930/2086 2745/1922/674 2736/1920/2087
f 2746/1929/855 2745/1922/674 2735/1930/2086
f 2747/1934/2092 2746/1929/855 2735/1930/2086
f 2748/1933/2093 2746/1929/855 2747/1934/2092
f 2747/1934/2092 2749/1935/2094 2748/1933/2093
f 2747/1934/2092 2735/1930/2086 2749/1935/2094
f 2749/1935/2094 2735/1930/2086 2725/1931/2074
f 2745/1922/674 2750/1923/2095 2744/1921/1323
f 2744/1921/1323 2750/1923/2095 2743/1915/1773
f 2743/1915/1773 2750/1923/2095 2742/1916/2091
f 44/44/40 2751/1946/1402 43/43/39
f 2752/1943/1481 2751/1946/1402 44/44/40
f 2753/1941/2096 2751/1946/1402 2752/1943/1481
f 2752/1943/1481 2754/1940/2097 2753/1941/2096
f 2753/1941/2096 2754/1940/2097 2748/1933/2093
f 2754/1940/2097 2755/1932/2098 2748/1933/2093
f 2755/1932/2098 2746/1929/855 2748/1933/2093
f 2756/1928/2099 2746/1929/855 2755/1932/2098
f 2745/1922/674 2746/1929/855 2756/1928/2099
f 2756/1928/2099 2757/1924/2100 2745/1922/674
f 2757/1924/2100 2750/1923/2095 2745/1922/674
f 2750/1923/2095 2757/1924/2100 2758/1925/2101
f 2750/1923/2095 2758/1925/2101 2742/1916/2091
f 2742/1916/2091 2758/1925/2101 2759/1917/2102
f 2741/1898/792 2742/1916/2091 2759/1917/2102
f 2760/1900/2103 2741/1898/792 2759/1917/2102
f 2740/1899/2090 2741/1898/792 2760/1900/2103
f 2761/1901/153 2740/1899/2090 2760/1900/2103
f 2752/1943/1481 44/44/40 2754/1940/2097
f 2762/1968/319 44/44/40 42/42/38
f 2762/1968/319 2763/1945/2104 44/44/40
f 2754/1940/2097 44/44/40 2763/1945/2104
f 2763/1945/2104 2764/1939/2105 2754/1940/2097
f 2764/1939/2105 2755/1932/2098 2754/1940/2097
f 2765/1927/2106 2755/1932/2098 2764/1939/2105
f 2756/1928/2099 2755/1932/2098 2765/1927/2106
f 2765/1927/2106 2757/1924/2100 2756/1928/2099
f 2757/1924/2100 2765/1927/2106 2766/1926/2107
f 2758/1925/2101 2757/1924/2100 2766/1926/2107
f 2767/1919/2108 2758/1925/2101 2766/1926/2107
f 2768/1918/2109 2758/1925/2101 2767/1919/2108
f 2769/1904/2110 2768/1918/2109 2767/1919/2108
f 2770/1902/2111 2768/1918/2109 2769/1904/2110
f 2771/1903/1284 2770/1902/2111 2769/1904/2110
f 2771/1903/1284 2761/1901/153 2770/1902/2111
f 2772/2066/2112 2761/1901/153 2771/1903/1284
f 2771/1903/1284 2773/2065/376 2772/2066/2112
f 2761/1901/153 2760/1900/2103 2770/1902/2111
f 2770/1902/2111 2760/1900/2103 2768/1918/2109
f 2760/1900/2103 2759/1917/2102 2768/1918/2109
f 2768/1918/2109 2759/1917/2102 2758/1925/2101
f 2180/1636/2113 2774/1637/2114 2775/1632/2115
f 2192/1648/2116 2774/1637/2114 2180/1636/2113
f 2774/1637/2114 2192/1648/2116 2776/1643/2117
f 2776/1643/2117 2192/1648/2116 2191/1647/2118
f 2190/1646/2119 2776/1643/2117 2191/1647/2118
f 2777/1642/2120 2776/1643/2117 2190/1646/2119
f 2190/1646/2119 2189/1645/2121 2777/1642/2120
f 2189/1645/2121 2778/1644/380 2777/1642/2120
f 2778/1644/380 2779/1641/991 2777/1642/2120
f 2777/1642/2120 2779/1641/991 2776/1643/2117
f 2779/1641/991 2780/1649/369 2776/1643/2117
f 2776/1643/2117 2780/1649/369 2774/1637/2114
f 2204/1660/2122 2781/1657/1025 2208/1664/2123
f 2781/1657/1025 2199/1655/2124 2208/1664/2123
f 2782/1656/2125 2783/1652/2126 2784/1654/2127
f 2782/1656/2125 2785/1651/931 2783/1652/2126
f 2786/1638/380 2774/1637/2114 2780/1649/369
f 2786/1638/380 2780/1649/369 2787/1650/2126
f 2787/1650/2126 2780/1649/369 2779/1641/991
f 2779/1641/991 2785/1651/931 2787/1650/2126
f 2778/1644/380 2785/1651/931 2779/1641/991
f 2783/1652/2126 2785/1651/931 2778/1644/380
f 2783/1652/2126 2778/1644/380 2189/1645/2121
f 2197/1653/2128 2783/1652/2126 2189/1645/2121
f 2784/1654/2127 2783/1652/2126 2197/1653/2128
f 2199/1655/2124 2784/1654/2127 2197/1653/2128
f 2782/1656/2125 2784/1654/2127 2199/1655/2124
f 2782/1656/2125 2199/1655/2124 2781/1657/1025
f 2781/1657/1025 2788/1658/1729 2782/1656/2125
f 2789/1659/2129 2788/1658/1729 2781/1657/1025
f 2789/1659/2129 2781/1657/1025 2204/1660/2122
f 2205/1661/2130 2789/1659/2129 2204/1660/2122
f 2790/1662/2131 2789/1659/2129 2205/1661/2130
f 2207/1663/2132 2790/1662/2131 2205/1661/2130
f 37/37/33 39/39/35 2791/1975/2133
f 2791/1975/2133 35/35/31 37/37/33
f 2792/1985/2134 35/35/31 2791/1975/2133
f 2791/1975/2133 2788/1658/1729 2792/1985/2134
f 2792/1985/2134 2788/1658/1729 2793/1984/2135
f 2793/1984/2135 2788/1658/1729 2789/1659/2129
f 2793/1984/2135 2789/1659/2129 2794/1983/2136
f 2794/1983/2136 2789/1659/2129 2790/1662/2131
f 2795/1982/2137 2794/1983/2136 2790/1662/2131
f 2795/1982/2137 2790/1662/2131 2207/1663/2132
f 2795/1982/2137 2207/1663/2132 2796/1981/2138
f 2796/1981/2138 2207/1663/2132 2549/1980/2139
f 2796/1981/2138 2549/1980/2139 2797/1979/2140
f 2797/1979/2140 2549/1980/2139 2547/1978/2141
f 2797/1979/2140 2547/1978/2141 2798/1977/2142
f 2798/1977/2142 2547/1978/2141 2545/1976/1678
f 2545/1976/1678 2799/1214/2143 2798/1977/2142
f 1630/1213/951 2799/1214/2143 2545/1976/1678
f 2792/1985/2134 33/33/29 35/35/31
f 2800/1989/2144 33/33/29 2792/1985/2134
f 2792/1985/2134 2793/1984/2135 2800/1989/2144
f 2800/1989/2144 2793/1984/2135 2794/1983/2136
f 2795/1982/2137 2800/1989/2144 2794/1983/2136
f 2801/1990/2145 27/27/23 29/29/25
f 29/29/25 31/31/27 2801/1990/2145
f 2801/1990/2145 31/31/27 2802/1986/2146
f 2803/1988/667 2802/1986/2146 31/31/27
f 31/31/27 33/33/29 2803/1988/667
f 2803/1988/667 33/33/29 2800/1989/2144
f 2804/1995/2147 2805/1991/2148 2806/2114/2149
f 2806/2114/2149 2805/1991/2148 2807/1987/1690
f 2797/1979/2140 2806/2114/2149 2807/1987/1690
f 2808/1993/1366 2806/2114/2149 2797/1979/2140
f 2798/1977/2142 2808/1993/1366 2797/1979/2140
f 2799/1214/2143 2808/1993/1366 2798/1977/2142
f 2803/1988/667 2800/1989/2144 2795/1982/2137
f 2803/1988/667 2795/1982/2137 2796/1981/2138
f 2796/1981/2138 2802/1986/2146 2803/1988/667
f 2797/1979/2140 2802/1986/2146 2796/1981/2138
f 2797/1979/2140 2807/1987/1690 2802/1986/2146
f 2807/1987/1690 2801/1990/2145 2802/1986/2146
f 2805/1991/2148 2801/1990/2145 2807/1987/1690
f 2805/1991/2148 27/27/23 2801/1990/2145
f 2805/1991/2148 2804/1995/2147 27/27/23
f 27/27/23 2804/1995/2147 25/25/21
f 2809/2001/946 25/25/21 2804/1995/2147
f 2806/2114/2149 2809/2001/946 2804/1995/2147
f 2809/2001/946 2806/2114/2149 2810/2000/2150
f 2810/2000/2150 2806/2114/2149 2811/2115/2151
f 2811/2115/2151 2806/2114/2149 2808/1993/1366
f 2812/1994/2152 2811/2115/2151 2808/1993/1366
f 2812/1994/2152 2808/1993/1366 2799/1214/2143
f 2799/1214/2143 2813/1211/2153 2812/1994/2152
f 1630/1213/951 2813/1211/2153 2799/1214/2143
f 1629/1212/2154 2813/1211/2153 1630/1213/951
f 2813/1211/2153 1629/1212/2154 1626/1209/1739
f 1626/1209/1739 2214/1210/929 2813/1211/2153
f 2813/1211/2153 2214/1210/929 2812/1994/2152
f 2214/1210/929 2220/1674/1742 2812/1994/2152
f 2812/1994/2152 2220/1674/1742 2811/2115/2151
f 2811/2115/2151 2220/1674/1742 2219/1673/1039
f 2814/1999/2155 2811/2115/2151 2219/1673/1039
f 2814/1999/2155 2219/1673/1039 2218/1672/1741
f 2218/1672/1741 2815/2002/2156 2814/1999/2155
f 2816/2003/2157 2815/2002/2156 2218/1672/1741
f 2810/2000/2150 2815/2002/2156 2816/2003/2157
f 2816/2003/2157 2817/2004/2158 2810/2000/2150
f 2817/2004/2158 2809/2001/946 2810/2000/2150
f 2818/2005/786 2809/2001/946 2817/2004/2158
f 2818/2005/786 25/25/21 2809/2001/946
f 25/25/21 2818/2005/786 26/26/22
f 2811/2115/2151 2814/1999/2155 2810/2000/2150
f 2810/2000/2150 2814/1999/2155 2815/2002/2156
f 2819/2116/1822 2820/2117/1822 2821/2118/1553
f 2822/2119/2159 2820/2117/1822 2819/2116/1822
f 2819/2116/1822 2823/2120/2160 2822/2119/2159
f 2822/2119/2159 2823/2120/2160 2824/2121/1570
f 2824/2121/1570 2823/2120/2160 2825/2122/2161
f 2825/2122/2161 2826/2123/1521 2824/2121/1570
f 2825/2122/2161 2827/2124/2162 2826/2123/1521
f 2827/2124/2162 2828/2125/715 2826/2123/1521
f 2828/2125/715 2827/2124/2162 2829/2126/2163
f 2828/2125/715 2829/2126/2163 2830/2127/2164
f 2829/2126/2163 2831/2128/2165 2830/2127/2164
f 2830/2127/2164 2831/2128/2165 2832/2129/2166
f 2833/2130/963 2832/2129/2166 2831/2128/2165
f 2834/2131/1204 2832/2129/2166 2833/2130/963
f 2833/2130/963 2835/2132/225 2834/2131/1204
f 2835/2132/225 2836/2133/2167 2834/2131/1204
f 2836/2133/2167 2835/2132/225 2837/2134/821
f 2836/2133/2167 2837/2134/821 2838/2135/2168
f 2837/2134/821 2839/2136/2169 2840/2137/2170
f 2837/2134/821 2835/2132/225 2839/2136/2169
f 2841/2138/2171 2839/2136/2169 2835/2132/225
f 2841/2138/2171 2835/2132/225 2833/2130/963
f 2841/2138/2171 2833/2130/963 2842/2139/2172
f 2842/2139/2172 2833/2130/963 2843/2140/2173
f 2831/2128/2165 2843/2140/2173 2833/2130/963
f 2844/2141/2174 2843/2140/2173 2831/2128/2165
f 2831/2128/2165 2829/2126/2163 2844/2141/2174
f 2844/2141/2174 2829/2126/2163 2845/2142/2175
f 2829/2126/2163 2827/2124/2162 2845/2142/2175
f 2846/2143/2176 2845/2142/2175 2827/2124/2162
f 2846/2143/2176 2827/2124/2162 2825/2122/2161
f 2847/2144/1107 2846/2143/2176 2825/2122/2161
f 2825/2122/2161 2823/2120/2160 2847/2144/1107
f 2823/2120/2160 2848/1291/2177 2847/2144/1107
f 2849/2145/17 2848/1291/2177 2823/2120/2160
f 2850/1293/2178 2848/1291/2177 2849/2145/17
f 2851/2146/2179 2850/1293/2178 2849/2145/17
f 2852/2147/1769 2850/1293/2178 2851/2146/2179
f 2846/2143/2176 2844/2141/2174 2845/2142/2175
f 2853/2148/2180 2854/2149/2181 2855/2150/2182
f 2853/2148/2180 2855/2150/2182 2856/2151/2183
f 2856/2151/2183 2855/2150/2182 2857/2152/2184
f 2857/2152/2184 2858/2153/2185 2856/2151/2183
f 2859/1292/2186 2858/2153/2185 2857/2152/2184
f 2848/1291/2177 2859/1292/2186 2857/2152/2184
f 2857/2152/2184 2847/2144/1107 2848/1291/2177
f 2855/2150/2182 2847/2144/1107 2857/2152/2184
f 2855/2150/2182 2846/2143/2176 2847/2144/1107
f 2855/2150/2182 2854/2149/2181 2846/2143/2176
f 2854/2149/2181 2844/2141/2174 2846/2143/2176
f 2844/2141/2174 2854/2149/2181 2843/2140/2173
f 2840/2137/2170 2860/2154/1548 2861/2155/2187
f 2839/2136/2169 2860/2154/1548 2840/2137/2170
f 2860/2154/1548 2839/2136/2169 2841/2138/2171
f 2841/2138/2171 2842/2139/2172 2860/2154/1548
f 2862/2156/2188 2863/2157/2186 2864/2158/2064
f 2864/2158/2064 2858/2153/2185 2862/2156/2188
f 2856/2151/2183 2858/2153/2185 2864/2158/2064
f 2864/2158/2064 2865/2159/2189 2856/2151/2183
f 2856/2151/2183 2865/2159/2189 2853/2148/2180
f 2853/2148/2180 2865/2159/2189 2866/2160/2190
f 2853/2148/2180 2866/2160/2190 2854/2149/2181
f 2854/2149/2181 2866/2160/2190 2867/2161/2191
f 2843/2140/2173 2854/2149/2181 2867/2161/2191
f 2867/2161/2191 2868/2162/2192 2843/2140/2173
f 2843/2140/2173 2868/2162/2192 2842/2139/2172
f 2868/2162/2192 2869/2163/2193 2842/2139/2172
f 2842/2139/2172 2869/2163/2193 2860/2154/1548
f 2870/2164/1038 2860/2154/1548 2869/2163/2193
f 2861/2155/2187 2860/2154/1548 2870/2164/1038
f 2871/2165/2194 2861/2155/2187 2870/2164/1038
f 2871/2165/2194 2840/2137/2170 2861/2155/2187
f 2872/2166/16 2840/2137/2170 2871/2165/2194
f 2866/2160/2190 2865/2159/2189 2867/2161/2191
f 2867/2161/2191 2865/2159/2189 2873/2167/1529
f 2873/2167/1529 2868/2162/2192 2867/2161/2191
f 2873/2167/1529 2865/2159/2189 2863/2157/2186
f 2863/2157/2186 2865/2159/2189 2864/2158/2064
f 2871/2165/2194 2870/2164/1038 2872/2166/16
f 2872/2166/16 2870/2164/1038 2874/2168/1740
f 2874/2168/1740 2870/2164/1038 2869/2163/2193
f 2868/2162/2192 2874/2168/1740 2869/2163/2193
f 2875/2169/2195 2874/2168/1740 2868/2162/2192
f 2875/2169/2195 2868/2162/2192 2873/2167/1529
f 2875/2169/2195 2873/2167/1529 2876/2170/2196
f 2876/2170/2196 2873/2167/1529 2863/2157/2186
f 2876/2170/2196 2863/2157/2186 2862/2156/2188
f 2872/2166/16 2874/2168/1740 2877/2171/2197
f 2874/2168/1740 2875/2169/2195 2877/2171/2197
f 2877/2171/2197 2875/2169/2195 2876/2170/2196
f 2878/2172/2198 2877/2171/2197 2876/2170/2196
f 2872/2166/16 2837/2134/821 2840/2137/2170
f 2877/2171/2197 2837/2134/821 2872/2166/16
f 2838/2135/2168 2837/2134/821 2877/2171/2197
f 2838/2135/2168 2877/2171/2197 2878/2172/2198
f 2878/2172/2198 2879/1751/2199 2838/2135/2168
f 2880/1750/2200 2879/1751/2199 2878/2172/2198
f 2880/1750/2200 2881/1748/1202 2879/1751/2199
f 2882/1749/2201 2881/1748/1202 2880/1750/2200
f 2883/1747/2202 2881/1748/1202 2882/1749/2201
f 2884/2173/2203 2881/1748/1202 2883/1747/2202
f 2883/1747/2202 2885/1745/1601 2884/2173/2203
f 2884/2173/2203 2885/1745/1601 2886/2174/1874
f 2886/2174/1874 2885/1745/1601 2887/1743/17
f 2888/1280/226 2886/2174/1874 2887/1743/17
f 71/71/66 2888/1280/226 2887/1743/17
f 71/71/66 2887/1743/17 2889/1742/2178
f 71/71/66 2889/1742/2178 72/72/67
f 2890/1741/1796 72/72/67 2889/1742/2178
f 2884/2173/2203 2891/2175/1624 2881/1748/1202
f 77/77/72 68/68/63 67/67/62
f 68/68/63 77/77/72 2892/2176/2204
f 70/70/65 68/68/63 2892/2176/2204
f 2892/2176/2204 2893/2177/406 70/70/65
f 70/70/65 2893/2177/406 2894/2178/147
f 2893/2177/406 2895/2179/1595 2894/2178/147
f 2894/2178/147 2895/2179/1595 2886/2174/1874
f 2895/2179/1595 2830/2127/2164 2886/2174/1874
f 2886/2174/1874 2830/2127/2164 2884/2173/2203
f 2830/2127/2164 2891/2175/1624 2884/2173/2203
f 2832/2129/2166 2891/2175/1624 2830/2127/2164
f 2834/2131/1204 2891/2175/1624 2832/2129/2166
f 2896/2180/2205 2891/2175/1624 2834/2131/1204
f 2834/2131/1204 2836/2133/2167 2896/2180/2205
f 2836/2133/2167 2838/2135/2168 2896/2180/2205
f 2896/2180/2205 2838/2135/2168 2879/1751/2199
f 2879/1751/2199 2891/2175/1624 2896/2180/2205
f 2881/1748/1202 2891/2175/1624 2879/1751/2199
f 2894/2178/147 2888/1280/226 70/70/65
f 2888/1280/226 2894/2178/147 2886/2174/1874
f 2897/2181/2206 2898/2182/2207 2899/2183/1700
f 2897/2181/2206 2900/2184/2208 2898/2182/2207
f 2898/2182/2207 2900/2184/2208 2901/2185/771
f 2900/2184/2208 2902/2186/2209 2901/2185/771
f 2901/2185/771 2902/2186/2209 2903/2187/2210
f 2902/2186/2209 2904/2188/2211 2903/2187/2210
f 2903/2187/2210 2904/2188/2211 2905/2189/1774
f 2905/2189/1774 2906/2190/2212 2903/2187/2210
f 2906/2190/2212 2901/2185/771 2903/2187/2210
f 2901/2185/771 2906/2190/2212 2907/2191/2213
f 2908/2192/2214 2901/2185/771 2907/2191/2213
f 2908/2192/2214 2907/2191/2213 2909/2193/2215
f 2898/2182/2207 2901/2185/771 2908/2192/2214
f 2908/2192/2214 2909/2193/2215 2910/2194/2216
f 2909/2193/2215 2911/2195/2217 2910/2194/2216
f 2910/2194/2216 2911/2195/2217 2912/2196/2218
f 2910/2194/2216 2912/2196/2218 2908/2192/2214
f 2908/2192/2214 2912/2196/2218 2913/2197/1149
f 2908/2192/2214 2913/2197/1149 2898/2182/2207
f 2898/2182/2207 2913/2197/1149 2914/2198/71
f 2899/2183/1700 2898/2182/2207 2914/2198/71
f 2899/2183/1700 2914/2198/71 2915/2199/2219
f 2899/2183/1700 2915/2199/2219 2916/2200/1875
f 2899/2183/1700 2916/2200/1875 2897/2181/2206
f 2897/2181/2206 2916/2200/1875 2917/2201/286
f 2897/2181/2206 2917/2201/286 2918/2202/1589
f 2918/2202/1589 2917/2201/286 2919/2203/2220
f 2919/2203/2220 2920/2204/1940 2918/2202/1589
f 2921/2205/2221 2918/2202/1589 2920/2204/1940
f 2921/2205/2221 2920/2204/1940 2922/2206/227
f 2923/2207/1869 2921/2205/2221 2922/2206/227
f 2900/2184/2208 2897/2181/2206 2924/2208/2222
f 2900/2184/2208 2925/2209/2223 2902/2186/2209
f 2900/2184/2208 2924/2208/2222 2925/2209/2223
f 2925/2209/2223 2924/2208/2222 2926/2210/1611
f 2924/2208/2222 2927/2211/2224 2926/2210/1611
f 2926/2210/1611 2927/2211/2224 2923/2207/1869
f 2923/2207/1869 2927/2211/2224 2921/2205/2221
f 2927/2211/2224 2924/2208/2222 2921/2205/2221
f 2924/2208/2222 2918/2202/1589 2921/2205/2221
f 2924/2208/2222 2897/2181/2206 2918/2202/1589
f 2928/2147/1769 2929/2146/2225 1801/1293/1787
f 1801/1293/1787 2930/2145/2226 1799/1291/1933
f 1801/1293/1787 2929/2146/2225 2930/2145/2226
f 2929/2146/2225 2931/2212/1040 2930/2145/2226
f 2930/2145/2226 2931/2212/1040 2932/2213/196
f 2931/2212/1040 2933/2214/2227 2932/2213/196
f 2923/2207/1869 2922/2206/227 2934/2215/2228
f 2935/2216/2229 2923/2207/1869 2934/2215/2228
f 2935/2216/2229 2934/2215/2228 2936/2217/2230
f 2937/2218/2231 2935/2216/2229 2936/2217/2230
f 2938/2219/2232 2935/2216/2229 2937/2218/2231
f 2939/2220/2085 2935/2216/2229 2938/2219/2232
f 2940/2221/1140 2939/2220/2085 2938/2219/2232
f 2939/2220/2085 2940/2221/1140 2933/2214/2227
f 2933/2214/2227 2940/2221/1140 2941/2222/1524
f 2932/2213/196 2933/2214/2227 2941/2222/1524
f 2941/2222/1524 2942/2223/1028 2932/2213/196
f 2942/2223/1028 2930/2145/2226 2932/2213/196
f 2942/2223/1028 2943/2120/2233 2930/2145/2226
f 2943/2120/2233 1799/1291/1933 2930/2145/2226
f 2944/2144/2234 1799/1291/1933 2943/2120/2233
f 1799/1291/1933 2944/2144/2234 2945/2152/2209
f 2945/2152/2209 1800/1292/1857 1799/1291/1933
f 1800/1292/1857 2945/2152/2209 2946/2153/2235
f 2947/2224/71 2948/2225/107 2949/2226/2236
f 2947/2224/71 2950/2227/1429 2948/2225/107
f 2951/2228/2237 2948/2225/107 2950/2227/1429
f 2951/2228/2237 2950/2227/1429 2952/2229/1933
f 2953/2230/2210 2951/2228/2237 2952/2229/1933
f 2953/2230/2210 2952/2229/1933 2954/2231/573
f 2953/2230/2210 2954/2231/573 2955/2232/2238
f 2956/2233/2239 2941/2222/1524 2957/2234/307
f 2941/2222/1524 2940/2221/1140 2957/2234/307
f 2940/2221/1140 2958/2235/327 2957/2234/307
f 2938/2219/2232 2958/2235/327 2940/2221/1140
f 2938/2219/2232 2959/2236/195 2958/2235/327
f 2937/2218/2231 2959/2236/195 2938/2219/2232
f 2959/2236/195 2937/2218/2231 2960/2237/2240
f 2960/2237/2240 2937/2218/2231 2936/2217/2230
f 2936/2217/2230 2955/2232/2238 2960/2237/2240
f 2936/2217/2230 2934/2215/2228 2955/2232/2238
f 2934/2215/2228 2953/2230/2210 2955/2232/2238
f 2934/2215/2228 2922/2206/227 2953/2230/2210
f 2922/2206/227 2951/2228/2237 2953/2230/2210
f 2922/2206/227 2920/2204/1940 2951/2228/2237
f 2920/2204/1940 2948/2225/107 2951/2228/2237
f 2948/2225/107 2920/2204/1940 2919/2203/2220
f 2949/2226/2236 2948/2225/107 2919/2203/2220
f 2919/2203/2220 2917/2201/286 2949/2226/2236
f 2960/2237/2240 2961/2238/69 2959/2236/195
f 2959/2236/195 2961/2238/69 2962/2239/2241
f 2962/2239/2241 2958/2235/327 2959/2236/195
f 2963/2240/954 2958/2235/327 2962/2239/2241
f 2957/2234/307 2958/2235/327 2963/2240/954
f 2964/2241/2242 2957/2234/307 2963/2240/954
f 2956/2233/2239 2957/2234/307 2964/2241/2242
f 2965/2117/126 2956/2233/2239 2964/2241/2242
f 2966/2116/365 2956/2233/2239 2965/2117/126
f 2966/2116/365 2965/2117/126 2967/2119/52
f 2967/2119/52 2965/2117/126 2968/2242/320
f 2965/2117/126 2969/2243/2243 2968/2242/320
f 2964/2241/2242 2969/2243/2243 2965/2117/126
f 2964/2241/2242 2970/2244/953 2969/2243/2243
f 2963/2240/954 2970/2244/953 2964/2241/2242
f 2970/2244/953 2963/2240/954 2971/2245/1047
f 2971/2245/1047 2963/2240/954 2962/2239/2241
f 2962/2239/2241 2972/2246/2244 2971/2245/1047
f 2961/2238/69 2972/2246/2244 2962/2239/2241
f 2961/2238/69 1730/1288/425 2972/2246/2244
f 1730/1288/425 2961/2238/69 2960/2237/2240
f 2960/2237/2240 1729/1287/628 1730/1288/425
f 2960/2237/2240 2955/2232/2238 1729/1287/628
f 2955/2232/2238 1728/1286/1424 1729/1287/628
f 2955/2232/2238 2954/2231/573 1728/1286/1424
f 1732/1290/1425 1728/1286/1424 2954/2231/573
f 2954/2231/573 2952/2229/1933 1732/1290/1425
f 2952/2229/1933 1731/1289/1394 1732/1290/1425
f 2952/2229/1933 2950/2227/1429 1731/1289/1394
f 2969/2243/2243 2973/2247/2245 2968/2242/320
f 2969/2243/2243 2970/2244/953 2973/2247/2245
f 2973/2247/2245 2970/2244/953 2971/2245/1047
f 1730/1288/425 1731/1289/1394 2950/2227/1429
f 2950/2227/1429 2947/2224/71 1730/1288/425
f 1730/1288/425 2947/2224/71 2972/2246/2244
f 2949/2226/2236 2972/2246/2244 2947/2224/71
f 2971/2245/1047 2972/2246/2244 2949/2226/2236
f 2949/2226/2236 2974/2248/439 2971/2245/1047
f 2971/2245/1047 2974/2248/439 2973/2247/2245
f 2975/2249/2246 2973/2247/2245 2974/2248/439
f 2976/2250/1527 2973/2247/2245 2975/2249/2246
f 2968/2242/320 2973/2247/2245 2976/2250/1527
f 2977/2251/2247 2968/2242/320 2976/2250/1527
f 2967/2119/52 2968/2242/320 2977/2251/2247
f 2977/2251/2247 2978/2121/432 2967/2119/52
f 2943/2120/2233 2967/2119/52 2978/2121/432
f 2966/2116/365 2967/2119/52 2943/2120/2233
f 2966/2116/365 2943/2120/2233 2942/2223/1028
f 2966/2116/365 2942/2223/1028 2956/2233/2239
f 2942/2223/1028 2941/2222/1524 2956/2233/2239
f 2975/2249/2246 2977/2251/2247 2976/2250/1527
f 2978/2121/432 2979/2122/488 2943/2120/2233
f 2943/2120/2233 2979/2122/488 2944/2144/2234
f 2949/2226/2236 2917/2201/286 2974/2248/439
f 2917/2201/286 2916/2200/1875 2974/2248/439
f 2974/2248/439 2916/2200/1875 2975/2249/2246
f 2916/2200/1875 2915/2199/2219 2975/2249/2246
f 2915/2199/2219 2977/2251/2247 2975/2249/2246
f 2915/2199/2219 2980/2252/2248 2977/2251/2247
f 2980/2252/2248 2978/2121/432 2977/2251/2247
f 2980/2252/2248 2981/2123/2249 2978/2121/432
f 2978/2121/432 2981/2123/2249 2979/2122/488
f 2981/2123/2249 2982/2124/2250 2979/2122/488
f 2979/2122/488 2982/2124/2250 2983/2143/2251
f 2979/2122/488 2983/2143/2251 2944/2144/2234
f 2944/2144/2234 2983/2143/2251 2984/2150/2252
f 2945/2152/2209 2944/2144/2234 2984/2150/2252
f 2945/2152/2209 2984/2150/2252 2985/2151/2253
f 2946/2153/2235 2945/2152/2209 2985/2151/2253
f 2986/2158/8 2946/2153/2235 2985/2151/2253
f 2987/2156/2254 2946/2153/2235 2986/2158/8
f 2983/2143/2251 2982/2124/2250 2988/2142/2255
f 2981/2123/2249 2980/2252/2248 2989/2253/2256
f 2989/2253/2256 2990/2125/652 2981/2123/2249
f 2981/2123/2249 2990/2125/652 2982/2124/2250
f 2990/2125/652 2991/2126/1017 2982/2124/2250
f 2982/2124/2250 2991/2126/1017 2988/2142/2255
f 2991/2126/1017 2992/2141/2257 2988/2142/2255
f 2988/2142/2255 2992/2141/2257 2983/2143/2251
f 2983/2143/2251 2992/2141/2257 2993/2149/2258
f 2983/2143/2251 2993/2149/2258 2984/2150/2252
f 2984/2150/2252 2993/2149/2258 2994/2148/861
f 2985/2151/2253 2984/2150/2252 2994/2148/861
f 2994/2148/861 2995/2159/900 2985/2151/2253
f 2986/2158/8 2985/2151/2253 2995/2159/900
f 2986/2158/8 2995/2159/900 2996/2157/1857
f 2986/2158/8 2996/2157/1857 2987/2156/2254
f 2987/2156/2254 2996/2157/1857 2997/2170/2259
f 2996/2157/1857 2998/2167/1558 2997/2170/2259
f 2997/2170/2259 2998/2167/1558 2999/2169/2260
f 3000/2128/1637 2992/2141/2257 2991/2126/1017
f 3000/2128/1637 3001/2140/1001 2992/2141/2257
f 3001/2140/1001 2993/2149/2258 2992/2141/2257
f 2996/2157/1857 2995/2159/900 2998/2167/1558
f 3002/2163/2018 3003/2254/1623 3004/2255/2261
f 3004/2255/2261 3003/2254/1623 3005/2256/1803
f 3005/2256/1803 3003/2254/1623 3006/2257/518
f 3006/2257/518 3007/2258/2262 3005/2256/1803
f 3007/2258/2262 3006/2257/518 3008/2259/2263
f 3009/2161/107 3010/2162/2264 2998/2167/1558
f 2995/2159/900 3009/2161/107 2998/2167/1558
f 3011/2160/2265 3009/2161/107 2995/2159/900
f 3011/2160/2265 2995/2159/900 2994/2148/861
f 2993/2149/2258 3011/2160/2265 2994/2148/861
f 3009/2161/107 3011/2160/2265 2993/2149/2258
f 3009/2161/107 2993/2149/2258 3001/2140/1001
f 3009/2161/107 3001/2140/1001 3010/2162/2264
f 3010/2162/2264 3001/2140/1001 3012/2139/2266
f 3012/2139/2266 3002/2163/2018 3010/2162/2264
f 3003/2254/1623 3002/2163/2018 3012/2139/2266
f 3012/2139/2266 3013/2260/518 3003/2254/1623
f 3006/2257/518 3003/2254/1623 3013/2260/518
f 3013/2260/518 3014/2261/2267 3006/2257/518
f 3008/2259/2263 3006/2257/518 3014/2261/2267
f 3014/2261/2267 3015/2262/2268 3008/2259/2263
f 3016/2263/2269 3008/2259/2263 3015/2262/2268
f 3007/2258/2262 3008/2259/2263 3016/2263/2269
f 3007/2258/2262 3016/2263/2269 3005/2256/1803
f 3005/2256/1803 3016/2263/2269 3004/2255/2261
f 2998/2167/1558 3010/2162/2264 2999/2169/2260
f 3010/2162/2264 3017/2168/2270 2999/2169/2260
f 3002/2163/2018 3017/2168/2270 3010/2162/2264
f 3018/2264/1311 3017/2168/2270 3002/2163/2018
f 3018/2264/1311 3002/2163/2018 3004/2255/2261
f 3004/2255/2261 3019/2265/2271 3018/2264/1311
f 3016/2263/2269 3019/2265/2271 3004/2255/2261
f 3019/2265/2271 3016/2263/2269 3020/2266/2091
f 3016/2263/2269 3015/2262/2268 3020/2266/2091
f 3020/2266/2091 3015/2262/2268 3021/2267/1619
f 3021/2267/1619 3015/2262/2268 3014/2261/2267
f 3022/2136/2272 3021/2267/1619 3014/2261/2267
f 3022/2136/2272 3014/2261/2267 3013/2260/518
f 3013/2260/518 3023/2138/2173 3022/2136/2272
f 3023/2138/2173 3013/2260/518 3012/2139/2266
f 3012/2139/2266 3024/2130/1117 3023/2138/2173
f 3001/2140/1001 3024/2130/1117 3012/2139/2266
f 3024/2130/1117 3001/2140/1001 3000/2128/1637
f 3019/2265/2271 3017/2168/2270 3018/2264/1311
f 3019/2265/2271 3025/2171/2273 3017/2168/2270
f 3020/2266/2091 3025/2171/2273 3019/2265/2271
f 3025/2171/2273 3020/2266/2091 3026/2134/2274
f 3026/2134/2274 3020/2266/2091 3021/2267/1619
f 3026/2134/2274 3021/2267/1619 3022/2136/2272
f 3027/2132/2275 3026/2134/2274 3022/2136/2272
f 3022/2136/2272 3023/2138/2173 3027/2132/2275
f 3024/2130/1117 3027/2132/2275 3023/2138/2173
f 2997/2170/2259 2999/2169/2260 3025/2171/2273
f 3025/2171/2273 2999/2169/2260 3017/2168/2270
f 3028/2268/2276 3029/2269/190 3030/2270/470
f 3030/2270/470 3029/2269/190 3031/2271/2277
f 3031/2271/2277 3029/2269/190 2989/2253/2256
f 2989/2253/2256 3029/2269/190 3032/2179/2278
f 3032/2179/2278 2990/2125/652 2989/2253/2256
f 3033/2127/317 2990/2125/652 3032/2179/2278
f 2990/2125/652 3033/2127/317 2991/2126/1017
f 2991/2126/1017 3033/2127/317 3000/2128/1637
f 3000/2128/1637 3033/2127/317 3034/2129/1532
f 3034/2129/1532 3024/2130/1117 3000/2128/1637
f 3035/2131/1057 3024/2130/1117 3034/2129/1532
f 3035/2131/1057 3027/2132/2275 3024/2130/1117
f 3035/2131/1057 3036/2133/364 3027/2132/2275
f 3036/2133/364 3026/2134/2274 3027/2132/2275
f 3036/2133/364 3037/2135/2279 3026/2134/2274
f 3026/2134/2274 3037/2135/2279 3025/2171/2273
f 3037/2135/2279 3038/2172/906 3025/2171/2273
f 3038/2172/906 2997/2170/2259 3025/2171/2273
f 3039/2180/2280 3040/2175/2281 2298/1751/1797
f 2298/1751/1797 3040/2175/2281 2295/1748/1794
f 3041/2272/1107 2295/1748/1794 3040/2175/2281
f 2293/1746/1792 2295/1748/1794 3041/2272/1107
f 3041/2272/1107 3042/2273/342 2293/1746/1792
f 2293/1746/1792 3042/2273/342 2291/1744/707
f 3043/2178/2282 2291/1744/707 3042/2273/342
f 1721/1280/1790 2291/1744/707 3043/2178/2282
f 1722/70/1818 1721/1280/1790 3043/2178/2282
f 3038/2172/906 2298/1751/1797 2297/1750/1796
f 3037/2135/2279 2298/1751/1797 3038/2172/906
f 2298/1751/1797 3037/2135/2279 3039/2180/2280
f 3039/2180/2280 3037/2135/2279 3036/2133/364
f 3039/2180/2280 3036/2133/364 3035/2131/1057
f 3039/2180/2280 3035/2131/1057 3040/2175/2281
f 3040/2175/2281 3035/2131/1057 3034/2129/1532
f 3034/2129/1532 3041/2272/1107 3040/2175/2281
f 3033/2127/317 3041/2272/1107 3034/2129/1532
f 3041/2272/1107 3033/2127/317 3042/2273/342
f 3042/2273/342 3033/2127/317 3032/2179/2278
f 3042/2273/342 3032/2179/2278 3043/2178/2282
f 3043/2178/2282 3032/2179/2278 3044/2177/2283
f 3043/2178/2282 3044/2177/2283 1722/70/1818
f 1722/70/1818 3044/2177/2283 3045/2176/2284
f 2329/68/1819 1722/70/1818 3045/2176/2284
f 3045/2176/2284 3046/77/2285 2329/68/1819
f 2331/67/1820 2329/68/1819 3046/77/2285
f 2331/67/1820 3046/77/2285 2308/76/378
f 2331/67/1820 2308/76/378 2307/66/1802
f 3047/2274/2246 3046/77/2285 3045/2176/2284
f 3029/2269/190 3044/2177/2283 3032/2179/2278
f 3045/2176/2284 3044/2177/2283 3029/2269/190
f 3045/2176/2284 3029/2269/190 3047/2274/2286
f 3047/2274/2286 3029/2269/190 3028/2268/2276
f 3047/2274/2286 3028/2268/2276 3048/2275/2287
f 3049/2276/2288 3047/2274/2286 3048/2275/2287
f 3046/77/2285 3047/2274/2286 3049/2276/2288
f 2308/76/378 3046/77/2285 3049/2276/2288
f 3050/2277/2289 2308/76/378 3049/2276/2288
f 2309/75/1124 2308/76/378 3050/2277/2289
f 3051/2278/2290 2309/75/1124 3050/2277/2289
f 2309/75/1124 3051/2278/2290 2311/1760/353
f 2311/1760/353 3052/2279/1121 2313/1762/1805
f 3053/2280/161 3052/2279/1121 2311/1760/353
f 2311/1760/353 3051/2278/2290 3053/2280/161
f 3051/2278/2290 3054/2281/2291 3053/2280/161
f 3055/2282/1481 3049/2276/2288 3048/2275/2287
f 3050/2277/2289 3049/2276/2288 3055/2282/1481
f 3056/2283/2292 3050/2277/2289 3055/2282/1481
f 3051/2278/2290 3050/2277/2289 3056/2283/2292
f 3051/2278/2290 3056/2283/2292 3057/2284/2293
f 3051/2278/2290 3057/2284/2293 3054/2281/2291
f 3054/2281/2291 3057/2284/2293 3058/2285/1368
f 3058/2285/1368 3059/2286/1532 3054/2281/2291
f 3060/2287/1494 3059/2286/1532 3058/2285/1368
f 3058/2285/1368 3061/2288/1483 3060/2287/1494
f 2285/1739/1763 3060/2287/1494 3061/2288/1483
f 2305/1758/1801 3060/2287/1494 2285/1739/1763
f 2305/1758/1801 3059/2286/1532 3060/2287/1494
f 2315/1764/1807 3059/2286/1532 2305/1758/1801
f 2315/1764/1807 2313/1762/1805 3059/2286/1532
f 3059/2286/1532 2313/1762/1805 3052/2279/1121
f 3052/2279/1121 3054/2281/2291 3059/2286/1532
f 3053/2280/161 3054/2281/2291 3052/2279/1121
f 3062/2289/2058 3063/2290/2294 3064/2291/2295
f 3065/2292/117 3066/2293/2296 3062/2289/2058
f 3066/2293/2296 3063/2290/2294 3062/2289/2058
f 3063/2290/2294 3066/2293/2296 3067/2294/2297
f 3067/2294/2297 3066/2293/2296 3068/2295/2298
f 3069/2296/2176 3067/2294/2297 3068/2295/2298
f 3070/2297/1492 3067/2294/2297 3069/2296/2176
f 3057/2284/2293 3056/2283/2292 3065/2292/117
f 3056/2283/2292 3066/2293/2296 3065/2292/117
f 3056/2283/2292 3055/2282/1481 3066/2293/2296
f 3066/2293/2296 3055/2282/1481 3068/2295/2298
f 3055/2282/1481 3048/2275/2287 3068/2295/2298
f 3068/2295/2298 3048/2275/2287 3069/2296/2176
f 3048/2275/2287 3028/2268/2276 3069/2296/2176
f 3071/2298/2215 3072/2299/2299 3073/2300/40
f 3073/2300/40 3072/2299/2299 3074/2301/2300
f 3075/2302/2301 3074/2301/2300 3072/2299/2299
f 3076/2303/2302 3074/2301/2300 3075/2302/2301
f 3075/2302/2301 3077/2304/1490 3076/2303/2302
f 3078/2305/2303 3076/2303/2302 3077/2304/1490
f 3079/2306/2304 3076/2303/2302 3078/2305/2303
f 3079/2306/2304 3080/2307/1426 3076/2303/2302
f 3076/2303/2302 3080/2307/1426 3074/2301/2300
f 3070/2297/1492 3074/2301/2300 3080/2307/1426
f 3073/2300/40 3074/2301/2300 3070/2297/1492
f 3070/2297/1492 3069/2296/2176 3073/2300/40
f 3069/2296/2176 3071/2298/2215 3073/2300/40
f 3028/2268/2276 3071/2298/2215 3069/2296/2176
f 3028/2268/2276 3030/2270/470 3071/2298/2215
f 1636/1218/1354 2687/2105/2050 3081/2308/48
f 3081/2308/48 2687/2105/2050 3082/2309/2305
f 3083/2310/2296 3081/2308/48 3082/2309/2305
f 3084/2311/2300 3081/2308/48 3083/2310/2296
f 3078/2305/2303 3084/2311/2300 3083/2310/2296
f 3077/2304/1490 3084/2311/2300 3078/2305/2303
f 3077/2304/1490 1638/1220/1136 3084/2311/2300
f 1638/1220/1136 3077/2304/1490 3075/2302/2301
f 1640/1222/1156 1638/1220/1136 3075/2302/2301
f 3075/2302/2301 3072/2299/2299 1640/1222/1156
f 1640/1222/1156 3072/2299/2299 3085/2312/477
f 3071/2298/2215 3085/2312/477 3072/2299/2299
f 3086/2313/2306 3085/2312/477 3071/2298/2215
f 3071/2298/2215 3030/2270/470 3086/2313/2306
f 3030/2270/470 3087/2314/2307 3086/2313/2306
f 3031/2271/2277 3087/2314/2307 3030/2270/470
f 2980/2252/2248 3087/2314/2307 3031/2271/2277
f 2989/2253/2256 2980/2252/2248 3031/2271/2277
f 3081/2308/48 3084/2311/2300 1636/1218/1354
f 1636/1218/1354 3084/2311/2300 1634/1216/1103
f 3084/2311/2300 1638/1220/1136 1634/1216/1103
f 3088/2315/2308 3089/2315/405 3090/2316/2309
f 3089/2315/405 3091/2317/2310 3090/2316/2309
f 3092/2318/2311 3093/2319/2312 3094/2320/2313
f 3095/2321/435 3093/2319/2312 3092/2318/2311
f 3091/2317/2310 3095/2321/435 3092/2318/2311
f 3090/2316/2309 3091/2317/2310 3092/2318/2311
f 3092/2318/2311 3094/2320/2313 3090/2316/2309
f 3090/2316/2309 3094/2320/2313 3088/2315/2308
f 3094/2320/2313 3096/2322/560 3088/2315/2308
f 3096/2322/560 3089/2315/405 3088/2315/2308
f 3097/2323/1446 3089/2315/405 3096/2322/560
f 3091/2317/2310 3089/2315/405 3097/2323/1446
f 3097/2323/1446 3098/2324/1433 3091/2317/2310
f 3098/2324/1433 3095/2321/435 3091/2317/2310
f 3098/2324/1433 3099/2325/2314 3095/2321/435
f 3099/2325/2314 3100/2326/2315 3095/2321/435
f 3095/2321/435 3100/2326/2315 3093/2319/2312
f 3101/2327/2316 3102/2328/634 3103/2329/2317
f 3103/2329/2317 3102/2328/634 3104/2330/2318
f 3105/2331/2319 3101/2327/2316 3106/2332/94
f 3102/2328/634 3101/2327/2316 3105/2331/2319
f 3105/2331/2319 3107/2333/2320 3102/2328/634
f 3107/2333/2320 3108/2334/2321 3102/2328/634
f 3108/2334/2321 3104/2330/2318 3102/2328/634
f 3109/2335/2166 3104/2330/2318 3108/2334/2321
f 3109/2335/2166 3110/2336/2322 3104/2330/2318
f 3110/2336/2322 3103/2329/2317 3104/2330/2318
f 3110/2336/2322 3111/2337/2323 3103/2329/2317
f 3111/2337/2323 3101/2327/2316 3103/2329/2317
f 3112/2338/2324 3101/2327/2316 3111/2337/2323
f 3101/2327/2316 3112/2338/2324 3106/2332/94
f 3112/2338/2324 1673/1255/1380 3106/2332/94
f 3106/2332/94 1673/1255/1380 1674/1256/1379
f 1674/1256/1379 3105/2331/2319 3106/2332/94
f 3113/2339/2325 3114/2340/2326 3115/2341/2327
f 3114/2340/2326 3113/2339/2325 3116/2342/2328
f 3116/2342/2328 3113/2339/2325 3117/2343/1853
f 3116/2342/2328 3117/2343/1853 3118/2344/2329
f 3118/2344/2329 3117/2343/1853 3110/2336/2322
f 3117/2343/1853 3111/2337/2323 3110/2336/2322
f 3097/2323/1446 3096/2322/560 3094/2320/2313
f 3118/2344/2329 3110/2336/2322 3109/2335/2166
f 1671/1253/138 3119/2345/2330 1674/1256/1379
f 3119/2345/2330 3105/2331/2319 1674/1256/1379
f 3120/2346/2331 3105/2331/2319 3119/2345/2330
f 3107/2333/2320 3105/2331/2319 3120/2346/2331
f 3107/2333/2320 3120/2346/2331 3121/2347/1679
f 3108/2334/2321 3107/2333/2320 3121/2347/1679
f 3108/2334/2321 3121/2347/1679 3122/2348/2332
f 3122/2348/2332 3099/2325/2314 3108/2334/2321
f 3108/2334/2321 3099/2325/2314 3109/2335/2166
f 3109/2335/2166 3099/2325/2314 3098/2324/1433
f 3098/2324/1433 3118/2344/2329 3109/2335/2166
f 3118/2344/2329 3098/2324/1433 3097/2323/1446
f 3097/2323/1446 3116/2342/2328 3118/2344/2329
f 3097/2323/1446 3094/2320/2313 3116/2342/2328
f 3116/2342/2328 3094/2320/2313 3114/2340/2326
f 3114/2340/2326 3094/2320/2313 3093/2319/2312
f 3114/2340/2326 3093/2319/2312 3115/2341/2327
f 3115/2341/2327 3093/2319/2312 3100/2326/2315
f 2909/2193/2215 2907/2191/2213 3123/2349/2333
f 2907/2191/2213 3124/2350/2334 3123/2349/2333
f 2906/2190/2212 3124/2350/2334 2907/2191/2213
f 3120/2346/2331 3119/2345/2330 3125/2351/876
f 3121/2347/1679 3120/2346/2331 3126/2352/2335
f 3125/2351/876 3126/2352/2335 3120/2346/2331
f 3127/2353/2336 3126/2352/2335 3125/2351/876
f 3115/2341/2327 3100/2326/2315 3124/2350/2334
f 3124/2350/2334 3100/2326/2315 3123/2349/2333
f 3100/2326/2315 3099/2325/2314 3123/2349/2333
f 3123/2349/2333 3099/2325/2314 2909/2193/2215
f 2909/2193/2215 3099/2325/2314 3122/2348/2332
f 3122/2348/2332 2911/2195/2217 2909/2193/2215
f 3122/2348/2332 3121/2347/1679 2911/2195/2217
f 2911/2195/2217 3121/2347/1679 3128/2354/2337
f 3128/2354/2337 3121/2347/1679 3126/2352/2335
f 3128/2354/2337 3126/2352/2335 3129/2355/1134
f 3129/2355/1134 3126/2352/2335 3127/2353/2336
f 3130/2356/2338 3129/2355/1134 3127/2353/2336
f 3127/2353/2336 3125/2351/876 3130/2356/2338
f 3130/2356/2338 3125/2351/876 3131/2357/814
f 3125/2351/876 3119/2345/2330 3131/2357/814
f 3132/2358/2339 3131/2357/814 3119/2345/2330
f 3132/2358/2339 3119/2345/2330 1671/1253/138
f 1671/1253/138 1669/1251/1378 3132/2358/2339
f 2912/2196/2218 2911/2195/2217 3128/2354/2337
f 3128/2354/2337 3129/2355/1134 2912/2196/2218
f 2912/2196/2218 3129/2355/1134 2913/2197/1149
f 3133/2359/1594 2913/2197/1149 3129/2355/1134
f 2914/2198/71 2913/2197/1149 3133/2359/1594
f 3133/2359/1594 3129/2355/1134 3130/2356/2338
f 3087/2314/2307 3134/2360/2340 3135/2361/2341
f 2980/2252/2248 3134/2360/2340 3087/2314/2307
f 3134/2360/2340 2980/2252/2248 2915/2199/2219
f 2915/2199/2219 2914/2198/71 3134/2360/2340
f 2914/2198/71 3136/2362/2342 3134/2360/2340
f 2914/2198/71 3133/2359/1594 3136/2362/2342
f 3136/2362/2342 3133/2359/1594 3137/2363/2343
f 3130/2356/2338 3137/2363/2343 3133/2359/1594
f 3138/2364/1175 3137/2363/2343 3130/2356/2338
f 3130/2356/2338 3131/2357/814 3138/2364/1175
f 3138/2364/1175 3131/2357/814 3139/2365/44
f 3139/2365/44 3131/2357/814 3132/2358/2339
f 3140/2366/2344 3139/2365/44 3132/2358/2339
f 3132/2358/2339 1669/1251/1378 3140/2366/2344
f 1666/1248/1375 3140/2366/2344 1669/1251/1378
f 1664/1246/1371 3140/2366/2344 1666/1248/1375
f 1664/1246/1371 3141/2367/2345 3140/2366/2344
f 1661/1243/173 3141/2367/2345 1664/1246/1371
f 3141/2367/2345 3139/2365/44 3140/2366/2344
f 3139/2365/44 3141/2367/2345 3142/2368/1689
f 3142/2368/1689 3138/2364/1175 3139/2365/44
f 3138/2364/1175 3142/2368/1689 3143/2369/956
f 3143/2369/956 3135/2361/2341 3138/2364/1175
f 3138/2364/1175 3135/2361/2341 3137/2363/2343
f 3135/2361/2341 3134/2360/2340 3137/2363/2343
f 3137/2363/2343 3134/2360/2340 3136/2362/2342
f 3085/2312/477 3086/2313/2306 3144/2370/2346
f 3085/2312/477 3144/2370/2346 1640/1222/1156
f 1640/1222/1156 3144/2370/2346 1641/1223/1356
f 3144/2370/2346 3145/2371/86 1641/1223/1356
f 1641/1223/1356 3145/2371/86 1643/1225/1358
f 1649/1231/1363 1647/1229/1362 1655/1237/1337
f 1657/1239/1369 1655/1237/1337 1647/1229/1362
f 1657/1239/1369 1647/1229/1362 1645/1227/1360
f 3146/2372/2347 1657/1239/1369 1645/1227/1360
f 1643/1225/1358 3146/2372/2347 1645/1227/1360
f 3145/2371/86 3146/2372/2347 1643/1225/1358
f 3142/2368/1689 3146/2372/2347 3145/2371/86
f 3144/2370/2346 3142/2368/1689 3145/2371/86
f 3143/2369/956 3142/2368/1689 3144/2370/2346
f 3144/2370/2346 3086/2313/2306 3143/2369/956
f 3086/2313/2306 3135/2361/2341 3143/2369/956
f 3087/2314/2307 3135/2361/2341 3086/2313/2306
f 3141/2367/2345 3146/2372/2347 3142/2368/1689
f 3141/2367/2345 1661/1243/173 3146/2372/2347
f 3146/2372/2347 1661/1243/173 1659/1241/1371
f 1659/1241/1371 1657/1239/1369 3146/2372/2347
f 3147/1687/2348 3148/1681/2348 3149/1686/2348
f 3150/1547/1081 3151/1553/816 3152/1546/2349
f 3152/1546/2349 3151/1553/816 3153/1552/2350
f 3154/2373/1701 3152/1546/2349 3153/1552/2350
f 3153/1552/2350 3155/2374/443 3154/2373/1701
f 3156/2375/2351 3155/2374/443 3153/1552/2350
f 3157/2376/2335 3155/2374/443 3156/2375/2351
f 3158/2377/697 3155/2374/443 3157/2376/2335
f 2089/1545/379 3159/1544/2352 2087/1543/1541
f 2087/1543/1541 3160/1542/2353 2085/1541/2354
f 2087/1543/1541 3159/1544/2352 3160/1542/2353
f 3159/1544/2352 3161/1555/2355 3160/1542/2353
f 3153/1552/2350 3151/1553/816 3156/2375/2351
f 3162/2378/169 3163/2379/2356 3157/2376/2335
f 3162/2378/169 3157/2376/2335 3156/2375/2351
f 3156/2375/2351 3164/2380/286 3162/2378/169
f 3156/2375/2351 3151/1553/816 3164/2380/286
f 3165/1554/2357 3164/2380/286 3151/1553/816
f 3150/1547/1081 3165/1554/2357 3151/1553/816
f 3161/1555/2355 3165/1554/2357 3150/1547/1081
f 3160/1542/2353 3161/1555/2355 3150/1547/1081
f 3160/1542/2353 3150/1547/1081 3166/1548/723
f 2085/1541/2354 3160/1542/2353 3166/1548/723
f 3167/1549/1163 2085/1541/2354 3166/1548/723
f 2100/1556/2358 2085/1541/2354 3167/1549/1163
f 2100/1556/2358 3167/1549/1163 2101/1557/2359
f 2101/1557/2359 3167/1549/1163 3168/2381/489
f 3168/2381/489 2106/1562/268 2101/1557/2359
f 2102/1558/1657 2106/1562/268 3168/2381/489
f 2102/1558/1657 3168/2381/489 3169/2382/1081
f 3169/2382/1081 2103/1559/1658 2102/1558/1657
f 3166/1548/723 3170/1550/1175 3167/1549/1163
f 3170/1550/1175 3171/2383/2360 3167/1549/1163
f 3167/1549/1163 3171/2383/2360 3168/2381/489
f 3169/2382/1081 3168/2381/489 3171/2383/2360
f 3172/2384/2361 3169/2382/1081 3171/2383/2360
f 3173/2385/514 3169/2382/1081 3172/2384/2361
f 3173/2385/514 3172/2384/2361 3174/2386/1701
f 3171/2383/2360 3170/1550/1175 3172/2384/2361
f 3172/2384/2361 3170/1550/1175 3175/2387/1357
f 3169/2382/1081 3173/2385/514 2103/1559/1658
f 2103/1559/1658 3173/2385/514 2114/1570/1668
f 2114/1570/1668 3173/2385/514 3176/2388/2362
f 3176/2388/2362 3173/2385/514 3174/2386/1701
f 3176/2388/2362 3174/2386/1701 3177/2389/2363
f 3177/2389/2363 3174/2386/1701 3178/2390/169
f 3178/2390/169 3163/2379/2356 3177/2389/2363
f 3157/2376/2335 3163/2379/2356 3178/2390/169
f 3174/2386/1701 3157/2376/2335 3178/2390/169
f 3158/2377/697 3157/2376/2335 3174/2386/1701
f 3174/2386/1701 3172/2384/2361 3158/2377/697
f 3158/2377/697 3172/2384/2361 3155/2374/443
f 3155/2374/443 3172/2384/2361 3175/2387/1357
f 3154/2373/1701 3155/2374/443 3175/2387/1357
f 3170/1550/1175 3154/2373/1701 3175/2387/1357
f 3170/1550/1175 3152/1546/2349 3154/2373/1701
f 3152/1546/2349 3170/1550/1175 3166/1548/723
f 3166/1548/723 3150/1547/1081 3152/1546/2349
f 3162/2378/169 3164/2380/286 3179/2391/2364
f 3180/2392/296 3179/2391/2364 3164/2380/286
f 3180/2392/296 3164/2380/286 3165/1554/2357
f 3176/2388/2362 3177/2389/2363 2115/1571/1081
f 2115/1571/1081 2114/1570/1668 3176/2388/2362
f 3181/2393/2365 3182/2394/557 3183/2395/1824
f 3184/2396/2366 3182/2394/557 3181/2393/2365
f 3181/2393/2365 3185/2397/2367 3184/2396/2366
f 3184/2396/2366 3185/2397/2367 3186/2398/2368
f 3185/2397/2367 3187/2399/2369 3186/2398/2368
f 3180/2392/296 3187/2399/2369 3185/2397/2367
f 3180/2392/296 3185/2397/2367 3188/2400/1902
f 3188/2400/1902 3179/2391/2364 3180/2392/296
f 3179/2391/2364 3188/2400/1902 3189/2401/2370
f 3189/2401/2370 3162/2378/169 3179/2391/2364
f 3189/2401/2370 3190/2402/2159 3162/2378/169
f 3162/2378/169 3190/2402/2159 3163/2379/2356
f 3163/2379/2356 3190/2402/2159 120/120/110
f 3177/2389/2363 3163/2379/2356 120/120/110
f 120/120/110 117/117/107 3177/2389/2363
f 117/117/107 2128/1584/1677 3177/2389/2363
f 3177/2389/2363 2128/1584/1677 2115/1571/1081
f 2128/1584/1677 2113/1569/1667 2115/1571/1081
f 3191/2403/428 3192/2404/2371 3193/2405/697
f 3194/2406/2372 3192/2404/2371 3191/2403/428
f 3191/2403/428 3195/2407/793 3194/2406/2372
f 3194/2406/2372 3195/2407/793 3196/2408/750
f 3196/2408/750 3197/2409/828 3194/2406/2372
f 3197/2409/828 3192/2404/2371 3194/2406/2372
f 3197/2409/828 3198/2410/2373 3192/2404/2371
f 3192/2404/2371 3198/2410/2373 3199/2411/1357
f 3193/2405/697 3192/2404/2371 3199/2411/1357
f 3199/2411/1357 122/122/112 3193/2405/697
f 120/120/110 3190/2402/2159 121/121/111
f 122/122/112 121/121/111 3193/2405/697
f 3193/2405/697 121/121/111 3190/2402/2159
f 3190/2402/2159 3191/2403/428 3193/2405/697
f 3189/2401/2370 3191/2403/428 3190/2402/2159
f 3189/2401/2370 3195/2407/793 3191/2403/428
f 3189/2401/2370 3188/2400/1902 3195/2407/793
f 3185/2397/2367 3195/2407/793 3188/2400/1902
f 3196/2408/750 3195/2407/793 3185/2397/2367
f 3185/2397/2367 3181/2393/2365 3196/2408/750
f 3183/2395/1824 3196/2408/750 3181/2393/2365
f 3200/2412/2374 3196/2408/750 3183/2395/1824
f 3200/2412/2374 3197/2409/828 3196/2408/750
f 3201/2413/750 3197/2409/828 3200/2412/2374
f 3197/2409/828 3201/2413/750 3198/2410/2373
f 3198/2410/2373 3201/2413/750 3202/2414/289
f 3199/2411/1357 3198/2410/2373 3202/2414/289
f 3202/2414/289 123/123/113 3199/2411/1357
f 123/123/113 122/122/112 3199/2411/1357
f 3201/2413/750 3200/2412/2374 3203/2415/2375
f 3203/2415/2375 3200/2412/2374 3183/2395/1824
f 3204/2416/2376 3203/2415/2375 3183/2395/1824
f 3205/2417/2377 3206/2418/1320 3207/2419/582
f 3205/2417/2377 3207/2419/582 3208/2420/2378
f 3208/2420/2378 3207/2419/582 3209/2421/2379
f 3210/2422/632 3208/2420/2378 3209/2421/2379
f 3210/2422/632 3209/2421/2379 3211/2423/2375
f 3210/2422/632 3211/2423/2375 3204/2416/2376
f 3204/2416/2376 3211/2423/2375 3203/2415/2375
f 3212/2424/793 3203/2415/2375 3211/2423/2375
f 3201/2413/750 3203/2415/2375 3212/2424/793
f 3201/2413/750 3212/2424/793 3213/2425/2380
f 3202/2414/289 3201/2413/750 3213/2425/2380
f 3213/2425/2380 3214/2426/1826 3202/2414/289
f 3214/2426/1826 123/123/113 3202/2414/289
f 3214/2426/1826 3215/2427/2381 123/123/113
f 3215/2427/2381 124/124/114 123/123/113
f 124/124/114 3215/2427/2381 3216/2428/2382
f 124/124/114 3216/2428/2382 108/108/98
f 3216/2428/2382 3217/2429/2205 108/108/98
f 3218/2430/416 3219/2431/2383 3220/2432/2384
f 3220/2432/2384 3221/2433/2385 3218/2430/416
f 3220/2432/2384 3222/2434/2386 3221/2433/2385
f 3222/2434/2386 3223/2435/1902 3221/2433/2385
f 3215/2427/2381 3224/2436/2251 3216/2428/2382
f 3214/2426/1826 3224/2436/2251 3215/2427/2381
f 3224/2436/2251 3214/2426/1826 3223/2435/1902
f 3223/2435/1902 3214/2426/1826 3221/2433/2385
f 3221/2433/2385 3214/2426/1826 3213/2425/2380
f 3218/2430/416 3221/2433/2385 3213/2425/2380
f 3213/2425/2380 3212/2424/793 3218/2430/416
f 3212/2424/793 3211/2423/2375 3218/2430/416
f 3218/2430/416 3211/2423/2375 3219/2431/2383
f 3211/2423/2375 3209/2421/2379 3219/2431/2383
f 3209/2421/2379 3207/2419/582 3219/2431/2383
f 3219/2431/2383 3207/2419/582 3206/2418/1320
f 3220/2432/2384 3219/2431/2383 3206/2418/1320
f 3206/2418/1320 3225/2437/1190 3220/2432/2384
f 3225/2437/1190 3222/2434/2386 3220/2432/2384
f 3225/2437/1190 3226/2438/913 3222/2434/2386
f 3226/2438/913 3223/2435/1902 3222/2434/2386
f 3223/2435/1902 3226/2438/913 3227/2439/1929
f 3223/2435/1902 3227/2439/1929 3224/2436/2251
f 3227/2439/1929 3228/2440/2387 3229/2441/2388
f 3229/2441/2388 3228/2440/2387 3230/2442/2389
f 3231/2443/2390 3230/2442/2389 3228/2440/2387
f 3224/2436/2251 3227/2439/1929 3229/2441/2388
f 3224/2436/2251 3229/2441/2388 3216/2428/2382
f 3216/2428/2382 3229/2441/2388 3230/2442/2389
f 3230/2442/2389 3217/2429/2205 3216/2428/2382
f 3217/2429/2205 3230/2442/2389 3231/2443/2390
f 3231/2443/2390 3232/2444/2391 3217/2429/2205
f 3231/2443/2390 3233/2445/2392 3232/2444/2391
f 3234/2446/2393 3233/2445/2392 3231/2443/2390
f 3228/2440/2387 3234/2446/2393 3231/2443/2390
f 3235/2447/2394 3234/2446/2393 3228/2440/2387
f 3235/2447/2394 3228/2440/2387 3227/2439/1929
f 3236/2448/298 3235/2447/2394 3227/2439/1929
f 3227/2439/1929 3226/2438/913 3236/2448/298
f 3226/2438/913 3237/2449/913 3236/2448/298
f 3237/2449/913 3226/2438/913 3225/2437/1190
f 3238/2450/2395 3237/2449/913 3225/2437/1190
f 3238/2450/2395 3225/2437/1190 3206/2418/1320
f 3238/2450/2395 3206/2418/1320 3205/2417/2377
f 3239/2451/2396 105/105/95 107/107/97
f 107/107/97 108/108/98 3239/2451/2396
f 3239/2451/2396 108/108/98 3217/2429/2205
f 3217/2429/2205 3232/2444/2391 3239/2451/2396
f 3232/2444/2391 105/105/95 3239/2451/2396
f 105/105/95 3232/2444/2391 3233/2445/2392
f 3233/2445/2392 3240/2452/637 105/105/95
f 3241/2453/165 3240/2452/637 3233/2445/2392
f 3242/2454/2397 3240/2452/637 3241/2453/165
f 3234/2446/2393 3242/2454/2397 3241/2453/165
f 3243/2455/2398 3242/2454/2397 3234/2446/2393
f 3234/2446/2393 3244/2456/2399 3243/2455/2398
f 3234/2446/2393 3245/2457/1205 3244/2456/2399
f 3244/2456/2399 3245/2457/1205 3246/2458/2400
f 3245/2457/1205 3247/2459/2401 3246/2458/2400
f 3248/2460/1880 3246/2458/2400 3247/2459/2401
f 3249/2461/997 3248/2460/1880 3247/2459/2401
f 3250/2462/2209 3248/2460/1880 3249/2461/997
f 3251/2463/2402 3250/2462/2209 3249/2461/997
f 3252/2464/2403 3250/2462/2209 3251/2463/2402
f 3253/2465/2404 3244/2456/2399 3254/2466/80
f 3254/2466/80 3244/2456/2399 3246/2458/2400
f 3254/2466/80 3246/2458/2400 3248/2460/1880
f 3248/2460/1880 3255/2467/2405 3254/2466/80
f 3250/2462/2209 3255/2467/2405 3248/2460/1880
f 3254/2466/80 3255/2467/2405 3253/2465/2404
f 3253/2465/2404 3255/2467/2405 3256/2468/2406
f 3257/2469/2407 3258/2470/2408 3259/2471/2409
f 3260/2472/197 3257/2469/2407 3259/2471/2409
f 3260/2472/197 3259/2471/2409 3261/2473/2410
f 3261/2473/2410 3259/2471/2409 3262/2474/2411
f 3262/2474/2411 3252/2464/2403 3261/2473/2410
f 3252/2464/2403 3262/2474/2411 3250/2462/2209
f 3262/2474/2411 3255/2467/2405 3250/2462/2209
f 3262/2474/2411 3259/2471/2409 3255/2467/2405
f 3255/2467/2405 3259/2471/2409 3256/2468/2406
f 3259/2471/2409 3258/2470/2408 3256/2468/2406
f 3258/2470/2408 3253/2465/2404 3256/2468/2406
f 3263/2475/2412 3253/2465/2404 3258/2470/2408
f 3263/2475/2412 3244/2456/2399 3253/2465/2404
f 3264/2476/2413 3244/2456/2399 3263/2475/2412
f 3243/2455/2398 3244/2456/2399 3264/2476/2413
f 3252/2464/2403 3251/2463/2402 3265/2477/2414
f 3261/2473/2410 3252/2464/2403 3265/2477/2414
f 3265/2477/2414 3266/2478/2415 3261/2473/2410
f 3261/2473/2410 3266/2478/2415 3260/2472/197
f 3266/2478/2415 3267/2479/206 3260/2472/197
f 3267/2479/206 3257/2469/2407 3260/2472/197
f 3257/2469/2407 3267/2479/206 3268/2480/2416
f 3257/2469/2407 3268/2480/2416 3258/2470/2408
f 3258/2470/2408 3268/2480/2416 3269/2481/2417
f 3258/2470/2408 3269/2481/2417 3263/2475/2412
f 3263/2475/2412 3269/2481/2417 3270/2482/2418
f 3270/2482/2418 3264/2476/2413 3263/2475/2412
f 3271/2483/2419 3264/2476/2413 3270/2482/2418
f 3271/2483/2419 3243/2455/2398 3264/2476/2413
f 3272/2484/786 3243/2455/2398 3271/2483/2419
f 3272/2484/786 3242/2454/2397 3243/2455/2398
f 3273/2485/2420 3242/2454/2397 3272/2484/786
f 3273/2485/2420 3240/2452/637 3242/2454/2397
f 3274/2486/2421 3275/2487/2422 3276/2488/1737
f 3276/2488/1737 3275/2487/2422 106/106/96
f 3277/2489/1364 3278/2490/2423 3279/2491/2424
f 3279/2491/2424 3278/2490/2423 3280/2492/889
f 3280/2492/889 3281/2493/542 3279/2491/2424
f 3282/2494/1738 3281/2493/542 3280/2492/889
f 3282/2494/1738 3283/2495/2425 3281/2493/542
f 3284/2496/2426 3283/2495/2425 3282/2494/1738
f 3284/2496/2426 3285/2497/2427 3283/2495/2425
f 3286/2498/2428 3285/2497/2427 3284/2496/2426
f 3285/2497/2427 3286/2498/2428 3271/2483/2419
f 3271/2483/2419 3286/2498/2428 3287/2499/542
f 3287/2499/542 3272/2484/786 3271/2483/2419
f 3287/2499/542 3288/2500/2429 3272/2484/786
f 3272/2484/786 3288/2500/2429 3273/2485/2420
f 3288/2500/2429 3274/2486/2421 3273/2485/2420
f 3273/2485/2420 3274/2486/2421 3276/2488/1737
f 3276/2488/1737 3240/2452/637 3273/2485/2420
f 106/106/96 3240/2452/637 3276/2488/1737
f 105/105/95 3240/2452/637 106/106/96
f 3289/2501/2430 3290/2502/685 3291/2503/930
f 3291/2503/930 3290/2502/685 3292/2504/807
f 3293/2505/2431 3292/2504/807 3290/2502/685
f 3294/2506/2432 3293/2505/2431 3290/2502/685
f 3290/2502/685 3295/2507/89 3294/2506/2432
f 3289/2501/2430 3295/2507/89 3290/2502/685
f 3289/2501/2430 3296/2508/2433 3295/2507/89
f 3291/2503/930 3296/2508/2433 3289/2501/2430
f 3297/2509/2434 3296/2508/2433 3291/2503/930
f 3292/2504/807 3297/2509/2434 3291/2503/930
f 3277/2489/1364 3297/2509/2434 3292/2504/807
f 3294/2506/2432 3298/2510/2435 3299/2511/2435
f 3295/2507/89 3298/2510/2435 3294/2506/2432
f 3300/2512/1352 3298/2510/2435 3295/2507/89
f 3296/2508/2433 3300/2512/1352 3295/2507/89
f 3301/2513/251 3300/2512/1352 3296/2508/2433
f 3296/2508/2433 3297/2509/2434 3301/2513/251
f 3301/2513/251 3297/2509/2434 3302/2514/2436
f 3297/2509/2434 3277/2489/1364 3302/2514/2436
f 3277/2489/1364 3303/2515/2437 3302/2514/2436
f 3279/2491/2424 3303/2515/2437 3277/2489/1364
f 3304/2516/2438 3303/2515/2437 3279/2491/2424
f 3281/2493/542 3304/2516/2438 3279/2491/2424
f 3268/2480/2416 3304/2516/2438 3281/2493/542
f 3283/2495/2425 3268/2480/2416 3281/2493/542
f 3268/2480/2416 3283/2495/2425 3269/2481/2417
f 3269/2481/2417 3283/2495/2425 3285/2497/2427
f 3269/2481/2417 3285/2497/2427 3270/2482/2418
f 3270/2482/2418 3285/2497/2427 3271/2483/2419
f 3305/2517/2439 3267/2479/206 3266/2478/2415
f 3306/2518/2164 3307/2519/1553 3308/2520/900
f 3308/2520/900 3251/2463/2402 3306/2518/2164
f 3308/2520/900 3309/2521/2440 3251/2463/2402
f 3265/2477/2414 3251/2463/2402 3309/2521/2440
f 3309/2521/2440 3310/2522/1925 3265/2477/2414
f 3265/2477/2414 3310/2522/1925 3300/2512/1352
f 3300/2512/1352 3266/2478/2415 3265/2477/2414
f 3301/2513/251 3266/2478/2415 3300/2512/1352
f 3301/2513/251 3305/2517/2439 3266/2478/2415
f 3302/2514/2436 3305/2517/2439 3301/2513/251
f 3302/2514/2436 3303/2515/2437 3305/2517/2439
f 3303/2515/2437 3304/2516/2438 3305/2517/2439
f 3305/2517/2439 3304/2516/2438 3267/2479/206
f 3268/2480/2416 3267/2479/206 3304/2516/2438
f 70/70/2441 2888/1280/2441 71/71/2441
f 3311/2523/2442 3312/2524/368 3313/2525/244
f 3313/2525/244 3312/2524/368 3314/2526/726
f 3315/2527/2443 3314/2526/726 3312/2524/368
f 3316/2528/2444 3317/2529/2445 3318/2530/2446
f 3319/2531/1145 3318/2530/2446 3317/2529/2445
f 3320/2532/2447 3319/2531/1145 3317/2529/2445
f 3321/2533/2448 3319/2531/1145 3320/2532/2447
f 3322/2534/2449 3321/2533/2448 3320/2532/2447
f 3322/2534/2449 3323/2535/2028 3321/2533/2448
f 3324/2536/339 3323/2535/2028 3322/2534/2449
f 3324/2536/339 3322/2534/2449 3325/2537/2450
f 3324/2536/339 3325/2537/2450 3326/2538/1140
f 3326/2538/1140 3325/2537/2450 3327/2539/2451
f 3328/2540/2452 3326/2538/1140 3327/2539/2451
f 3327/2539/2451 3329/2541/1488 3328/2540/2452
f 3328/2540/2452 3329/2541/1488 3330/2542/2453
f 3330/2542/2453 3329/2541/1488 3331/2543/143
f 3332/2544/2454 3330/2542/2453 3331/2543/143
f 3332/2544/2454 3331/2543/143 3333/2545/2455
f 3334/2546/2230 3326/2538/1140 3328/2540/2452
f 3326/2538/1140 3334/2546/2230 3324/2536/339
f 3335/2547/1514 3330/2542/2453 3332/2544/2454
f 3336/2548/2379 3330/2542/2453 3335/2547/1514
f 3330/2542/2453 3336/2548/2379 3328/2540/2452
f 3336/2548/2379 3337/2549/2456 3328/2540/2452
f 3328/2540/2452 3337/2549/2456 3334/2546/2230
f 3337/2549/2456 3338/2550/1275 3334/2546/2230
f 3324/2536/339 3334/2546/2230 3338/2550/1275
f 3338/2550/1275 3339/2551/181 3324/2536/339
f 3324/2536/339 3339/2551/181 3323/2535/2028
f 3208/2420/2378 3323/2535/2028 3339/2551/181
f 3321/2533/2448 3323/2535/2028 3208/2420/2378
f 3321/2533/2448 3208/2420/2378 3210/2422/632
f 3319/2531/1145 3321/2533/2448 3210/2422/632
f 3204/2416/2376 3319/2531/1145 3210/2422/632
f 3204/2416/2376 3318/2530/2446 3319/2531/1145
f 3204/2416/2376 3183/2395/1824 3318/2530/2446
f 3318/2530/2446 3183/2395/1824 3316/2528/2444
f 3316/2528/2444 3183/2395/1824 3182/2394/557
f 3306/2518/2164 3251/2463/2402 3249/2461/997
f 3340/2552/1413 3245/2457/1205 3235/2447/2394
f 3341/2553/141 3245/2457/1205 3340/2552/1413
f 3341/2553/141 3247/2459/2401 3245/2457/1205
f 3247/2459/2401 3341/2553/141 3249/2461/997
f 3341/2553/141 3306/2518/2164 3249/2461/997
f 3341/2553/141 3340/2552/1413 3306/2518/2164
f 3306/2518/2164 3340/2552/1413 3307/2519/1553
f 3340/2552/1413 3342/2554/1414 3307/2519/1553
f 3307/2519/1553 3342/2554/1414 3343/2555/2457
f 3344/2556/2458 3343/2555/2457 3342/2554/1414
f 3344/2556/2458 3335/2547/1514 3343/2555/2457
f 3336/2548/2379 3335/2547/1514 3344/2556/2458
f 3238/2450/2395 3336/2548/2379 3344/2556/2458
f 3336/2548/2379 3238/2450/2395 3337/2549/2456
f 3337/2549/2456 3238/2450/2395 3205/2417/2377
f 3205/2417/2377 3338/2550/1275 3337/2549/2456
f 3205/2417/2377 3339/2551/181 3338/2550/1275
f 3208/2420/2378 3339/2551/181 3205/2417/2377
f 3234/2446/2393 3241/2453/165 3233/2445/2392
f 3245/2457/1205 3234/2446/2393 3235/2447/2394
f 3344/2556/2458 3237/2449/913 3238/2450/2395
f 3237/2449/913 3344/2556/2458 3345/2557/1788
f 3236/2448/298 3237/2449/913 3345/2557/1788
f 3345/2557/1788 3340/2552/1413 3236/2448/298
f 3340/2552/1413 3235/2447/2394 3236/2448/298
f 3345/2557/1788 3344/2556/2458 3342/2554/1414
f 3342/2554/1414 3340/2552/1413 3345/2557/1788
f 3346/2558/2459 3347/2559/449 3348/2560/378
f 3346/2558/2459 3348/2560/378 3349/2561/2460
f 3346/2558/2459 3349/2561/2460 3350/2562/2461
f 3350/2562/2461 3349/2561/2460 3351/2563/2085
f 3351/2563/2085 3352/2564/2462 3350/2562/2461
f 3353/2565/923 3352/2564/2462 3351/2563/2085
f 3354/2566/1557 3355/2567/2463 3352/2564/2462
f 3352/2564/2462 3355/2567/2463 3356/2568/913
f 3357/2569/2464 3352/2564/2462 3356/2568/913
f 3350/2562/2461 3352/2564/2462 3357/2569/2464
f 3346/2558/2459 3350/2562/2461 3357/2569/2464
f 3357/2569/2464 3347/2559/449 3346/2558/2459
f 3357/2569/2464 3356/2568/913 3347/2559/449
f 3358/2570/2071 3359/2571/2465 3360/2572/2466
f 3361/2573/2467 3359/2571/2465 3358/2570/2071
f 3358/2570/2071 3362/2574/2468 3361/2573/2467
f 3361/2573/2467 3362/2574/2468 3363/2575/2469
f 3363/2575/2469 3362/2574/2468 3364/2576/1987
f 3363/2575/2469 3364/2576/1987 3365/2577/2470
f 3365/2577/2470 3364/2576/1987 3366/2578/2471
f 3365/2577/2470 3366/2578/2471 3367/2579/2472
f 3367/2579/2472 3366/2578/2471 3368/2580/2473
f 3369/2581/2474 3367/2579/2472 3368/2580/2473
f 3368/2580/2473 3370/2582/1671 3369/2581/2474
f 3369/2581/2474 3370/2582/1671 3371/2583/2475
f 3370/2582/1671 3372/2584/2476 3371/2583/2475
f 3371/2583/2475 3372/2584/2476 3373/2585/2477
f 3372/2584/2476 3374/2586/187 3373/2585/2477
f 3375/2587/569 3362/2574/2468 3358/2570/2071
f 3375/2587/569 3376/2588/2478 3362/2574/2468
f 3377/2589/2069 3374/2586/187 3372/2584/2476
f 3377/2589/2069 3372/2584/2476 3370/2582/1671
f 3370/2582/1671 3368/2580/2473 3377/2589/2069
f 3377/2589/2069 3368/2580/2473 3366/2578/2471
f 3377/2589/2069 3366/2578/2471 3378/2590/2479
f 3378/2590/2479 3366/2578/2471 3364/2576/1987
f 3379/2591/2425 3378/2590/2479 3364/2576/1987
f 3362/2574/2468 3379/2591/2425 3364/2576/1987
f 3380/2592/2480 3379/2591/2425 3362/2574/2468
f 3362/2574/2468 3376/2588/2478 3380/2592/2480
f 3380/2592/2480 3376/2588/2478 3381/2593/2063
f 3381/2593/2063 3376/2588/2478 3353/2565/923
f 3353/2565/923 3351/2563/2085 3381/2593/2063
f 3381/2593/2063 3351/2563/2085 3382/2594/2061
f 3382/2594/2061 3351/2563/2085 3349/2561/2460
f 3349/2561/2460 3383/2595/1121 3382/2594/2061
f 3349/2561/2460 3348/2560/378 3383/2595/1121
f 3383/2595/1121 3348/2560/378 3384/2596/1057
f 3380/2592/2480 3381/2593/2063 3379/2591/2425
f 3379/2591/2425 3381/2593/2063 3382/2594/2061
f 3382/2594/2061 3385/2597/2481 3379/2591/2425
f 3378/2590/2479 3379/2591/2425 3385/2597/2481
f 3378/2590/2479 3385/2597/2481 3374/2586/187
f 3378/2590/2479 3374/2586/187 3377/2589/2069
f 3374/2586/187 3385/2597/2481 3386/2598/1110
f 3385/2597/2481 3384/2596/1057 3386/2598/1110
f 3384/2596/1057 3385/2597/2481 3383/2595/1121
f 3383/2595/1121 3385/2597/2481 3382/2594/2061
f 3373/2585/2477 3374/2586/187 3387/2599/2482
f 3374/2586/187 3386/2598/1110 3387/2599/2482
f 3387/2599/2482 3386/2598/1110 3388/2600/449
f 3384/2596/1057 3388/2600/449 3386/2598/1110
f 3389/2601/1161 3388/2600/449 3384/2596/1057
f 3348/2560/378 3389/2601/1161 3384/2596/1057
f 3390/2602/678 3389/2601/1161 3348/2560/378
f 3348/2560/378 3347/2559/449 3390/2602/678
f 3347/2559/449 3391/2603/490 3390/2602/678
f 3347/2559/449 3356/2568/913 3391/2603/490
f 3356/2568/913 3392/2604/697 3391/2603/490
f 3355/2567/2463 3392/2604/697 3356/2568/913
f 3355/2567/2463 3393/2605/2483 3392/2604/697
f 3354/2566/1557 3393/2605/2483 3355/2567/2463
f 3354/2566/1557 3394/2606/2484 3393/2605/2483
f 3354/2566/1557 3395/2607/2485 3394/2606/2484
f 3394/2606/2484 3395/2607/2485 3396/2608/558
f 3395/2607/2485 2076/1532/1643 3396/2608/558
f 3397/2609/457 3398/2610/1106 3369/2581/2474
f 3397/2609/457 3369/2581/2474 3371/2583/2475
f 3373/2585/2477 3397/2609/457 3371/2583/2475
f 3399/2611/2486 3397/2609/457 3373/2585/2477
f 3387/2599/2482 3399/2611/2486 3373/2585/2477
f 3388/2600/449 3399/2611/2486 3387/2599/2482
f 3399/2611/2486 3388/2600/449 3400/2612/2487
f 3400/2612/2487 3388/2600/449 3389/2601/1161
f 3389/2601/1161 3390/2602/678 3400/2612/2487
f 3391/2603/490 3400/2612/2487 3390/2602/678
f 3392/2604/697 3400/2612/2487 3391/2603/490
f 3400/2612/2487 3392/2604/697 3401/2613/443
f 3392/2604/697 3393/2605/2483 3401/2613/443
f 3402/2614/447 3401/2613/443 3393/2605/2483
f 3393/2605/2483 3394/2606/2484 3402/2614/447
f 3396/2608/558 3402/2614/447 3394/2606/2484
f 3403/2615/697 3402/2614/447 3396/2608/558
f 3403/2615/697 3396/2608/558 3404/2616/2488
f 3401/2613/443 3399/2611/2486 3400/2612/2487
f 3399/2611/2486 3401/2613/443 3402/2614/447
f 3403/2615/697 3399/2611/2486 3402/2614/447
f 3397/2609/457 3399/2611/2486 3403/2615/697
f 3403/2615/697 3404/2616/2488 3397/2609/457
f 3397/2609/457 3404/2616/2488 3405/2617/2489
f 3405/2617/2489 3398/2610/1106 3397/2609/457
f 3398/2610/1106 3405/2617/2489 3406/2618/2490
f 3406/2618/2490 3405/2617/2489 3407/2619/2281
f 3407/2619/2281 3408/2620/2491 3406/2618/2490
f 3405/2617/2489 3404/2616/2488 3407/2619/2281
f 3396/2608/558 2076/1532/1643 2078/1534/131
f 2078/1534/131 3404/2616/2488 3396/2608/558
f 2080/1536/342 3404/2616/2488 2078/1534/131
f 3407/2619/2281 3404/2616/2488 2080/1536/342
f 2080/1536/342 2070/1526/1639 3407/2619/2281
f 3407/2619/2281 2070/1526/1639 3408/2620/2491
f 3408/2620/2491 2070/1526/1639 2069/1525/1113
f 3409/2621/2492 3408/2620/2491 2069/1525/1113
f 3409/2621/2492 2069/1525/1113 2068/1524/354
f 3410/2622/2493 3409/2621/2492 2068/1524/354
f 2067/1523/1638 3410/2622/2493 2068/1524/354
f 3411/2623/2494 3410/2622/2493 2067/1523/1638
f 2066/1522/190 3411/2623/2494 2067/1523/1638
f 2045/1501/459 3411/2623/2494 2066/1522/190
f 2065/1521/1637 2045/1501/459 2066/1522/190
f 2043/1499/1570 2045/1501/459 2065/1521/1637
f 2065/1521/1637 2037/1494/195 2043/1499/1570
f 2043/1499/1570 2037/1494/195 2036/1493/1618
f 3408/2620/2491 3409/2621/2492 3412/2624/2495
f 3406/2618/2490 3408/2620/2491 3412/2624/2495
f 3406/2618/2490 3412/2624/2495 3413/2625/2496
f 3406/2618/2490 3413/2625/2496 3414/2626/2497
f 3406/2618/2490 3414/2626/2497 3398/2610/1106
f 3398/2610/1106 3414/2626/2497 3415/2627/62
f 3398/2610/1106 3415/2627/62 3369/2581/2474
f 2045/1501/459 2047/1503/1381 3411/2623/2494
f 2047/1503/1381 2048/1504/1623 3411/2623/2494
f 3411/2623/2494 2048/1504/1623 3410/2622/2493
f 2048/1504/1623 3416/2628/2498 3410/2622/2493
f 3416/2628/2498 3409/2621/2492 3410/2622/2493
f 3409/2621/2492 3416/2628/2498 3417/2629/2181
f 3412/2624/2495 3409/2621/2492 3417/2629/2181
f 3417/2629/2181 3418/2630/2499 3412/2624/2495
f 3413/2625/2496 3412/2624/2495 3418/2630/2499
f 3413/2625/2496 3418/2630/2499 3419/2631/221
f 3419/2631/221 3414/2626/2497 3413/2625/2496
f 3420/2632/2500 3414/2626/2497 3419/2631/221
f 3414/2626/2497 3420/2632/2500 3415/2627/62
f 3421/2633/36 3418/2630/2499 3417/2629/2181
f 3417/2629/2181 3416/2628/2498 3421/2633/36
f 3422/2634/169 2046/1502/440 3423/2635/2501
f 3422/2634/169 2048/1504/1623 2046/1502/440
f 2048/1504/1623 3422/2634/169 3424/2636/1210
f 3424/2636/1210 3416/2628/2498 2048/1504/1623
f 3424/2636/1210 3421/2633/36 3416/2628/2498
f 3425/2637/2502 3421/2633/36 3424/2636/1210
f 3425/2637/2502 3418/2630/2499 3421/2633/36
f 3425/2637/2502 3426/2638/420 3427/2639/284
f 3424/2636/1210 3426/2638/420 3425/2637/2502
f 3424/2636/1210 3422/2634/169 3426/2638/420
f 3427/2639/284 3418/2630/2499 3425/2637/2502
f 3419/2631/221 3418/2630/2499 3427/2639/284
f 3427/2639/284 3428/2640/1595 3419/2631/221
f 3426/2638/420 3428/2640/1595 3427/2639/284
f 3426/2638/420 3429/2641/141 3428/2640/1595
f 3422/2634/169 3429/2641/141 3426/2638/420
f 3422/2634/169 2049/1505/1624 3429/2641/141
f 3423/2635/2501 2049/1505/1624 3422/2634/169
f 2049/1505/1624 3423/2635/2501 2052/1508/1626
f 3423/2635/2501 2046/1502/440 2052/1508/1626
f 2052/1508/1626 2046/1502/440 2054/1510/1628
f 2044/1500/1622 2054/1510/1628 2046/1502/440
f 2057/1513/1631 2054/1510/1628 2044/1500/1622
f 2042/1498/1621 2057/1513/1631 2044/1500/1622
f 2059/1515/1633 2057/1513/1631 2042/1498/1621
f 2059/1515/1633 2042/1498/1621 2041/1497/443
f 2059/1515/1633 2041/1497/443 2039/1496/1199
f 2039/1496/1199 2041/1497/443 2040/1490/1620
f 3430/2642/2503 3431/2643/2504 3432/2644/2505
f 3431/2643/2504 3433/2645/1140 3432/2644/2505
f 3433/2645/1140 3434/2646/2505 3432/2644/2505
f 3435/2647/2506 3434/2646/2505 3433/2645/1140
f 3434/2646/2505 3435/2647/2506 3436/2648/2507
f 3435/2647/2506 3437/2649/2212 3436/2648/2507
f 3436/2648/2507 3437/2649/2212 3438/2650/1038
f 3437/2649/2212 3439/2651/673 3438/2650/1038
f 3437/2649/2212 3440/2652/2508 3439/2651/673
f 2049/1505/1624 3430/2642/2503 3441/2653/1215
f 2049/1505/1624 3441/2653/1215 3429/2641/141
f 3442/2654/1210 3428/2640/1595 3443/2655/1356
f 3443/2655/1356 3428/2640/1595 3429/2641/141
f 3429/2641/141 3441/2653/1215 3443/2655/1356
f 3441/2653/1215 3444/2656/1136 3443/2655/1356
f 3430/2642/2503 3444/2656/1136 3441/2653/1215
f 3444/2656/1136 3430/2642/2503 3445/2657/134
f 3445/2657/134 3430/2642/2503 3432/2644/2505
f 3432/2644/2505 3446/2658/2509 3445/2657/134
f 3434/2646/2505 3446/2658/2509 3432/2644/2505
f 3446/2658/2509 3434/2646/2505 3447/2659/1526
f 3447/2659/1526 3434/2646/2505 3436/2648/2507
f 3436/2648/2507 3448/2660/2510 3447/2659/1526
f 3438/2650/1038 3448/2660/2510 3436/2648/2507
f 3438/2650/1038 3449/2661/2511 3448/2660/2510
f 3439/2651/673 3449/2661/2511 3438/2650/1038
f 3450/2662/2512 3449/2661/2511 3439/2651/673
f 3439/2651/673 3440/2652/2508 3450/2662/2512
f 3440/2652/2508 3451/2663/2513 3450/2662/2512
f 3452/2664/2514 3453/2665/2515 3454/2666/2516
f 3454/2666/2516 3453/2665/2515 3446/2658/2509
f 3445/2657/134 3446/2658/2509 3453/2665/2515
f 3453/2665/2515 3444/2656/1136 3445/2657/134
f 3455/2667/2510 3444/2656/1136 3453/2665/2515
f 3452/2664/2514 3455/2667/2510 3453/2665/2515
f 3456/2668/2517 3455/2667/2510 3452/2664/2514
f 3452/2664/2514 3457/2669/1067 3456/2668/2517
f 3452/2664/2514 3458/2670/2518 3457/2669/1067
f 3454/2666/2516 3458/2670/2518 3452/2664/2514
f 3459/2671/434 3458/2670/2518 3454/2666/2516
f 3455/2667/2510 3442/2654/1210 3444/2656/1136
f 3444/2656/1136 3442/2654/1210 3443/2655/1356
f 3446/2658/2509 3459/2671/434 3454/2666/2516
f 3460/2672/2519 3459/2671/434 3446/2658/2509
f 3446/2658/2509 3447/2659/1526 3460/2672/2519
f 3447/2659/1526 3461/2673/431 3460/2672/2519
f 3460/2672/2519 3461/2673/431 3459/2671/434
f 3461/2673/431 3462/2674/1941 3459/2671/434
f 3462/2674/1941 3458/2670/2518 3459/2671/434
f 3462/2674/1941 3463/2675/2318 3458/2670/2518
f 3463/2675/2318 3457/2669/1067 3458/2670/2518
f 3464/2676/2520 3457/2669/1067 3463/2675/2318
f 3464/2676/2520 3465/2677/816 3457/2669/1067
f 3456/2668/2517 3457/2669/1067 3465/2677/816
f 3465/2677/816 3466/2678/2521 3456/2668/2517
f 3466/2678/2521 3455/2667/2510 3456/2668/2517
f 3420/2632/2500 3455/2667/2510 3466/2678/2521
f 3442/2654/1210 3455/2667/2510 3420/2632/2500
f 3420/2632/2500 3419/2631/221 3442/2654/1210
f 3442/2654/1210 3419/2631/221 3428/2640/1595
f 3467/2679/2522 3451/2663/2513 3440/2652/2508
f 3467/2679/2522 3468/2680/1415 3451/2663/2513
f 3467/2679/2522 3469/2681/1854 3468/2680/1415
f 3468/2680/1415 3469/2681/1854 3470/2682/2523
f 3471/2683/2524 3470/2682/2523 3469/2681/1854
f 3472/2684/2525 3470/2682/2523 3471/2683/2524
f 3471/2683/2524 3473/2685/1924 3472/2684/2525
f 3472/2684/2525 3473/2685/1924 3474/2686/2526
f 3474/2686/2526 3475/2687/2527 3472/2684/2525
f 3474/2686/2526 3476/2688/1587 3475/2687/2527
f 3475/2687/2527 3476/2688/1587 3463/2675/2318
f 3477/2689/775 3463/2675/2318 3476/2688/1587
f 3464/2676/2520 3463/2675/2318 3477/2689/775
f 3477/2689/775 3478/2690/2520 3464/2676/2520
f 3478/2690/2520 3465/2677/816 3464/2676/2520
f 3478/2690/2520 3479/2691/2528 3465/2677/816
f 3465/2677/816 3479/2691/2528 3480/2692/2529
f 3479/2691/2528 3481/2693/2530 3480/2692/2529
f 3472/2684/2525 3475/2687/2527 3470/2682/2523
f 3482/2694/1556 3483/2695/2531 3484/2696/840
f 3483/2695/2531 3485/2697/1047 3484/2696/840
f 3485/2697/1047 3451/2663/2513 3484/2696/840
f 3451/2663/2513 3485/2697/1047 3449/2661/2511
f 3451/2663/2513 3449/2661/2511 3450/2662/2512
f 3486/2698/2532 3487/2699/2533 3488/2700/462
f 3488/2700/462 3489/2701/1580 3486/2698/2532
f 3486/2698/2532 3489/2701/1580 3490/2702/71
f 3468/2680/1415 3470/2682/2523 3490/2702/71
f 3490/2702/71 3470/2682/2523 3486/2698/2532
f 3470/2682/2523 3475/2687/2527 3486/2698/2532
f 3486/2698/2532 3475/2687/2527 3487/2699/2533
f 3487/2699/2533 3475/2687/2527 3463/2675/2318
f 3487/2699/2533 3463/2675/2318 3462/2674/1941
f 3487/2699/2533 3462/2674/1941 3461/2673/431
f 3488/2700/462 3487/2699/2533 3461/2673/431
f 3447/2659/1526 3488/2700/462 3461/2673/431
f 3448/2660/2510 3488/2700/462 3447/2659/1526
f 3448/2660/2510 3489/2701/1580 3488/2700/462
f 3449/2661/2511 3489/2701/1580 3448/2660/2510
f 3449/2661/2511 3485/2697/1047 3489/2701/1580
f 3485/2697/1047 3490/2702/71 3489/2701/1580
f 3483/2695/2531 3490/2702/71 3485/2697/1047
f 3483/2695/2531 3468/2680/1415 3490/2702/71
f 3482/2694/1556 3468/2680/1415 3483/2695/2531
f 3482/2694/1556 3451/2663/2513 3468/2680/1415
f 3451/2663/2513 3482/2694/1556 3484/2696/840
f 2850/1293/1140 2859/1292/1140 2848/1291/1140
f 3491/101/2534 3492/108/2535 3493/109/2060
f 3493/109/2060 3492/108/2535 3494/124/1488
f 3494/124/1488 3492/108/2535 3495/2428/2495
f 3494/124/1488 3495/2428/2495 3496/2427/2536
f 3496/2427/2536 3497/123/2050 3494/124/1488
f 3494/124/1488 3497/123/2050 3493/109/2060
f 3498/2703/2537 3499/2704/247 3500/2705/1362
f 3498/2703/2537 3501/2706/2538 3499/2704/247
f 3502/2707/2539 3501/2706/2538 3498/2703/2537
f 3502/2707/2539 3503/2708/2540 3501/2706/2538
f 3504/2709/2541 3503/2708/2540 3502/2707/2539
f 3505/2710/213 3503/2708/2540 3504/2709/2541
f 3505/2710/213 3504/2709/2541 3506/2711/2542
f 3505/2710/213 3506/2711/2542 3507/2712/2543
f 3505/2710/213 3507/2712/2543 3508/2713/1070
f 3508/2713/1070 3507/2712/2543 3509/2714/2544
f 3510/2715/1070 3508/2713/1070 3509/2714/2544
f 3509/2714/2544 3511/2716/243 3510/2715/1070
f 3510/2715/1070 3511/2716/243 3512/2717/2545
f 3512/2717/2545 3511/2716/243 3513/2718/2546
f 3513/2718/2546 3514/2719/2547 3512/2717/2545
f 3512/2717/2545 3514/2719/2547 3515/2720/2548
f 3515/2720/2548 3510/2715/1070 3512/2717/2545
f 3516/2721/2091 3517/2722/2549 3518/2723/2550
f 3517/2722/2549 3519/2724/2551 3520/2725/1892
f 3519/2724/2551 3517/2722/2549 3516/2721/2091
f 3519/2724/2551 3516/2721/2091 3521/2726/1773
f 3521/2726/1773 3516/2721/2091 3522/2727/1336
f 3522/2727/1336 3523/2728/1745 3521/2726/1773
f 3524/2729/2552 3523/2728/1745 3522/2727/1336
f 3525/2730/1769 3523/2728/1745 3524/2729/2552
f 3526/2731/1763 3523/2728/1745 3525/2730/1769
f 3527/2732/2553 3528/2733/2554 3529/2734/1757
f 3530/2735/2555 3528/2733/2554 3527/2732/2553
f 3531/2736/2556 3530/2735/2555 3527/2732/2553
f 3532/2737/2557 3530/2735/2555 3531/2736/2556
f 3531/2736/2556 3533/2738/1909 3532/2737/2557
f 3532/2737/2557 3533/2738/1909 3534/2739/2558
f 3526/2731/1763 3535/2740/2551 3533/2738/1909
f 3533/2738/1909 3535/2740/2551 3534/2739/2558
f 3535/2740/2551 3536/2741/1388 3534/2739/2558
f 3537/2742/2348 3526/2731/1763 3525/2730/1769
f 3535/2740/2551 3526/2731/1763 3537/2742/2348
f 3535/2740/2551 3537/2742/2348 3538/2743/2559
f 3535/2740/2551 3538/2743/2559 3536/2741/1388
f 3536/2741/1388 3538/2743/2559 3539/2744/2560
f 3539/2744/2560 3540/2745/1606 3536/2741/1388
f 3534/2739/2558 3536/2741/1388 3540/2745/1606
f 3534/2739/2558 3540/2745/1606 3541/2746/2561
f 3534/2739/2558 3541/2746/2561 3532/2737/2557
f 3532/2737/2557 3541/2746/2561 3542/2747/2562
f 3542/2747/2562 3530/2735/2555 3532/2737/2557
f 3543/2748/2563 3530/2735/2555 3542/2747/2562
f 3530/2735/2555 3543/2748/2563 3544/2749/2564
f 3530/2735/2555 3544/2749/2564 3528/2733/2554
f 3528/2733/2554 3544/2749/2564 3545/2750/2565
f 3546/2751/2551 3528/2733/2554 3545/2750/2565
f 3528/2733/2554 3546/2751/2551 3529/2734/1757
f 3529/2734/1757 3546/2751/2551 3547/2752/2559
f 3538/2743/2559 3537/2742/2348 3548/2753/2566
f 3548/2753/2566 3549/2754/2551 3538/2743/2559
f 3550/2755/1750 3549/2754/2551 3548/2753/2566
f 3549/2754/2551 3550/2755/1750 3551/2756/1339
f 3552/2757/2567 3549/2754/2551 3551/2756/1339
f 3553/2758/1774 3549/2754/2551 3552/2757/2567
f 3538/2743/2559 3549/2754/2551 3553/2758/1774
f 3539/2744/2560 3538/2743/2559 3553/2758/1774
f 3554/2759/2568 3555/2760/2569 3556/2761/2025
f 3557/2762/2570 3558/2763/885 3559/2764/2571
f 3560/2765/1886 3557/2762/2570 3559/2764/2571
f 3561/2766/1392 3557/2762/2570 3560/2765/1886
f 3562/2767/2572 3561/2766/1392 3560/2765/1886
f 3563/2768/2573 3561/2766/1392 3562/2767/2572
f 3563/2768/2573 3564/2769/2574 3561/2766/1392
f 3556/2761/2025 3564/2769/2574 3563/2768/2573
f 3556/2761/2025 3555/2760/2569 3564/2769/2574
f 3555/2760/2569 3565/2770/2575 3564/2769/2574
f 3566/2771/2033 3565/2770/2575 3555/2760/2569
f 3564/2769/2574 3565/2770/2575 3561/2766/1392
f 3561/2766/1392 3565/2770/2575 3557/2762/2570
f 3566/2771/2033 3539/2744/2560 3565/2770/2575
f 3565/2770/2575 3539/2744/2560 3557/2762/2570
f 3557/2762/2570 3539/2744/2560 3553/2758/1774
f 3553/2758/1774 3558/2763/885 3557/2762/2570
f 3553/2758/1774 3552/2757/2567 3558/2763/885
f 3558/2763/885 3552/2757/2567 3567/2772/2576
f 3551/2756/1339 3567/2772/2576 3552/2757/2567
f 3551/2756/1339 3568/2773/885 3567/2772/2576
f 3569/2774/2577 3568/2773/885 3551/2756/1339
f 3551/2756/1339 3570/2775/2553 3569/2774/2577
f 3551/2756/1339 3550/2755/1750 3570/2775/2553
f 3550/2755/1750 3571/2776/1332 3570/2775/2553
f 3571/2776/1332 3550/2755/1750 3548/2753/2566
f 3571/2776/1332 3548/2753/2566 3572/2777/1761
f 3573/2778/2578 3572/2777/1761 3548/2753/2566
f 3572/2777/1761 3573/2778/2578 3574/2779/1336
f 3574/2779/1336 3573/2778/2578 3575/2780/1773
f 3574/2779/1336 3575/2780/1773 3576/2781/2348
f 3569/2774/2577 3570/2775/2553 3577/2782/1323
f 3570/2775/2553 3571/2776/1332 3577/2782/1323
f 3431/2643/2579 2049/1505/2579 2051/1507/708
f 3431/2643/2579 3430/2642/2580 2049/1505/2579
f 3578/2783/216 3579/2784/1449 3580/2785/1454
f 3579/2784/1449 3581/2786/2581 3580/2785/1454
f 3580/2785/1454 3581/2786/2581 3582/2787/2469
f 3581/2786/2581 3583/2788/2582 3582/2787/2469
f 3582/2787/2469 3583/2788/2582 3584/2789/1029
f 3584/2789/1029 3583/2788/2582 3585/2790/2583
f 3583/2788/2582 3586/2791/2584 3585/2790/2583
f 3585/2790/2583 3586/2791/2584 3587/2792/889
f 3588/2793/2292 3587/2792/889 3586/2791/2584
f 3589/2794/2585 3588/2793/2292 3586/2791/2584
f 3590/2795/2586 3588/2793/2292 3589/2794/2585
f 3589/2794/2585 3591/2796/168 3590/2795/2586
f 3590/2795/2586 3591/2796/168 3592/2797/2587
f 3592/2797/2587 3591/2796/168 3593/2798/708
f 3592/2797/2587 3593/2798/708 3594/2799/2588
f 3594/2799/2588 3595/2800/2589 3592/2797/2587
f 3594/2799/2588 3596/2801/330 3595/2800/2589
f 3595/2800/2589 3596/2801/330 3597/2802/1987
f 3590/2795/2586 3592/2797/2587 3588/2793/2292
f 3588/2793/2292 3592/2797/2587 3598/2803/2590
f 3592/2797/2587 3595/2800/2589 3598/2803/2590
f 3597/2802/1987 3599/2804/1738 3600/2805/2591
f 3600/2805/2591 3595/2800/2589 3597/2802/1987
f 3601/2806/2592 3595/2800/2589 3600/2805/2591
f 3601/2806/2592 3598/2803/2590 3595/2800/2589
f 3602/2807/368 3598/2803/2590 3601/2806/2592
f 3598/2803/2590 3602/2807/368 3588/2793/2292
f 3588/2793/2292 3602/2807/368 3603/2808/2151
f 3603/2808/2151 3587/2792/889 3588/2793/2292
f 3604/2809/2593 3605/2810/1115 3606/2811/2471
f 3605/2810/1115 3607/2812/2594 3606/2811/2471
f 3606/2811/2471 3607/2812/2594 3608/2813/549
f 3607/2812/2594 3609/2814/630 3608/2813/549
f 3610/2815/2422 3609/2814/630 3607/2812/2594
f 3611/2816/549 3610/2815/2422 3607/2812/2594
f 3612/2817/2595 3610/2815/2422 3611/2816/549
f 3611/2816/549 3613/2818/2596 3612/2817/2595
f 3605/2810/1115 3611/2816/549 3607/2812/2594
f 3596/2801/330 3614/2819/2450 3597/2802/1987
f 3614/2819/2450 3599/2804/1738 3597/2802/1987
f 3615/2820/2597 3599/2804/1738 3614/2819/2450
f 3616/2821/2598 3599/2804/1738 3615/2820/2597
f 3617/2822/1324 3616/2821/2598 3615/2820/2597
f 3618/2823/1029 3616/2821/2598 3617/2822/1324
f 3618/2823/1029 3617/2822/1324 3619/2824/234
f 3619/2824/234 3617/2822/1324 3620/2825/2599
f 3619/2824/234 3620/2825/2599 3621/2826/2600
f 3621/2826/2600 3620/2825/2599 3622/2827/2601
f 3621/2826/2600 3622/2827/2601 3604/2809/2593
f 3604/2809/2593 3622/2827/2601 3623/2828/1115
f 3623/2828/1115 3605/2810/1115 3604/2809/2593
f 3623/2828/1115 3325/2537/2450 3605/2810/1115
f 3325/2537/2450 3611/2816/549 3605/2810/1115
f 3325/2537/2450 3322/2534/2449 3611/2816/549
f 3322/2534/2449 3613/2818/2596 3611/2816/549
f 3322/2534/2449 3320/2532/2447 3613/2818/2596
f 3624/2829/2243 3615/2820/2597 3614/2819/2450
f 3624/2829/2243 3614/2819/2450 3596/2801/330
f 3625/2830/2602 3624/2829/2243 3596/2801/330
f 3596/2801/330 3594/2799/2588 3625/2830/2602
f 3594/2799/2588 3626/2831/1832 3625/2830/2602
f 3594/2799/2588 3593/2798/708 3626/2831/1832
f 3627/2832/1209 3628/2833/2603 3629/2834/915
f 3627/2832/1209 3629/2834/915 3630/2835/1839
f 3630/2835/1839 3629/2834/915 3631/2836/708
f 3631/2836/708 3626/2831/1832 3630/2835/1839
f 3625/2830/2602 3626/2831/1832 3631/2836/708
f 3631/2836/708 3632/2837/326 3625/2830/2602
f 3632/2837/326 3624/2829/2243 3625/2830/2602
f 3632/2837/326 3633/2838/2604 3624/2829/2243
f 3633/2838/2604 3615/2820/2597 3624/2829/2243
f 3633/2838/2604 3634/2839/352 3615/2820/2597
f 3615/2820/2597 3634/2839/352 3617/2822/1324
f 3617/2822/1324 3634/2839/352 3620/2825/2599
f 3620/2825/2599 3634/2839/352 3635/2840/2062
f 3620/2825/2599 3635/2840/2062 3622/2827/2601
f 3622/2827/2601 3635/2840/2062 3329/2541/1488
f 3329/2541/1488 3623/2828/1115 3622/2827/2601
f 3327/2539/2451 3623/2828/1115 3329/2541/1488
f 3327/2539/2451 3325/2537/2450 3623/2828/1115
f 3629/2834/915 3632/2837/326 3631/2836/708
f 3632/2837/326 3629/2834/915 3636/2841/2605
f 3636/2841/2605 3633/2838/2604 3632/2837/326
f 3633/2838/2604 3636/2841/2605 3637/2842/829
f 3633/2838/2604 3637/2842/829 3634/2839/352
f 3634/2839/352 3637/2842/829 3635/2840/2062
f 3331/2543/143 3329/2541/1488 3635/2840/2062
f 3635/2840/2062 3637/2842/829 3331/2543/143
f 3333/2545/2455 3331/2543/143 3637/2842/829
f 3637/2842/829 3636/2841/2605 3333/2545/2455
f 3636/2841/2605 3628/2833/2603 3333/2545/2455
f 3636/2841/2605 3629/2834/915 3628/2833/2603
f 3638/2843/2606 3639/2844/2607 3640/2845/2608
f 3638/2843/2606 3640/2845/2608 3641/2846/2018
f 3641/2846/2018 3640/2845/2608 3642/2847/2401
f 3642/2847/2401 3643/2848/2609 3641/2846/2018
f 3644/2849/1188 3641/2846/2018 3643/2848/2609
f 3643/2848/2609 3645/2850/1559 3644/2849/1188
f 3644/2849/1188 3645/2850/1559 3646/2851/504
f 3645/2850/1559 3647/2852/2610 3646/2851/504
f 3648/2853/2611 3638/2843/2606 3641/2846/2018
f 3648/2853/2611 3641/2846/2018 3644/2849/1188
f 3333/2545/2455 3649/2854/2612 3332/2544/2454
f 3333/2545/2455 3628/2833/2603 3649/2854/2612
f 3628/2833/2603 3650/2855/178 3649/2854/2612
f 3650/2855/178 3628/2833/2603 3627/2832/1209
f 3651/2856/2613 3650/2855/178 3627/2832/1209
f 3651/2856/2613 3627/2832/1209 3652/2857/2614
f 3652/2857/2614 3627/2832/1209 3630/2835/1839
f 3652/2857/2614 3630/2835/1839 3653/2858/289
f 3653/2858/289 3630/2835/1839 3626/2831/1832
f 3653/2858/289 3626/2831/1832 3647/2852/2610
f 3647/2852/2610 3626/2831/1832 3593/2798/708
f 3593/2798/708 3646/2851/504 3647/2852/2610
f 3591/2796/168 3646/2851/504 3593/2798/708
f 3591/2796/168 3644/2849/1188 3646/2851/504
f 3654/2859/183 3644/2849/1188 3591/2796/168
f 3648/2853/2611 3644/2849/1188 3654/2859/183
f 3655/2860/2615 3648/2853/2611 3654/2859/183
f 3655/2860/2615 3638/2843/2606 3648/2853/2611
f 3649/2854/2612 3650/2855/178 3656/2861/2335
f 3657/2862/2616 3656/2861/2335 3650/2855/178
f 3657/2862/2616 3650/2855/178 3651/2856/2613
f 3658/2863/1358 3645/2850/1559 3643/2848/2609
f 3658/2863/1358 3659/2864/2209 3645/2850/1559
f 3659/2864/2209 3647/2852/2610 3645/2850/1559
f 3659/2864/2209 3660/2865/2617 3647/2852/2610
f 3660/2865/2617 3653/2858/289 3647/2852/2610
f 3661/2866/2618 3653/2858/289 3660/2865/2617
f 3652/2857/2614 3653/2858/289 3661/2866/2618
f 3310/2522/1925 3652/2857/2614 3661/2866/2618
f 3651/2856/2613 3652/2857/2614 3310/2522/1925
f 3309/2521/2440 3651/2856/2613 3310/2522/1925
f 3657/2862/2616 3651/2856/2613 3309/2521/2440
f 3657/2862/2616 3309/2521/2440 3308/2520/900
f 3308/2520/900 3656/2861/2335 3657/2862/2616
f 3308/2520/900 3307/2519/1553 3656/2861/2335
f 3307/2519/1553 3649/2854/2612 3656/2861/2335
f 3649/2854/2612 3307/2519/1553 3343/2555/2457
f 3332/2544/2454 3649/2854/2612 3343/2555/2457
f 3343/2555/2457 3335/2547/1514 3332/2544/2454
f 3661/2866/2618 3300/2512/1352 3310/2522/1925
f 3298/2510/2435 3300/2512/1352 3661/2866/2618
f 3298/2510/2435 3661/2866/2618 3662/2867/2435
f 3662/2867/2435 3661/2866/2618 3660/2865/2617
f 3662/2867/2435 3660/2865/2617 3659/2864/2209
f 3299/2511/2435 3298/2510/2435 3662/2867/2435
f 3663/2868/2405 3658/2863/1358 3664/2869/1926
f 3663/2868/2405 3665/2870/2619 3658/2863/1358
f 3658/2863/1358 3665/2870/2619 3666/2871/2620
f 3666/2871/2620 3659/2864/2209 3658/2863/1358
f 3662/2867/2435 3659/2864/2209 3666/2871/2620
f 3666/2871/2620 3667/2872/1378 3662/2867/2435
f 3662/2867/2435 3667/2872/1378 3299/2511/2435
f 3667/2872/1378 3668/2873/2621 3299/2511/2435
f 3299/2511/2435 3668/2873/2621 3293/2505/2431
f 3299/2511/2435 3293/2505/2431 3294/2506/2432
f 3669/2874/138 3664/2869/1926 3670/2875/2622
f 3671/2876/2623 3664/2869/1926 3669/2874/138
f 3663/2868/2405 3664/2869/1926 3671/2876/2623
f 3671/2876/2623 3672/2877/2624 3663/2868/2405
f 3663/2868/2405 3672/2877/2624 3665/2870/2619
f 3672/2877/2624 3673/2878/2625 3665/2870/2619
f 3665/2870/2619 3673/2878/2625 3666/2871/2620
f 3666/2871/2620 3673/2878/2625 3674/2879/602
f 3666/2871/2620 3674/2879/602 3667/2872/1378
f 3675/2880/2626 3667/2872/1378 3674/2879/602
f 3668/2873/2621 3667/2872/1378 3675/2880/2626
f 3675/2880/2626 3313/2525/244 3668/2873/2621
f 3668/2873/2621 3313/2525/244 3293/2505/2431
f 3293/2505/2431 3313/2525/244 3314/2526/726
f 3314/2526/726 3292/2504/807 3293/2505/2431
f 3292/2504/807 3314/2526/726 3315/2527/2443
f 3315/2527/2443 3277/2489/1364 3292/2504/807
f 3278/2490/2423 3277/2489/1364 3315/2527/2443
f 3675/2880/2626 3674/2879/602 3676/2881/2627
f 3676/2881/2627 3674/2879/602 3673/2878/2625
f 3676/2881/2627 3673/2878/2625 3672/2877/2624
f 3676/2881/2627 3672/2877/2624 3677/2882/213
f 3677/2882/213 3675/2880/2626 3676/2881/2627
f 3678/2883/2407 3675/2880/2626 3677/2882/213
f 3675/2880/2626 3678/2883/2407 3313/2525/244
f 3313/2525/244 3678/2883/2407 3311/2523/2442
f 3677/2882/213 3311/2523/2442 3678/2883/2407
f 3679/2884/2628 3311/2523/2442 3677/2882/213
f 3677/2882/213 3672/2877/2624 3679/2884/2628
f 3680/2885/2629 3679/2884/2628 3672/2877/2624
f 3680/2885/2629 3672/2877/2624 3671/2876/2623
f 3680/2885/2629 3671/2876/2623 3681/2886/2630
f 3681/2886/2630 3671/2876/2623 3669/2874/138
f 3682/2887/2631 3681/2886/2630 3669/2874/138
f 3683/2888/79 3681/2886/2630 3682/2887/2631
f 3683/2888/79 3682/2887/2631 3684/2889/1380
f 3685/2890/1075 3683/2888/79 3684/2889/1380
f 3686/2891/2632 3685/2890/1075 3687/2892/2633
f 3688/2893/545 3685/2890/1075 3686/2891/2632
f 3683/2888/79 3685/2890/1075 3688/2893/545
f 3689/2894/611 3683/2888/79 3688/2893/545
f 3681/2886/2630 3683/2888/79 3689/2894/611
f 3689/2894/611 3680/2885/2629 3681/2886/2630
f 3690/2895/2634 3680/2885/2629 3689/2894/611
f 3690/2895/2634 3679/2884/2628 3680/2885/2629
f 3679/2884/2628 3690/2895/2634 3311/2523/2442
f 3684/2889/1380 3691/2896/2635 3685/2890/1075
f 3687/2892/2633 3685/2890/1075 3691/2896/2635
f 3692/2897/2636 3687/2892/2633 3691/2896/2635
f 3693/2898/1073 3687/2892/2633 3692/2897/2636
f 3694/2899/2637 3693/2898/1073 3692/2897/2636
f 3695/2705/719 3693/2898/1073 3694/2899/2637
f 3694/2899/2637 3696/2704/2638 3695/2705/719
f 3697/2900/2639 3696/2704/2638 3694/2899/2637
f 3698/2901/91 3696/2704/2638 3697/2900/2639
f 3698/2901/91 3697/2900/2639 3699/2902/2640
f 3700/2903/2641 3698/2901/91 3699/2902/2640
f 3699/2902/2640 3701/2904/2642 3700/2903/2641
f 3701/2904/2642 3702/2905/2643 3700/2903/2641
f 3701/2904/2642 3703/2906/2644 3702/2905/2643
f 3703/2906/2644 3704/2907/1358 3702/2905/2643
f 3703/2906/2644 3682/2887/2631 3704/2907/1358
f 3704/2907/1358 3682/2887/2631 3670/2875/2622
f 3682/2887/2631 3669/2874/138 3670/2875/2622
f 3705/2908/1352 3703/2906/2644 3701/2904/2642
f 3697/2900/2639 3701/2904/2642 3699/2902/2640
f 3697/2900/2639 3694/2899/2637 3701/2904/2642
f 3701/2904/2642 3694/2899/2637 3692/2897/2636
f 3701/2904/2642 3692/2897/2636 3705/2908/1352
f 3705/2908/1352 3692/2897/2636 3691/2896/2635
f 3705/2908/1352 3691/2896/2635 3684/2889/1380
f 3705/2908/1352 3684/2889/1380 3703/2906/2644
f 3684/2889/1380 3682/2887/2631 3703/2906/2644
f 3706/1677/2645 3707/1676/2645 3708/1675/2645
f 3709/2909/2646 3710/2910/2647 3711/2911/1459
f 3711/2911/1459 3710/2910/2647 3712/2912/1601
f 3712/2912/1601 3713/2913/586 3711/2911/1459
f 3711/2911/1459 3713/2913/586 3714/2914/2648
f 3714/2914/2648 3715/2915/425 3711/2911/1459
f 3715/2915/425 3714/2914/2648 3716/2916/2649
f 3716/2916/2649 3714/2914/2648 3717/2917/2363
f 3714/2914/2648 3718/2918/101 3717/2917/2363
f 3713/2913/586 3718/2918/101 3714/2914/2648
f 3713/2913/586 3719/2919/1926 3718/2918/101
f 3712/2912/1601 3719/2919/1926 3713/2913/586
f 3712/2912/1601 3720/2920/1896 3719/2919/1926
f 3712/2912/1601 3721/2921/2549 3720/2920/1896
f 3710/2910/2647 3721/2921/2549 3712/2912/1601
f 3721/2921/2549 3710/2910/2647 3722/2922/2650
f 3722/2922/2650 3710/2910/2647 3709/2909/2646
f 3722/2922/2650 3709/2909/2646 3723/2923/1239
f 3711/2911/1459 3723/2923/1239 3709/2909/2646
f 3724/2924/790 3723/2923/1239 3711/2911/1459
f 3711/2911/1459 3715/2915/425 3724/2924/790
f 3725/2925/170 3724/2924/790 3715/2915/425
f 3724/2924/790 3726/2926/2651 3723/2923/1239
f 3726/2926/2651 3724/2924/790 3725/2925/170
f 3720/2920/1896 3721/2921/2549 3727/2927/2652
f 3721/2921/2549 3728/2928/609 3727/2927/2652
f 3729/2929/2653 3728/2928/609 3721/2921/2549
f 2211/1667/2654 3730/2930/2440 3731/2931/2655
f 2211/1667/2654 3732/2932/2656 3730/2930/2440
f 2211/1667/2654 2210/1666/1103 3732/2932/2656
f 3733/2933/2657 3732/2932/2656 2210/1666/1103
f 3734/2934/2658 3733/2933/2657 2210/1666/1103
f 2210/1666/1103 3735/2935/2299 3734/2934/2658
f 3736/2936/2659 3735/2935/2299 2210/1666/1103
f 3736/2936/2659 3725/2925/170 3735/2935/2299
f 3728/2928/609 3725/2925/170 3736/2936/2659
f 3728/2928/609 3726/2926/2651 3725/2925/170
f 3726/2926/2651 3728/2928/609 3729/2929/2653
f 3723/2923/1239 3726/2926/2651 3729/2929/2653
f 3723/2923/1239 3729/2929/2653 3722/2922/2650
f 3729/2929/2653 3721/2921/2549 3722/2922/2650
f 3716/2916/2649 3725/2925/170 3715/2915/425
f 3735/2935/2299 3725/2925/170 3716/2916/2649
f 3735/2935/2299 3716/2916/2649 3737/2937/1119
f 3734/2934/2658 3735/2935/2299 3737/2937/1119
f 3737/2937/1119 3738/2938/2511 3734/2934/2658
f 3734/2934/2658 3738/2938/2511 3739/2939/2660
f 3739/2939/2660 3733/2933/2657 3734/2934/2658
f 3481/2693/2530 3733/2933/2657 3739/2939/2660
f 3733/2933/2657 3481/2693/2530 3479/2691/2528
f 3733/2933/2657 3479/2691/2528 3732/2932/2656
f 3479/2691/2528 3478/2690/2520 3732/2932/2656
f 3732/2932/2656 3478/2690/2520 3730/2930/2440
f 3730/2930/2440 3478/2690/2520 3477/2689/775
f 3731/2931/2655 3730/2930/2440 3477/2689/775
f 3731/2931/2655 3477/2689/775 3740/2940/2661
f 3740/2940/2661 3477/2689/775 3476/2688/1587
f 3476/2688/1587 3473/2685/1924 3740/2940/2661
f 3474/2686/2526 3473/2685/1924 3476/2688/1587
f 3719/2919/1926 3741/2941/1598 3718/2918/101
f 3480/2692/2529 3481/2693/2530 3742/2942/1519
f 3742/2942/1519 3481/2693/2530 3739/2939/2660
f 3742/2942/1519 3739/2939/2660 3743/2943/2662
f 3743/2943/2662 3739/2939/2660 3738/2938/2511
f 3738/2938/2511 3744/2944/2663 3743/2943/2662
f 3738/2938/2511 3737/2937/1119 3744/2944/2663
f 3744/2944/2663 3737/2937/1119 3745/2945/2664
f 3737/2937/1119 3716/2916/2649 3745/2945/2664
f 3745/2945/2664 3716/2916/2649 3746/2946/2665
f 3746/2946/2665 3716/2916/2649 3717/2917/2363
f 3717/2917/2363 3747/2947/1693 3746/2946/2665
f 3717/2917/2363 3718/2918/101 3747/2947/1693
f 3747/2947/1693 3718/2918/101 3748/2948/2666
f 3718/2918/101 3741/2941/1598 3748/2948/2666
f 3741/2941/1598 3749/2949/2667 3748/2948/2666
f 3750/2950/128 3749/2949/2667 3741/2941/1598
f 3751/2951/56 3749/2949/2667 3750/2950/128
f 3752/2720/2668 3749/2949/2667 3751/2951/56
f 3752/2720/2668 3751/2951/56 3753/2952/2669
f 3753/2952/2669 3754/2719/2670 3752/2720/2668
f 3752/2720/2668 3754/2719/2670 3755/2717/2671
f 3756/2718/1013 3755/2717/2671 3754/2719/2670
f 3755/2717/2671 3756/2718/1013 3757/2716/166
f 3755/2717/2671 3757/2716/166 3758/2715/2672
f 3758/2715/2672 3757/2716/166 3759/2714/2673
f 3758/2715/2672 3759/2714/2673 3760/2713/2672
f 3761/2712/2674 3760/2713/2672 3759/2714/2673
f 3762/2710/2675 3760/2713/2672 3761/2712/2674
f 3762/2710/2675 3761/2712/2674 3763/2711/251
f 3762/2710/2675 3763/2711/251 3764/2709/2676
f 3762/2710/2675 3764/2709/2676 3765/2708/2677
f 3764/2709/2676 3766/2707/2678 3765/2708/2677
f 3765/2708/2677 3766/2707/2678 3767/2706/2679
f 3766/2707/2678 3768/2703/247 3767/2706/2679
f 3767/2706/2679 3768/2703/247 3696/2704/2638
f 3695/2705/719 3696/2704/2638 3768/2703/247
f 3758/2715/2672 3752/2720/2668 3755/2717/2671
f 3769/2953/2680 3752/2720/2668 3758/2715/2672
f 3760/2713/2672 3769/2953/2680 3758/2715/2672
f 3770/2954/2681 3769/2953/2680 3760/2713/2672
f 3762/2710/2675 3770/2954/2681 3760/2713/2672
f 3771/2955/775 3770/2954/2681 3762/2710/2675
f 3762/2710/2675 3765/2708/2677 3771/2955/775
f 3771/2955/775 3765/2708/2677 3772/2956/2655
f 3765/2708/2677 3773/2957/1598 3772/2956/2655
f 3767/2706/2679 3773/2957/1598 3765/2708/2677
f 3698/2901/91 3767/2706/2679 3696/2704/2638
f 3773/2957/1598 3767/2706/2679 3698/2901/91
f 3773/2957/1598 3698/2901/91 3700/2903/2641
f 3774/2958/2682 3773/2957/1598 3700/2903/2641
f 3772/2956/2655 3773/2957/1598 3774/2958/2682
f 3775/2959/141 3772/2956/2655 3774/2958/2682
f 3771/2955/775 3772/2956/2655 3775/2959/141
f 3776/2960/1160 3771/2955/775 3775/2959/141
f 3771/2955/775 3776/2960/1160 3770/2954/2681
f 3770/2954/2681 3776/2960/1160 3777/2961/1575
f 3777/2961/1575 3778/2962/483 3770/2954/2681
f 3778/2962/483 3769/2953/2680 3770/2954/2681
f 3779/2963/2683 3769/2953/2680 3778/2962/483
f 3780/2964/2684 3769/2953/2680 3779/2963/2683
f 3769/2953/2680 3780/2964/2684 3752/2720/2668
f 3752/2720/2668 3780/2964/2684 3781/2965/149
f 3749/2949/2667 3752/2720/2668 3781/2965/149
f 3781/2965/149 3748/2948/2666 3749/2949/2667
f 3747/2947/1693 3748/2948/2666 3781/2965/149
f 3746/2946/2665 3747/2947/1693 3781/2965/149
f 3782/2966/512 3744/2944/2663 3783/2967/2685
f 3743/2943/2662 3744/2944/2663 3782/2966/512
f 3743/2943/2662 3782/2966/512 3742/2942/1519
f 3781/2965/149 3780/2964/2684 3746/2946/2665
f 3702/2905/2643 3704/2907/1358 3784/2968/1880
f 3784/2968/1880 3785/2969/1880 3702/2905/2643
f 3700/2903/2641 3702/2905/2643 3785/2969/1880
f 3700/2903/2641 3785/2969/1880 3774/2958/2682
f 3774/2958/2682 3785/2969/1880 3786/2970/1822
f 3786/2970/1822 3775/2959/141 3774/2958/2682
f 3787/2971/2686 3775/2959/141 3786/2970/1822
f 3787/2971/2686 3776/2960/1160 3775/2959/141
f 3788/2972/2257 3776/2960/1160 3787/2971/2686
f 3788/2972/2257 3777/2961/1575 3776/2960/1160
f 3789/2973/1216 3777/2961/1575 3788/2972/2257
f 3789/2973/1216 3480/2692/2529 3777/2961/1575
f 3480/2692/2529 3778/2962/483 3777/2961/1575
f 3480/2692/2529 3742/2942/1519 3778/2962/483
f 3778/2962/483 3742/2942/1519 3779/2963/2683
f 3742/2942/1519 3782/2966/512 3779/2963/2683
f 3782/2966/512 3780/2964/2684 3779/2963/2683
f 3783/2967/2685 3780/2964/2684 3782/2966/512
f 3746/2946/2665 3780/2964/2684 3783/2967/2685
f 3783/2967/2685 3745/2945/2664 3746/2946/2665
f 3744/2944/2663 3745/2945/2664 3783/2967/2685
f 3480/2692/2529 3466/2678/2521 3465/2677/816
f 3466/2678/2521 3480/2692/2529 3789/2973/1216
f 3466/2678/2521 3789/2973/1216 3420/2632/2500
f 3790/2974/1828 3786/2970/1822 3785/2969/1880
f 3790/2974/1828 3785/2969/1880 3784/2968/1880
f 3415/2627/62 3420/2632/2500 3789/2973/1216
f 3415/2627/62 3789/2973/1216 3791/2975/530
f 3791/2975/530 3789/2973/1216 3788/2972/2257
f 3791/2975/530 3788/2972/2257 3792/2976/2687
f 3792/2976/2687 3788/2972/2257 3787/2971/2686
f 3792/2976/2687 3787/2971/2686 3793/2977/520
f 3793/2977/520 3787/2971/2686 3786/2970/1822
f 3793/2977/520 3786/2970/1822 3794/2978/899
f 3794/2978/899 3786/2970/1822 3790/2974/1828
f 3790/2974/1828 3639/2844/2607 3794/2978/899
f 3784/2968/1880 3639/2844/2607 3790/2974/1828
f 3784/2968/1880 3640/2845/2608 3639/2844/2607
f 3704/2907/1358 3640/2845/2608 3784/2968/1880
f 3704/2907/1358 3642/2847/2401 3640/2845/2608
f 3670/2875/2622 3642/2847/2401 3704/2907/1358
f 3670/2875/2622 3664/2869/1926 3642/2847/2401
f 3664/2869/1926 3643/2848/2609 3642/2847/2401
f 3664/2869/1926 3658/2863/1358 3643/2848/2609
f 3363/2575/2469 3365/2577/2470 3795/2979/2688
f 3365/2577/2470 3796/2980/2689 3795/2979/2688
f 3365/2577/2470 3367/2579/2472 3796/2980/2689
f 3796/2980/2689 3367/2579/2472 3797/2981/706
f 3798/2982/313 3796/2980/2689 3797/2981/706
f 3797/2981/706 3792/2976/2687 3798/2982/313
f 3791/2975/530 3792/2976/2687 3797/2981/706
f 3367/2579/2472 3791/2975/530 3797/2981/706
f 3415/2627/62 3791/2975/530 3367/2579/2472
f 3415/2627/62 3367/2579/2472 3369/2581/2474
f 3655/2860/2615 3799/2983/2690 3638/2843/2606
f 3799/2983/2690 3639/2844/2607 3638/2843/2606
f 3799/2983/2690 3794/2978/899 3639/2844/2607
f 3800/2984/2691 3794/2978/899 3799/2983/2690
f 3800/2984/2691 3793/2977/520 3794/2978/899
f 3801/2985/2445 3793/2977/520 3800/2984/2691
f 3801/2985/2445 3792/2976/2687 3793/2977/520
f 3802/2986/60 3792/2976/2687 3801/2985/2445
f 3798/2982/313 3792/2976/2687 3802/2986/60
f 3802/2986/60 3803/2987/1031 3798/2982/313
f 3803/2987/1031 3796/2980/2689 3798/2982/313
f 3803/2987/1031 2223/1677/2692 3796/2980/2689
f 3795/2979/2688 3796/2980/2689 2223/1677/2692
f 3795/2979/2688 2223/1677/2692 3804/2988/2693
f 3805/2989/2694 3795/2979/2688 3804/2988/2693
f 3363/2575/2469 3795/2979/2688 3805/2989/2694
f 3363/2575/2469 3805/2989/2694 3361/2573/2467
f 3361/2573/2467 3805/2989/2694 3359/2571/2465
f 3806/2990/307 3807/2991/1144 3655/2860/2615
f 3807/2991/1144 3799/2983/2690 3655/2860/2615
f 3807/2991/1144 3800/2984/2691 3799/2983/2690
f 3806/2990/307 3654/2859/183 3808/2992/2695
f 3654/2859/183 3806/2990/307 3655/2860/2615
f 3809/2993/2696 3803/2987/1031 3810/2994/1280
f 3803/2987/1031 3811/2995/2697 3810/2994/1280
f 3802/2986/60 3811/2995/2697 3803/2987/1031
f 3802/2986/60 3812/2996/598 3811/2995/2697
f 3813/2997/1032 3812/2996/598 3802/2986/60
f 3802/2986/60 3801/2985/2445 3813/2997/1032
f 3813/2997/1032 3801/2985/2445 3800/2984/2691
f 3813/2997/1032 3800/2984/2691 3807/2991/1144
f 3814/2998/2698 3813/2997/1032 3807/2991/1144
f 3814/2998/2698 3807/2991/1144 3806/2990/307
f 3814/2998/2698 3806/2990/307 3579/2784/1449
f 3579/2784/1449 3806/2990/307 3581/2786/2581
f 3806/2990/307 3808/2992/2695 3581/2786/2581
f 3581/2786/2581 3808/2992/2695 3583/2788/2582
f 3808/2992/2695 3586/2791/2584 3583/2788/2582
f 3589/2794/2585 3586/2791/2584 3808/2992/2695
f 3808/2992/2695 3654/2859/183 3589/2794/2585
f 3654/2859/183 3591/2796/168 3589/2794/2585
f 3814/2998/2698 3812/2996/598 3813/2997/1032
f 3815/2999/2699 3816/3000/2536 3817/3001/2700
f 3818/3002/2701 3816/3000/2536 3815/2999/2699
f 3819/3003/2267 3816/3000/2536 3818/3002/2701
f 3820/3004/2702 3816/3000/2536 3819/3003/2267
f 3819/3003/2267 3812/2996/598 3820/3004/2702
f 3811/2995/2697 3812/2996/598 3819/3003/2267
f 3818/3002/2701 3811/2995/2697 3819/3003/2267
f 3810/2994/1280 3811/2995/2697 3818/3002/2701
f 3815/2999/2699 3810/2994/1280 3818/3002/2701
f 3809/2993/2696 3810/2994/1280 3815/2999/2699
f 3817/3001/2700 3809/2993/2696 3815/2999/2699
f 3817/3001/2700 3821/3005/2703 3809/2993/2696
f 3816/3000/2536 3821/3005/2703 3817/3001/2700
f 3822/3006/888 3821/3005/2703 3816/3000/2536
f 3820/3004/2702 3822/3006/888 3816/3000/2536
f 3820/3004/2702 3823/3007/2694 3822/3006/888
f 3820/3004/2702 3812/2996/598 3823/3007/2694
f 3812/2996/598 3824/3008/725 3823/3007/2694
f 3812/2996/598 3814/2998/2698 3824/3008/725
f 3824/3008/725 3814/2998/2698 3578/2783/216
f 3578/2783/216 3814/2998/2698 3579/2784/1449
f 3804/2988/2693 2223/1677/2692 2222/1676/2704
f 2221/1675/217 2223/1677/2692 3803/2987/1031
f 3809/2993/2696 3821/3005/2703 3825/3009/2705
f 3826/3010/2541 2222/1676/2704 2221/1675/217
f 3823/3007/2694 3826/3010/2541 2221/1675/217
f 2221/1675/217 3827/3011/206 3823/3007/2694
f 3822/3006/888 3823/3007/2694 3827/3011/206
f 3827/3011/206 3821/3005/2703 3822/3006/888
f 3825/3009/2705 3821/3005/2703 3827/3011/206
f 3825/3009/2705 3827/3011/206 2221/1675/217
f 2221/1675/217 3809/2993/2696 3825/3009/2705
f 3803/2987/1031 3809/2993/2696 2221/1675/217
f 3828/3012/174 3826/3010/2541 3823/3007/2694
f 3823/3007/2694 3824/3008/725 3828/3012/174
f 3829/2285/2706 3830/2287/1606 3831/2288/661
f 3829/2285/2706 3832/2286/169 3830/2287/1606
f 3833/2281/2707 3832/2286/169 3829/2285/2706
f 3834/2284/775 3833/2281/2707 3829/2285/2706
f 3835/2278/282 3833/2281/2707 3834/2284/775
f 3834/2284/775 3836/2283/2520 3835/2278/282
f 3837/2292/2708 3836/2283/2520 3834/2284/775
f 3837/2292/2708 3838/2293/2709 3836/2283/2520
f 3839/2289/1884 3838/2293/2709 3837/2292/2708
f 3839/2289/1884 3840/2290/2710 3838/2293/2709
f 3841/2291/2711 3840/2290/2710 3839/2289/1884
f 3842/1752/2569 3843/1753/2712 3844/1753/2587
f 3845/1769/2713 3843/1753/2712 3846/1765/2714
f 3845/1769/2713 3847/1756/1109 3843/1753/2712
f 3843/1753/2712 3847/1756/1109 3844/1753/2587
f 3848/1755/2715 3844/1753/2587 3847/1756/1109
f 3842/1752/2569 3844/1753/2587 3848/1755/2715
f 3848/1755/2715 3849/1767/2716 3842/1752/2569
f 3849/1767/2716 3850/1768/54 3842/1752/2569
f 3842/1752/2569 3850/1768/54 3851/1754/671
f 3851/1754/671 3843/1753/2712 3842/1752/2569
f 3850/1768/54 3843/1753/2712 3851/1754/671
f 3852/1770/2335 3843/1753/2712 3850/1768/54
f 3849/1767/2716 3852/1770/2335 3850/1768/54
f 3853/1766/2717 3852/1770/2335 3849/1767/2716
f 3853/1766/2717 3849/1767/2716 3848/1755/2715
f 3848/1755/2715 3854/1758/1195 3853/1766/2717
f 3855/1757/2718 3854/1758/1195 3848/1755/2715
f 3856/1739/2348 3854/1758/1195 3855/1757/2718
f 3855/1757/2718 3857/1735/2719 3856/1739/2348
f 3831/2288/661 3830/2287/1606 3856/1739/2348
f 3856/1739/2348 3830/2287/1606 3854/1758/1195
f 3830/2287/1606 3832/2286/169 3854/1758/1195
f 3854/1758/1195 3832/2286/169 3858/1764/2720
f 3858/1764/2720 3846/1765/2714 3854/1758/1195
f 3854/1758/1195 3846/1765/2714 3853/1766/2717
f 3846/1765/2714 3852/1770/2335 3853/1766/2717
f 3846/1765/2714 3843/1753/2712 3852/1770/2335
f 3845/1769/2713 3859/1763/2721 3847/1756/1109
f 3848/1755/2715 3847/1756/1109 3855/1757/2718
f 3855/1757/2718 3847/1756/1109 3860/1771/1032
f 3847/1756/1109 3859/1763/2721 3860/1771/1032
f 3859/1763/2721 3861/1761/2722 3860/1771/1032
f 3859/1763/2721 3862/1762/2529 3861/1761/2722
f 3862/1762/2529 3863/1760/1395 3861/1761/2722
f 3862/1762/2529 3864/2279/2723 3863/1760/1395
f 3863/1760/1395 3864/2279/2723 3865/2280/2724
f 3835/2278/282 3863/1760/1395 3865/2280/2724
f 3835/2278/282 3865/2280/2724 3833/2281/2707
f 3865/2280/2724 3864/2279/2723 3833/2281/2707
f 3833/2281/2707 3864/2279/2723 3832/2286/169
f 3864/2279/2723 3862/1762/2529 3832/2286/169
f 3832/2286/169 3862/1762/2529 3858/1764/2720
f 3858/1764/2720 3862/1762/2529 3859/1763/2721
f 3858/1764/2720 3859/1763/2721 3846/1765/2714
f 3846/1765/2714 3859/1763/2721 3845/1769/2713
f 3860/1771/1032 3861/1761/2722 3866/1759/2725
f 3860/1771/1032 3866/1759/2725 3855/1757/2718
f 3855/1757/2718 3866/1759/2725 3857/1735/2719
f 3866/1759/2725 3867/1737/1132 3857/1735/2719
f 3868/1740/2726 72/72/67 2890/1741/1796
f 3856/1739/2348 3868/1740/2726 2890/1741/1796
f 3869/1738/2727 3868/1740/2726 3856/1739/2348
f 3856/1739/2348 3857/1735/2719 3869/1738/2727
f 3857/1735/2719 3870/1736/2728 3869/1738/2727
f 3867/1737/1132 3870/1736/2728 3857/1735/2719
f 3871/1772/2729 3870/1736/2728 3867/1737/1132
f 3866/1759/2725 3871/1772/2729 3867/1737/1132
f 3872/1774/2730 3871/1772/2729 3866/1759/2725
f 3861/1761/2722 3872/1774/2730 3866/1759/2725
f 74/74/69 3872/1774/2730 3861/1761/2722
f 3861/1761/2722 3863/1760/1395 74/74/69
f 3863/1760/1395 75/75/70 74/74/69
f 75/75/70 3863/1760/1395 3835/2278/282
f 3835/2278/282 3873/2277/2318 75/75/70
f 3836/2283/2520 3873/2277/2318 3835/2278/282
f 3874/2282/2396 3873/2277/2318 3836/2283/2520
f 3838/2293/2709 3874/2282/2396 3836/2283/2520
f 3875/1773/306 73/73/68 72/72/67
f 3870/1736/2728 3868/1740/2726 3869/1738/2727
f 72/72/67 3868/1740/2726 3870/1736/2728
f 3870/1736/2728 3875/1773/306 72/72/67
f 3871/1772/2729 3875/1773/306 3870/1736/2728
f 3872/1774/2730 3875/1773/306 3871/1772/2729
f 73/73/68 3875/1773/306 3872/1774/2730
f 3872/1774/2730 74/74/69 73/73/68
f 3876/1665/1140 3877/1667/1140 3878/1666/1140
f 3879/2352/351 3880/2351/694 3881/2346/2731
f 3882/2353/354 3880/2351/694 3879/2352/351
f 3882/2353/354 3879/2352/351 3883/2355/2732
f 3883/2355/2732 3884/2356/1521 3882/2353/354
f 3885/2359/1547 3884/2356/1521 3883/2355/2732
f 3886/2363/2733 3884/2356/1521 3885/2359/1547
f 3885/2359/1547 3887/2362/2734 3886/2363/2733
f 3888/2360/354 3886/2363/2733 3887/2362/2734
f 3889/2198/378 3888/2360/354 3887/2362/2734
f 3889/2198/378 3890/2199/2735 3888/2360/354
f 3891/2183/2069 3890/2199/2735 3889/2198/378
f 3891/2183/2069 3892/2200/2449 3890/2199/2735
f 3893/2181/2471 3892/2200/2449 3891/2183/2069
f 3894/2201/2736 3892/2200/2449 3893/2181/2471
f 3895/2202/32 3894/2201/2736 3893/2181/2471
f 3896/2203/1120 3894/2201/2736 3895/2202/32
f 3897/2204/2737 3896/2203/1120 3895/2202/32
f 3898/2225/687 3896/2203/1120 3897/2204/2737
f 3889/2198/378 3887/2362/2734 3885/2359/1547
f 3889/2198/378 3885/2359/1547 3899/2197/455
f 3899/2197/455 3885/2359/1547 3883/2355/2732
f 3899/2197/455 3883/2355/2732 3900/2196/2738
f 3900/2196/2738 3883/2355/2732 3901/2354/2739
f 3883/2355/2732 3879/2352/351 3901/2354/2739
f 3902/2347/866 3901/2354/2739 3879/2352/351
f 3879/2352/351 3881/2346/2731 3902/2347/866
f 3902/2347/866 3881/2346/2731 3903/2333/1405
f 3904/2334/2740 3902/2347/866 3903/2333/1405
f 3903/2333/1405 3905/2328/2421 3904/2334/2740
f 3905/2328/2421 3906/2330/1635 3904/2334/2740
f 3906/2330/1635 3905/2328/2421 3907/2329/2741
f 3907/2329/2741 3905/2328/2421 3908/2327/2426
f 3909/2331/2742 3908/2327/2426 3905/2328/2421
f 3910/2332/2743 3908/2327/2426 3909/2331/2742
f 3901/2354/2739 3911/2195/1217 3900/2196/2738
f 3911/2195/1217 3901/2354/2739 3902/2347/866
f 3911/2195/1217 3902/2347/866 3912/2348/2744
f 3912/2348/2744 3902/2347/866 3904/2334/2740
f 3909/2331/2742 3905/2328/2421 3903/2333/1405
f 3903/2333/1405 3881/2346/2731 3909/2331/2742
f 3913/2194/2745 3911/2195/1217 3914/2193/2746
f 3914/2193/2746 3911/2195/1217 3912/2348/2744
f 3914/2193/2746 3912/2348/2744 3915/2325/790
f 3904/2334/2740 3915/2325/790 3912/2348/2744
f 3916/2335/2747 3915/2325/790 3904/2334/2740
f 3904/2334/2740 3906/2330/1635 3916/2335/2747
f 3917/2336/2748 3916/2335/2747 3906/2330/1635
f 3917/2336/2748 3906/2330/1635 3907/2329/2741
f 3907/2329/2741 3918/2337/1645 3917/2336/2748
f 3907/2329/2741 3908/2327/2426 3918/2337/1645
f 3918/2337/1645 3908/2327/2426 3919/2338/2749
f 3908/2327/2426 3910/2332/2743 3919/2338/2749
f 3910/2332/2743 3920/1255/215 3919/2338/2749
f 3921/1256/2419 3920/1255/215 3910/2332/2743
f 3921/1256/2419 3910/2332/2743 3909/2331/2742
f 3909/2331/2742 3922/2345/2750 3921/1256/2419
f 3881/2346/2731 3922/2345/2750 3909/2331/2742
f 3880/2351/694 3922/2345/2750 3881/2346/2731
f 3923/1241/2751 3924/1242/2752 3925/1243/2753
f 3925/1243/2753 3924/1242/2752 3926/1244/2754
f 3927/1245/2755 3925/1243/2753 3926/1244/2754
f 3928/1246/2751 3925/1243/2753 3927/1245/2755
f 3929/1247/166 3928/1246/2751 3927/1245/2755
f 3930/1248/2756 3928/1246/2751 3929/1247/166
f 3929/1247/166 3931/1249/2757 3930/1248/2756
f 3930/1248/2756 3931/1249/2757 3932/1250/205
f 3932/1250/205 3933/1251/2758 3930/1248/2756
f 3934/1252/2759 3933/1251/2758 3932/1250/205
f 3933/1251/2758 3934/1252/2759 3935/1253/2443
f 3935/1253/2443 3934/1252/2759 3936/1254/2760
f 3920/1255/215 3935/1253/2443 3936/1254/2760
f 3921/1256/2419 3935/1253/2443 3920/1255/215
f 3921/1256/2419 3922/2345/2750 3935/1253/2443
f 3935/1253/2443 3922/2345/2750 3937/2358/2416
f 3937/2358/2416 3933/1251/2758 3935/1253/2443
f 3938/2366/2761 3933/1251/2758 3937/2358/2416
f 3939/1236/2317 3940/1231/2669 3941/1233/2387
f 3939/1236/2317 3942/1237/2762 3940/1231/2669
f 3943/1238/2763 3942/1237/2762 3939/1236/2317
f 3942/1237/2762 3943/1238/2763 3944/1239/2764
f 3944/1239/2764 3943/1238/2763 3945/1240/2765
f 3944/1239/2764 3945/1240/2765 3923/1241/2751
f 3923/1241/2751 3945/1240/2765 3924/1242/2752
f 3933/1251/2758 3938/2366/2761 3930/1248/2756
f 3930/1248/2756 3938/2366/2761 3928/1246/2751
f 3882/2353/354 3884/2356/1521 3880/2351/694
f 3880/2351/694 3884/2356/1521 3946/2357/2766
f 3946/2357/2766 3922/2345/2750 3880/2351/694
f 3946/2357/2766 3937/2358/2416 3922/2345/2750
f 3947/2365/2702 3937/2358/2416 3946/2357/2766
f 3947/2365/2702 3938/2366/2761 3937/2358/2416
f 3948/2367/850 3938/2366/2761 3947/2365/2702
f 3938/2366/2761 3948/2367/850 3928/1246/2751
f 3928/1246/2751 3948/2367/850 3925/1243/2753
f 3948/2367/850 3949/2372/1364 3925/1243/2753
f 3925/1243/2753 3949/2372/1364 3923/1241/2751
f 3949/2372/1364 3944/1239/2764 3923/1241/2751
f 3950/1227/2767 3944/1239/2764 3949/2372/1364
f 3950/1227/2767 3951/1229/719 3944/1239/2764
f 3944/1239/2764 3951/1229/719 3942/1237/2762
f 3942/1237/2762 3951/1229/719 3940/1231/2669
f 3952/2368/2768 3949/2372/1364 3948/2367/850
f 3947/2365/2702 3952/2368/2768 3948/2367/850
f 3952/2368/2768 3947/2365/2702 3953/2364/1656
f 3947/2365/2702 3946/2357/2766 3953/2364/1656
f 3953/2364/1656 3946/2357/2766 3884/2356/1521
f 3953/2364/1656 3884/2356/1521 3886/2363/2733
f 3953/2364/1656 3954/2369/190 3952/2368/2768
f 3954/2369/190 3953/2364/1656 3955/2361/2769
f 3955/2361/2769 3953/2364/1656 3886/2363/2733
f 3955/2361/2769 3886/2363/2733 3888/2360/354
f 3956/2313/431 3957/2370/2770 3954/2369/190
f 3954/2369/190 3955/2361/2769 3956/2313/431
f 3956/2313/431 3955/2361/2769 3958/2314/1538
f 3955/2361/2769 3888/2360/354 3958/2314/1538
f 3958/2314/1538 3888/2360/354 3959/2252/1088
f 3890/2199/2735 3959/2252/1088 3888/2360/354
f 3960/2251/2771 3959/2252/1088 3890/2199/2735
f 3890/2199/2735 3961/2249/948 3960/2251/2771
f 3890/2199/2735 3892/2200/2449 3961/2249/948
f 3892/2200/2449 3962/2248/310 3961/2249/948
f 3894/2201/2736 3962/2248/310 3892/2200/2449
f 3962/2248/310 3894/2201/2736 3963/2226/2772
f 3963/2226/2772 3894/2201/2736 3896/2203/1120
f 3898/2225/687 3963/2226/2772 3896/2203/1120
f 3964/2224/378 3963/2226/2772 3898/2225/687
f 3964/2224/378 3898/2225/687 3965/2227/687
f 3966/1288/1161 3964/2224/378 3965/2227/687
f 3967/2246/1570 3964/2224/378 3966/1288/1161
f 3967/2246/1570 3963/2226/2772 3964/2224/378
f 3968/2245/678 3963/2226/2772 3967/2246/1570
f 3968/2245/678 3962/2248/310 3963/2226/2772
f 3969/2247/2773 3962/2248/310 3968/2245/678
f 3968/2245/678 3970/2244/2774 3969/2247/2773
f 3969/2247/2773 3970/2244/2774 3971/2243/2775
f 3972/2242/2776 3969/2247/2773 3971/2243/2775
f 3973/2250/424 3969/2247/2773 3972/2242/2776
f 3973/2250/424 3972/2242/2776 3960/2251/2771
f 3960/2251/2771 3961/2249/948 3973/2250/424
f 3973/2250/424 3961/2249/948 3969/2247/2773
f 3969/2247/2773 3961/2249/948 3962/2248/310
f 3974/2238/1803 3967/2246/1570 3966/1288/1161
f 3975/2239/1622 3967/2246/1570 3974/2238/1803
f 3968/2245/678 3967/2246/1570 3975/2239/1622
f 3976/2240/1813 3968/2245/678 3975/2239/1622
f 3970/2244/2774 3968/2245/678 3976/2240/1813
f 3977/2241/2777 3970/2244/2774 3976/2240/1813
f 3971/2243/2775 3970/2244/2774 3977/2241/2777
f 3977/2241/2777 2820/2117/1822 3971/2243/2775
f 3971/2243/2775 2820/2117/1822 3972/2242/2776
f 3972/2242/2776 2820/2117/1822 2822/2119/2159
f 3960/2251/2771 3972/2242/2776 2822/2119/2159
f 2822/2119/2159 2824/2121/1570 3960/2251/2771
f 3960/2251/2771 2824/2121/1570 3959/2252/1088
f 2824/2121/1570 2826/2123/1521 3959/2252/1088
f 2826/2123/1521 3978/2253/2778 3959/2252/1088
f 2826/2123/1521 2828/2125/715 3978/2253/2778
f 3978/2253/2778 2828/2125/715 2895/2179/1595
f 2895/2179/1595 2828/2125/715 2830/2127/2164
f 3965/2227/687 3979/1289/1057 3966/1288/1161
f 3966/1288/1161 3979/1289/1057 3980/1282/1096
f 3897/2204/2737 3981/2228/474 3898/2225/687
f 3898/2225/687 3981/2228/474 3965/2227/687
f 3982/2229/2779 3965/2227/687 3981/2228/474
f 3979/1289/1057 3965/2227/687 3982/2229/2779
f 3983/3013/2780 3979/1289/1057 3982/2229/2779
f 3983/3013/2780 3980/1282/1096 3979/1289/1057
f 3983/3013/2780 3984/1287/2781 3980/1282/1096
f 3984/1287/2781 3966/1288/1161 3980/1282/1096
f 3985/2237/515 3966/1288/1161 3984/1287/2781
f 3966/1288/1161 3985/2237/515 3974/2238/1803
f 3985/2237/515 3986/2236/448 3974/2238/1803
f 3974/2238/1803 3986/2236/448 3975/2239/1622
f 3986/2236/448 3987/2235/2782 3975/2239/1622
f 3975/2239/1622 3987/2235/2782 3976/2240/1813
f 3988/3014/2783 3976/2240/1813 3987/2235/2782
f 3976/2240/1813 3988/3014/2783 3977/2241/2777
f 3977/2241/2777 3988/3014/2783 2821/2118/1553
f 2821/2118/1553 2820/2117/1822 3977/2241/2777
f 3989/2213/1196 3990/2214/2784 3991/2212/297
f 3989/2213/1196 3991/2212/297 2849/2145/17
f 2849/2145/17 3991/2212/297 2851/2146/2179
f 3986/2236/448 3985/2237/515 3992/2218/793
f 3992/2218/793 3993/2219/2785 3986/2236/448
f 3986/2236/448 3993/2219/2785 3987/2235/2782
f 3994/2221/2786 3987/2235/2782 3993/2219/2785
f 3988/3014/2783 3987/2235/2782 3994/2221/2786
f 2821/2118/1553 2823/2120/2160 2819/2116/1822
f 2849/2145/17 2823/2120/2160 2821/2118/1553
f 2821/2118/1553 3989/2213/1196 2849/2145/17
f 3988/3014/2783 3989/2213/1196 2821/2118/1553
f 3988/3014/2783 3990/2214/2784 3989/2213/1196
f 3994/2221/2786 3990/2214/2784 3988/3014/2783
f 3995/2220/1865 3990/2214/2784 3994/2221/2786
f 3994/2221/2786 3993/2219/2785 3995/2220/1865
f 3993/2219/2785 3996/2216/2787 3995/2220/1865
f 3992/2218/793 3996/2216/2787 3993/2219/2785
f 3992/2218/793 3997/2217/1266 3996/2216/2787
f 3992/2218/793 3985/2237/515 3997/2217/1266
f 3997/2217/1266 3985/2237/515 3998/2232/1511
f 3998/2232/1511 3985/2237/515 3984/1287/2781
f 3998/2232/1511 3984/1287/2781 3983/3013/2780
f 3998/2232/1511 3983/3013/2780 3999/2230/2788
f 3983/3013/2780 3982/2229/2779 3999/2230/2788
f 3981/2228/474 3999/2230/2788 3982/2229/2779
f 3996/2216/2787 4000/2215/1782 4001/2207/1747
f 4001/2207/1747 4000/2215/1782 4002/2206/2789
f 4000/2215/1782 3999/2230/2788 4002/2206/2789
f 4000/2215/1782 3998/2232/1511 3999/2230/2788
f 3998/2232/1511 4000/2215/1782 3997/2217/1266
f 3997/2217/1266 4000/2215/1782 3996/2216/2787
f 3893/2181/2471 4003/2208/2790 3895/2202/32
f 4004/2205/2791 3895/2202/32 4003/2208/2790
f 3897/2204/2737 3895/2202/32 4004/2205/2791
f 4005/2211/2792 4004/2205/2791 4003/2208/2790
f 4002/2206/2789 3999/2230/2788 3981/2228/474
f 3897/2204/2737 4002/2206/2789 3981/2228/474
f 4004/2205/2791 4002/2206/2789 3897/2204/2737
f 4001/2207/1747 4002/2206/2789 4004/2205/2791
f 4004/2205/2791 4005/2211/2792 4001/2207/1747
f 4001/2207/1747 4005/2211/2792 4006/2210/1748
f 4003/2208/2790 4006/2210/1748 4005/2211/2792
f 4003/2208/2790 4007/2209/2468 4006/2210/1748
f 4008/2184/2793 4007/2209/2468 4003/2208/2790
f 4008/2184/2793 4003/2208/2790 3893/2181/2471
f 3893/2181/2471 4009/2182/2794 4008/2184/2793
f 3893/2181/2471 3891/2183/2069 4009/2182/2794
f 4009/2182/2794 3891/2183/2069 3889/2198/378
f 3889/2198/378 3899/2197/455 4009/2182/2794
f 4009/2182/2794 3899/2197/455 4010/2192/2795
f 3899/2197/455 3900/2196/2738 4010/2192/2795
f 4010/2192/2795 3900/2196/2738 3913/2194/2745
f 3900/2196/2738 3911/2195/1217 3913/2194/2745
f 4010/2192/2795 3913/2194/2745 3914/2193/2746
f 4011/2315/2796 4012/2318/2477 4013/2317/2191
f 4014/2321/1161 4013/2317/2191 4012/2318/2477
f 4015/2324/687 4013/2317/2191 4014/2321/1161
f 4013/2317/2191 4015/2324/687 4016/2323/2797
f 4016/2323/2797 4011/2315/2796 4013/2317/2191
f 4017/2320/2798 4011/2315/2796 4016/2323/2797
f 4012/2318/2477 4011/2315/2796 4017/2320/2798
f 4018/2319/2799 4012/2318/2477 4017/2320/2798
f 4014/2321/1161 4012/2318/2477 4018/2319/2799
f 4019/2326/1261 4014/2321/1161 4018/2319/2799
f 3915/2325/790 4014/2321/1161 4019/2326/1261
f 4019/2326/1261 4020/2349/2800 3915/2325/790
f 3915/2325/790 4020/2349/2800 3914/2193/2746
f 4021/2191/1799 3914/2193/2746 4020/2349/2800
f 4010/2192/2795 3914/2193/2746 4021/2191/1799
f 4022/2185/2605 4010/2192/2795 4021/2191/1799
f 4009/2182/2794 4010/2192/2795 4022/2185/2605
f 4008/2184/2793 4009/2182/2794 4022/2185/2605
f 4022/2185/2605 4023/2186/2184 4008/2184/2793
f 4008/2184/2793 4023/2186/2184 4007/2209/2468
f 4024/2189/1234 4025/2187/757 4026/2190/2801
f 4025/2187/757 4024/2189/1234 4027/2188/2802
f 4023/2186/2184 4025/2187/757 4027/2188/2802
f 4025/2187/757 4023/2186/2184 4022/2185/2605
f 4025/2187/757 4022/2185/2605 4026/2190/2801
f 4022/2185/2605 4021/2191/1799 4026/2190/2801
f 4021/2191/1799 4028/2350/2803 4026/2190/2801
f 4020/2349/2800 4028/2350/2803 4021/2191/1799
f 4019/2326/1261 4028/2350/2803 4020/2349/2800
f 4029/2341/17 4028/2350/2803 4019/2326/1261
f 4019/2326/1261 4018/2319/2799 4029/2341/17
f 4029/2341/17 4018/2319/2799 4030/2340/2273
f 4030/2340/2273 4018/2319/2799 4017/2320/2798
f 4017/2320/2798 4031/2342/2804 4030/2340/2273
f 4016/2323/2797 4031/2342/2804 4017/2320/2798
f 4016/2323/2797 4032/2344/2805 4031/2342/2804
f 4016/2323/2797 4015/2324/687 4032/2344/2805
f 3917/2336/2748 3918/2337/1645 4033/2343/2806
f 3917/2336/2748 4033/2343/2806 4032/2344/2805
f 4032/2344/2805 3916/2335/2747 3917/2336/2748
f 4015/2324/687 3916/2335/2747 4032/2344/2805
f 4015/2324/687 3915/2325/790 3916/2335/2747
f 4014/2321/1161 3915/2325/790 4015/2324/687
f 4032/2344/2805 4033/2343/2806 4031/2342/2804
f 4034/2339/2807 4031/2342/2804 4033/2343/2806
f 4030/2340/2273 4031/2342/2804 4034/2339/2807
f 4034/2339/2807 4029/2341/17 4030/2340/2273
f 3149/1686/1473 3148/1681/2557 4035/1680/1745
f 4035/1680/1745 3148/1681/2557 4036/1684/1450
f 4037/1688/2808 3148/1681/2557 3147/1687/2809
f 4037/1688/2808 4038/1683/1869 3148/1681/2557
f 4038/1683/1869 4039/1682/2810 3148/1681/2557
f 3148/1681/2557 4039/1682/2810 4036/1684/1450
f 4039/1682/2810 4040/1685/1611 4036/1684/1450
f 4036/1684/1450 4040/1685/1611 4041/1679/885
f 4041/1679/885 4035/1680/1745 4036/1684/1450
f 4042/1678/2811 4035/1680/1745 4041/1679/885
f 4043/1689/2812 4038/1683/1869 4037/1688/2808
f 4044/1724/1744 4045/1727/1323 4046/1726/2813
f 4046/1726/2813 4047/1725/2814 4044/1724/1744
f 4044/1724/1744 4047/1725/2814 4048/1702/1775
f 4043/1689/2812 4048/1702/1775 4047/1725/2814
f 4037/1688/2808 4048/1702/1775 4043/1689/2812
f 4037/1688/2808 4049/1701/2551 4048/1702/1775
f 3147/1687/2809 4049/1701/2551 4037/1688/2808
f 4050/1700/2815 4049/1701/2551 3147/1687/2809
f 3147/1687/2809 4051/1699/2816 4050/1700/2815
f 4050/1700/2815 4051/1699/2816 4052/1698/1909
f 4051/1699/2816 4053/1696/2815 4052/1698/1909
f 4052/1698/1909 4053/1696/2815 4054/1697/1608
f 4054/1697/1608 4053/1696/2815 4055/1695/2817
f 4055/1695/2817 4053/1696/2815 4056/1694/2552
f 4055/1695/2817 4056/1694/2552 4057/1693/1768
f 4057/1693/1768 4056/1694/2552 4058/1690/1744
f 4057/1693/1768 4058/1690/1744 4059/1691/2818
f 4059/1691/2818 4058/1690/1744 4060/1692/2553
f 4061/1733/2228 4062/1718/2819 4063/1734/502
f 4064/1717/2554 4062/1718/2819 4061/1733/2228
f 4065/1732/2820 4064/1717/2554 4061/1733/2228
f 4066/1731/1777 4064/1717/2554 4065/1732/2820
f 4064/1717/2554 4066/1731/1777 4067/1719/1392
f 4067/1719/1392 4066/1731/1777 4068/1730/2088
f 4067/1719/1392 4068/1730/2088 4069/1721/2821
f 4069/1721/2821 4068/1730/2088 4070/1729/2822
f 4069/1721/2821 4070/1729/2822 4071/1722/2823
f 4071/1722/2823 4070/1729/2822 4072/1728/1760
f 4071/1722/2823 4072/1728/1760 4073/1723/1760
f 4072/1728/1760 4045/1727/1323 4073/1723/1760
f 4073/1723/1760 4045/1727/1323 4044/1724/1744
f 4048/1702/1775 4049/1701/2551 4044/1724/1744
f 4044/1724/1744 4049/1701/2551 4074/1707/1501
f 4044/1724/1744 4074/1707/1501 4073/1723/1760
f 4073/1723/1760 4074/1707/1501 4071/1722/2823
f 4071/1722/2823 4074/1707/1501 4075/1708/2824
f 4075/1708/2824 4069/1721/2821 4071/1722/2823
f 4076/1720/1893 4069/1721/2821 4075/1708/2824
f 4076/1720/1893 4067/1719/1392 4069/1721/2821
f 4077/1716/2825 4067/1719/1392 4076/1720/1893
f 4077/1716/2825 4064/1717/2554 4067/1719/1392
f 4062/1718/2819 4064/1717/2554 4077/1716/2825
f 4078/1714/1769 4079/1713/2826 4080/1715/1769
f 4081/1712/2827 4079/1713/2826 4078/1714/1769
f 4081/1712/2827 4082/1711/1336 4079/1713/2826
f 4083/1710/2095 4082/1711/1336 4081/1712/2827
f 4083/1710/2095 4084/1705/1763 4082/1711/1336
f 4085/1704/2828 4084/1705/1763 4083/1710/2095
f 4083/1710/2095 4086/1709/923 4085/1704/2828
f 4085/1704/2828 4086/1709/923 4087/1706/2556
f 4087/1706/2556 4086/1709/923 4075/1708/2824
f 4075/1708/2824 4074/1707/1501 4087/1706/2556
f 4074/1707/1501 4050/1700/2815 4087/1706/2556
f 4074/1707/1501 4049/1701/2551 4050/1700/2815
f 4084/1705/1763 4085/1704/2828 4088/1703/1770
f 4088/1703/1770 4085/1704/2828 4087/1706/2556
f 4087/1706/2556 4050/1700/2815 4088/1703/1770
f 4089/2109/2069 4090/2099/925 4091/2110/2829
f 4091/2110/2829 4092/2111/2830 4089/2109/2069
f 4092/2111/2830 4093/2112/2831 4089/2109/2069
f 4089/2109/2069 4093/2112/2831 4094/2108/2832
f 4094/2108/2832 4095/2106/1033 4089/2109/2069
f 4096/2107/193 4095/2106/1033 4094/2108/2832
f 4096/2107/193 4097/1217/2833 4095/2106/1033
f 4097/1217/2833 4098/2103/916 4095/2106/1033
f 4098/2103/916 4097/1217/2833 4099/2104/2834
f 4100/2095/2835 4098/2103/916 4099/2104/2834
f 4101/2094/2226 4098/2103/916 4100/2095/2835
f 4102/2102/1108 4098/2103/916 4101/2094/2226
f 4102/2102/1108 4101/2094/2226 4103/2040/707
f 4103/2040/707 4104/2101/2836 4102/2102/1108
f 4103/2040/707 4105/2038/2417 4104/2101/2836
f 4104/2101/2836 4105/2038/2417 4106/2100/2837
f 4107/2093/2838 4106/2100/2837 4105/2038/2417
f 4108/2086/2839 4109/2087/153 4100/2095/2835
f 4109/2087/153 4101/2094/2226 4100/2095/2835
f 4110/2041/2840 4101/2094/2226 4109/2087/153
f 4110/2041/2840 4103/2040/707 4101/2094/2226
f 4111/2039/2841 4103/2040/707 4110/2041/2840
f 4111/2039/2841 4105/2038/2417 4103/2040/707
f 4112/2037/2096 4105/2038/2417 4111/2039/2841
f 4113/2036/2145 4105/2038/2417 4112/2037/2096
f 4107/2093/2838 4105/2038/2417 4113/2036/2145
f 4113/2036/2145 4114/2089/1347 4107/2093/2838
f 4107/2093/2838 4114/2089/1347 4115/2091/649
f 4115/2091/649 4090/2099/925 4107/2093/2838
f 4090/2099/925 4106/2100/2837 4107/2093/2838
f 4106/2100/2837 4090/2099/925 4089/2109/2069
f 4089/2109/2069 4104/2101/2836 4106/2100/2837
f 4089/2109/2069 4095/2106/1033 4104/2101/2836
f 4104/2101/2836 4095/2106/1033 4102/2102/1108
f 4095/2106/1033 4098/2103/916 4102/2102/1108
f 4116/1230/719 4117/1228/1337 4093/2112/2831
f 4093/2112/2831 4092/2111/2830 4116/1230/719
f 4116/1230/719 4092/2111/2830 4118/2113/2842
f 4118/2113/2842 4092/2111/2830 4091/2110/2829
f 4091/2110/2829 4119/1234/2843 4118/2113/2842
f 4090/2099/925 4119/1234/2843 4091/2110/2829
f 4120/2097/2844 4119/1234/2843 4090/2099/925
f 4120/2097/2844 4090/2099/925 4115/2091/649
f 4115/2091/649 4121/2092/1587 4120/2097/2844
f 4121/2092/1587 4115/2091/649 4122/2090/2845
f 4122/2090/2845 4115/2091/649 4114/2089/1347
f 4123/2088/2846 4122/2090/2845 4114/2089/1347
f 4113/2036/2145 4123/2088/2846 4114/2089/1347
f 4124/2028/2847 4123/2088/2846 4113/2036/2145
f 4113/2036/2145 4125/2035/2848 4124/2028/2847
f 4112/2037/2096 4125/2035/2848 4113/2036/2145
f 4126/2051/2849 4125/2035/2848 4112/2037/2096
f 4112/2037/2096 4111/2039/2841 4126/2051/2849
f 4124/2028/2847 4127/2015/2850 4123/2088/2846
f 4127/2015/2850 4128/2016/2391 4123/2088/2846
f 4128/2016/2391 4122/2090/2845 4123/2088/2846
f 4129/2017/2851 4128/2016/2391 4130/2014/2852
f 4130/2014/2852 4128/2016/2391 4127/2015/2850
f 4126/2051/2849 4131/2050/2853 4125/2035/2848
f 4131/2050/2853 4132/2034/2854 4125/2035/2848
f 4124/2028/2847 4125/2035/2848 4132/2034/2854
f 4132/2034/2854 4133/2027/2855 4124/2028/2847
f 4133/2027/2855 4127/2015/2850 4124/2028/2847
f 4133/2027/2855 4134/2025/2856 4127/2015/2850
f 4127/2015/2850 4134/2025/2856 4130/2014/2852
f 4130/2014/2852 4134/2025/2856 4135/2018/2857
f 4130/2014/2852 4135/2018/2857 4129/2017/2851
f 4129/2017/2851 4135/2018/2857 4136/2019/2858
f 4137/2020/2708 4136/2019/2858 4135/2018/2857
f 4138/2021/1012 4136/2019/2858 4137/2020/2708
f 4139/2022/1925 4138/2021/1012 4137/2020/2708
f 4140/2013/2859 4138/2021/1012 4139/2022/1925
f 4141/2012/2860 4140/2013/2859 4139/2022/1925
f 4142/2008/1602 4140/2013/2859 4141/2012/2860
f 2589/2007/2861 4142/2008/1602 4141/2012/2860
f 2588/2006/2862 4142/2008/1602 2589/2007/2861
f 2591/2009/780 2816/2003/2157 2218/1672/1741
f 2591/2009/780 4143/2010/2863 2816/2003/2157
f 2593/2011/2864 4143/2010/2863 2591/2009/780
f 2593/2011/2864 2589/2007/2861 4143/2010/2863
f 4143/2010/2863 2589/2007/2861 4141/2012/2860
f 4141/2012/2860 4144/2023/2865 4143/2010/2863
f 4139/2022/1925 4144/2023/2865 4141/2012/2860
f 4137/2020/2708 4144/2023/2865 4139/2022/1925
f 4145/2026/2866 4144/2023/2865 4137/2020/2708
f 4137/2020/2708 4135/2018/2857 4145/2026/2866
f 4145/2026/2866 4135/2018/2857 4134/2025/2856
f 4146/2029/2867 4145/2026/2866 4134/2025/2856
f 4147/2030/2868 4145/2026/2866 4146/2029/2867
f 4146/2029/2867 4148/2031/778 4147/2030/2868
f 4148/2031/778 4149/1965/2869 4147/2030/2868
f 4150/1964/2870 4149/1965/2869 4148/2031/778
f 4149/1965/2869 4150/1964/2870 4151/1963/2871
f 4151/1963/2871 4150/1964/2870 4152/1962/896
f 4152/1962/896 4153/1961/1068 4151/1963/2871
f 30/30/26 34/34/30 32/32/28
f 4154/1950/1115 36/36/32 34/34/30
f 4154/1950/1115 34/34/30 30/30/26
f 4155/1953/2069 4154/1950/1115 30/30/26
f 4155/1953/2069 30/30/26 28/28/24
f 26/26/22 4155/1953/2069 28/28/24
f 26/26/22 4156/1955/306 4155/1953/2069
f 26/26/22 4157/1957/2597 4156/1955/306
f 26/26/22 2818/2005/786 4157/1957/2597
f 2818/2005/786 4158/1959/778 4157/1957/2597
f 2817/2004/2158 4158/1959/778 2818/2005/786
f 4153/1961/1068 4158/1959/778 2817/2004/2158
f 2816/2003/2157 4153/1961/1068 2817/2004/2158
f 4159/2024/254 4153/1961/1068 2816/2003/2157
f 2816/2003/2157 4143/2010/2863 4159/2024/254
f 4143/2010/2863 4144/2023/2865 4159/2024/254
f 4159/2024/254 4144/2023/2865 4151/1963/2871
f 4151/1963/2871 4144/2023/2865 4149/1965/2869
f 4144/2023/2865 4145/2026/2866 4149/1965/2869
f 4149/1965/2869 4145/2026/2866 4147/2030/2868
f 4151/1963/2871 4153/1961/1068 4159/2024/254
f 4152/1962/896 4160/1960/2872 4153/1961/1068
f 4153/1961/1068 4160/1960/2872 4158/1959/778
f 4158/1959/778 4160/1960/2872 4161/1958/2873
f 4157/1957/2597 4158/1959/778 4161/1958/2873
f 4161/1958/2873 4162/1956/2239 4157/1957/2597
f 4157/1957/2597 4162/1956/2239 4156/1955/306
f 4156/1955/306 4162/1956/2239 4163/1954/2505
f 4156/1955/306 4163/1954/2505 4155/1953/2069
f 4155/1953/2069 4163/1954/2505 4164/1952/2177
f 4155/1953/2069 4164/1952/2177 4154/1950/1115
f 4154/1950/1115 4164/1952/2177 4165/1951/2535
f 4154/1950/1115 4165/1951/2535 36/36/32
f 36/36/32 4165/1951/2535 4166/1971/2874
f 38/38/34 36/36/32 4166/1971/2874
f 4166/1971/2874 40/40/36 38/38/34
f 4167/1970/1124 40/40/36 4166/1971/2874
f 4167/1970/1124 42/42/38 40/40/36
f 2762/1968/319 42/42/38 4167/1970/1124
f 4161/1958/2873 4160/1960/2872 4168/1966/2061
f 4161/1958/2873 4168/1966/2061 4169/1967/307
f 4169/1967/307 4162/1956/2239 4161/1958/2873
f 4170/2046/2875 4171/2047/2876 4172/2045/2061
f 4173/1969/2877 4172/2045/2061 4174/2058/1354
f 4175/2057/303 4174/2058/1354 4172/2045/2061
f 4172/2045/2061 4171/2047/2876 4175/2057/303
f 4171/2047/2876 4176/2048/2470 4175/2057/303
f 4171/2047/2876 4148/2031/778 4176/2048/2470
f 4171/2047/2876 4150/1964/2870 4148/2031/778
f 4170/2046/2875 4150/1964/2870 4171/2047/2876
f 4170/2046/2875 4152/1962/896 4150/1964/2870
f 4160/1960/2872 4152/1962/896 4170/2046/2875
f 4172/2045/2061 4160/1960/2872 4170/2046/2875
f 4168/1966/2061 4160/1960/2872 4172/2045/2061
f 4168/1966/2061 4172/2045/2061 4173/1969/2877
f 4169/1967/307 4168/1966/2061 4173/1969/2877
f 4173/1969/2877 4177/1907/2587 4169/1967/307
f 4169/1967/307 4177/1907/2587 4162/1956/2239
f 4162/1956/2239 4177/1907/2587 4178/1909/2878
f 4162/1956/2239 4178/1909/2878 4163/1954/2505
f 4163/1954/2505 4178/1909/2878 4179/1944/355
f 4163/1954/2505 4179/1944/355 4164/1952/2177
f 4180/2056/397 4181/2059/2879 4175/2057/303
f 4181/2059/2879 4174/2058/1354 4175/2057/303
f 4174/2058/1354 4181/2059/2879 4182/2052/2880
f 4182/2052/2880 4173/1969/2877 4174/2058/1354
f 4183/1905/2587 4173/1969/2877 4182/2052/2880
f 4183/1905/2587 4177/1907/2587 4173/1969/2877
f 4184/1906/473 4177/1907/2587 4183/1905/2587
f 4185/1908/2881 4177/1907/2587 4184/1906/473
f 4178/1909/2878 4177/1907/2587 4185/1908/2881
f 4185/1908/2881 4186/1938/2035 4178/1909/2878
f 4178/1909/2878 4186/1938/2035 4179/1944/355
f 4186/1938/2035 2764/1939/2105 4179/1944/355
f 4179/1944/355 2764/1939/2105 2763/1945/2104
f 4164/1952/2177 4179/1944/355 2763/1945/2104
f 4164/1952/2177 2763/1945/2104 2762/1968/319
f 4164/1952/2177 2762/1968/319 4165/1951/2535
f 4167/1970/1124 4165/1951/2535 2762/1968/319
f 4166/1971/2874 4165/1951/2535 4167/1970/1124
f 4182/2052/2880 4181/2059/2879 4187/2064/2602
f 4181/2059/2879 4188/2063/2882 4187/2064/2602
f 4188/2063/2882 4181/2059/2879 4180/2056/397
f 4189/2062/2883 4188/2063/2882 4180/2056/397
f 4189/2062/2883 4180/2056/397 4190/2055/2070
f 4180/2056/397 4176/2048/2470 4190/2055/2070
f 4175/2057/303 4176/2048/2470 4180/2056/397
f 4191/2054/2062 4192/2061/2884 4190/2055/2070
f 4192/2061/2884 4189/2062/2883 4190/2055/2070
f 4192/2061/2884 4193/2069/2780 4189/2062/2883
f 4193/2069/2780 4188/2063/2882 4189/2062/2883
f 4193/2069/2780 4194/2068/1283 4188/2063/2882
f 4187/2064/2602 4188/2063/2882 4194/2068/1283
f 4194/2068/1283 2773/2065/376 4187/2064/2602
f 2773/2065/376 4182/2052/2880 4187/2064/2602
f 2771/1903/1284 4182/2052/2880 2773/2065/376
f 2771/1903/1284 4183/1905/2587 4182/2052/2880
f 4183/1905/2587 2771/1903/1284 2769/1904/2110
f 4183/1905/2587 2769/1904/2110 4184/1906/473
f 2769/1904/2110 2767/1919/2108 4184/1906/473
f 4184/1906/473 2767/1919/2108 4185/1908/2881
f 2767/1919/2108 2766/1926/2107 4185/1908/2881
f 4185/1908/2881 2766/1926/2107 4186/1938/2035
f 2766/1926/2107 2765/1927/2106 4186/1938/2035
f 2765/1927/2106 2764/1939/2105 4186/1938/2035
f 4146/2029/2867 4134/2025/2856 4133/2027/2855
f 4195/2033/2885 4146/2029/2867 4133/2027/2855
f 4196/2032/1029 4146/2029/2867 4195/2033/2885
f 4196/2032/1029 4148/2031/778 4146/2029/2867
f 4176/2048/2470 4148/2031/778 4196/2032/1029
f 4176/2048/2470 4196/2032/1029 4197/2049/2832
f 4190/2055/2070 4176/2048/2470 4197/2049/2832
f 4197/2049/2832 4191/2054/2062 4190/2055/2070
f 4197/2049/2832 4196/2032/1029 4195/2033/2885
f 4198/2060/2886 4192/2061/2884 4191/2054/2062
f 2772/2066/2112 2773/2065/376 4199/2075/646
f 4199/2075/646 2773/2065/376 4200/2074/2887
f 4200/2074/2887 2773/2065/376 4194/2068/1283
f 4194/2068/1283 4201/2073/2888 4200/2074/2887
f 4201/2073/2888 4194/2068/1283 4193/2069/2780
f 4202/2072/2889 4201/2073/2888 4193/2069/2780
f 4202/2072/2889 4193/2069/2780 4192/2061/2884
f 4202/2072/2889 4192/2061/2884 4203/2071/1289
f 4203/2071/1289 4192/2061/2884 4198/2060/2886
f 4203/2071/1289 4198/2060/2886 4204/2070/2890
f 4204/2070/2890 4198/2060/2886 4205/2044/1042
f 4198/2060/2886 4191/2054/2062 4205/2044/1042
f 4205/2044/1042 4191/2054/2062 4206/2053/2891
f 4191/2054/2062 4131/2050/2853 4206/2053/2891
f 4131/2050/2853 4191/2054/2062 4197/2049/2832
f 4197/2049/2832 4132/2034/2854 4131/2050/2853
f 4197/2049/2832 4195/2033/2885 4132/2034/2854
f 4195/2033/2885 4133/2027/2855 4132/2034/2854
f 4200/2074/2887 4201/2073/2888 4207/2076/2892
f 4207/2076/2892 4201/2073/2888 4208/2078/481
f 4208/2078/481 4201/2073/2888 4202/2072/2889
f 4203/2071/1289 4208/2078/481 4202/2072/2889
f 4203/2071/1289 4204/2070/2890 4208/2078/481
f 2738/2067/2089 2740/1899/2090 2761/1901/153
f 2738/2067/2089 2761/1901/153 2772/2066/2112
f 2738/2067/2089 2772/2066/2112 2739/1884/427
f 2772/2066/2112 4199/2075/646 2739/1884/427
f 2739/1884/427 4199/2075/646 4209/1203/2893
f 4200/2074/2887 4209/1203/2893 4199/2075/646
f 4210/1205/427 4209/1203/2893 4200/2074/2887
f 4207/2076/2892 4210/1205/427 4200/2074/2887
f 4211/2077/2894 4210/1205/427 4207/2076/2892
f 4208/2078/481 4211/2077/2894 4207/2076/2892
f 4212/2079/2895 4211/2077/2894 4208/2078/481
f 4208/2078/481 4204/2070/2890 4212/2079/2895
f 4204/2070/2890 4213/2043/580 4212/2079/2895
f 4205/2044/1042 4213/2043/580 4204/2070/2890
f 4214/2042/2896 4213/2043/580 4205/2044/1042
f 4206/2053/2891 4214/2042/2896 4205/2044/1042
f 4126/2051/2849 4214/2042/2896 4206/2053/2891
f 4206/2053/2891 4131/2050/2853 4126/2051/2849
f 4212/2079/2895 4213/2043/580 4215/2082/291
f 4126/2051/2849 4111/2039/2841 4214/2042/2896
f 4110/2041/2840 4214/2042/2896 4111/2039/2841
f 4213/2043/580 4214/2042/2896 4110/2041/2840
f 4110/2041/2840 4216/2084/2895 4213/2043/580
f 4213/2043/580 4216/2084/2895 4215/2082/291
f 4215/2082/291 4216/2084/2895 4217/2083/1734
f 4215/2082/291 4217/2083/1734 4218/2081/506
f 4215/2082/291 4218/2081/506 4212/2079/2895
f 4212/2079/2895 4218/2081/506 4211/2077/2894
f 4218/2081/506 4219/2080/2897 4211/2077/2894
f 4211/2077/2894 4219/2080/2897 4210/1205/427
f 4219/2080/2897 4220/1204/1190 4210/1205/427
f 4210/1205/427 4220/1204/1190 4209/1203/2893
f 4220/1204/1190 4221/1883/2898 4209/1203/2893
f 4209/1203/2893 4221/1883/2898 2739/1884/427
f 4221/1883/2898 4222/1885/2899 2739/1884/427
f 2739/1884/427 4222/1885/2899 2726/1886/2075
f 2444/1887/2076 2726/1886/2075 4222/1885/2899
f 4216/2084/2895 4223/2085/1734 4217/2083/1734
f 4223/2085/1734 4109/2087/153 4108/2086/2839
f 4109/2087/153 4223/2085/1734 4216/2084/2895
f 4110/2041/2840 4109/2087/153 4216/2084/2895
f 4224/2309/1010 4225/2105/113 4226/2308/6
f 4226/2308/6 4227/2310/2709 4224/2309/1010
f 4227/2310/2709 4228/2311/2900 4229/2305/2901
f 4228/2311/2900 4227/2310/2709 4226/2308/6
f 4226/2308/6 4230/1218/2902 4228/2311/2900
f 4226/2308/6 4225/2105/113 4230/1218/2902
f 4225/2105/113 4231/2096/2903 4230/1218/2902
f 4228/2311/2900 4230/1218/2902 4232/1216/1221
f 4233/2307/2904 4234/2301/2401 4235/2297/1253
f 4234/2301/2401 4233/2307/2904 4236/2303/2905
f 4236/2303/2905 4233/2307/2904 4237/2306/2001
f 4237/2306/2001 4229/2305/2901 4236/2303/2905
f 4236/2303/2905 4229/2305/2901 4238/2304/2616
f 4229/2305/2901 4228/2311/2900 4238/2304/2616
f 4228/2311/2900 4239/1220/2906 4238/2304/2616
f 4232/1216/1221 4239/1220/2906 4228/2311/2900
f 4232/1216/1221 4240/1219/2907 4239/1220/2906
f 4232/1216/1221 4097/1217/2833 4240/1219/2907
f 4230/1218/2902 4097/1217/2833 4232/1216/1221
f 4099/2104/2834 4097/1217/2833 4230/1218/2902
f 4230/1218/2902 4231/2096/2903 4099/2104/2834
f 4231/2096/2903 4100/2095/2835 4099/2104/2834
f 4108/2086/2839 4100/2095/2835 4231/2096/2903
f 4241/2302/2908 4234/2301/2401 4236/2303/2905
f 4236/2303/2905 4238/2304/2616 4241/2302/2908
f 4241/2302/2908 4238/2304/2616 4239/1220/2906
f 4240/1219/2907 4097/1217/2833 4096/2107/193
f 3840/2290/2710 4242/2294/1253 3838/2293/2709
f 4243/2295/1590 3874/2282/2396 3838/2293/2709
f 3838/2293/2709 4242/2294/1253 4243/2295/1590
f 4243/2295/1590 4242/2294/1253 4244/2296/2251
f 4244/2296/2251 4242/2294/1253 4235/2297/1253
f 4235/2297/1253 4245/2300/2909 4244/2296/2251
f 4235/2297/1253 4234/2301/2401 4245/2300/2909
f 4234/2301/2401 4246/2299/2910 4245/2300/2909
f 4246/2299/2910 4234/2301/2401 4241/2302/2908
f 4241/2302/2908 4247/1222/647 4246/2299/2910
f 4241/2302/2908 4239/1220/2906 4247/1222/647
f 4247/1222/647 4239/1220/2906 4248/1221/2911
f 4239/1220/2906 4240/1219/2907 4248/1221/2911
f 4240/1219/2907 4249/1224/2267 4248/1221/2911
f 4096/2107/193 4249/1224/2267 4240/1219/2907
f 4249/1224/2267 4096/2107/193 4250/1226/2912
f 4250/1226/2912 4096/2107/193 4094/2108/2832
f 4094/2108/2832 4117/1228/1337 4250/1226/2912
f 4093/2112/2831 4117/1228/1337 4094/2108/2832
f 3873/2277/2318 76/76/71 75/75/70
f 4251/2276/2913 76/76/71 3873/2277/2318
f 77/77/72 76/76/71 4251/2276/2913
f 77/77/72 4251/2276/2913 4252/2274/1616
f 2892/2176/2204 77/77/72 4252/2274/1616
f 2892/2176/2204 4252/2274/1616 4253/2269/2914
f 4253/2269/2914 4254/2270/458 4255/2271/2915
f 4256/2268/2916 4254/2270/458 4253/2269/2914
f 4253/2269/2914 4252/2274/1616 4256/2268/2916
f 4257/2275/2917 4256/2268/2916 4252/2274/1616
f 4252/2274/1616 4251/2276/2913 4257/2275/2917
f 4251/2276/2913 3874/2282/2396 4257/2275/2917
f 3873/2277/2318 3874/2282/2396 4251/2276/2913
f 3874/2282/2396 4243/2295/1590 4257/2275/2917
f 4257/2275/2917 4243/2295/1590 4244/2296/2251
f 4244/2296/2251 4256/2268/2916 4257/2275/2917
f 4244/2296/2251 4258/2298/2746 4256/2268/2916
f 4256/2268/2916 4258/2298/2746 4254/2270/458
f 4245/2300/2909 4258/2298/2746 4244/2296/2251
f 4245/2300/2909 4246/2299/2910 4258/2298/2746
f 4249/1224/2267 4259/1223/2918 4248/1221/2911
f 4248/1221/2911 4259/1223/2918 4247/1222/647
f 2892/2176/2204 4253/2269/2914 2893/2177/406
f 4253/2269/2914 2895/2179/1595 2893/2177/406
f 4253/2269/2914 3978/2253/2778 2895/2179/1595
f 4255/2271/2915 3978/2253/2778 4253/2269/2914
f 3959/2252/1088 3978/2253/2778 4255/2271/2915
f 3959/2252/1088 4255/2271/2915 3958/2314/1538
f 3958/2314/1538 4255/2271/2915 4254/2270/458
f 4254/2270/458 3956/2313/431 3958/2314/1538
f 4254/2270/458 4258/2298/2746 3956/2313/431
f 4258/2298/2746 4260/2312/477 3956/2313/431
f 4246/2299/2910 4260/2312/477 4258/2298/2746
f 4246/2299/2910 4247/1222/647 4260/2312/477
f 4247/1222/647 3957/2370/2770 4260/2312/477
f 4259/1223/2918 3957/2370/2770 4247/1222/647
f 3957/2370/2770 4259/1223/2918 4261/2371/2061
f 4261/2371/2061 4259/1223/2918 4262/1225/2832
f 4259/1223/2918 4249/1224/2267 4262/1225/2832
f 4262/1225/2832 4249/1224/2267 4250/1226/2912
f 4260/2312/477 3957/2370/2770 3956/2313/431
f 4120/2097/2844 4121/2092/1587 4263/2098/163
f 4264/1235/1700 4120/2097/2844 4263/2098/163
f 4119/1234/2843 4120/2097/2844 4264/1235/1700
f 3941/1233/2387 4119/1234/2843 4264/1235/1700
f 4265/1232/2919 4119/1234/2843 3941/1233/2387
f 3941/1233/2387 3940/1231/2669 4265/1232/2919
f 4116/1230/719 4265/1232/2919 3940/1231/2669
f 3940/1231/2669 3951/1229/719 4116/1230/719
f 3951/1229/719 4117/1228/1337 4116/1230/719
f 4117/1228/1337 3951/1229/719 3950/1227/2767
f 4117/1228/1337 3950/1227/2767 4250/1226/2912
f 4250/1226/2912 3950/1227/2767 4262/1225/2832
f 3949/2372/1364 4262/1225/2832 3950/1227/2767
f 4261/2371/2061 4262/1225/2832 3949/2372/1364
f 4261/2371/2061 3949/2372/1364 3952/2368/2768
f 3952/2368/2768 3957/2370/2770 4261/2371/2061
f 3954/2369/190 3957/2370/2770 3952/2368/2768
f 4118/2113/2842 4265/1232/2919 4116/1230/719
f 4118/2113/2842 4119/1234/2843 4265/1232/2919
f 4266/1843/2920 4267/1835/330 4268/1844/2921
f 4267/1835/330 4269/1836/300 4268/1844/2921
f 4268/1844/2921 4269/1836/300 4270/1784/2043
f 4269/1836/300 4271/1783/158 4270/1784/2043
f 4270/1784/2043 4271/1783/158 4272/1785/2043
f 4271/1783/158 4273/1786/158 4272/1785/2043
f 4272/1785/2043 4273/1786/158 4274/1787/2779
f 4273/1786/158 4275/1788/330 4274/1787/2779
f 4274/1787/2779 4275/1788/330 4276/1789/2779
f 4275/1788/330 4277/1790/2922 4276/1789/2779
f 4276/1789/2779 4277/1790/2922 4278/1776/2923
f 4279/1775/2464 4278/1776/2923 4277/1790/2922
f 4280/1777/330 4278/1776/2923 4279/1775/2464
f 4278/1776/2923 4280/1777/330 4281/1778/1028
f 4281/1778/1028 4280/1777/330 4282/1779/1132
f 4282/1779/1132 4283/1780/2924 4281/1778/1028
f 4282/1779/1132 4284/1781/2882 4283/1780/2924
f 4285/1782/557 4284/1781/2882 4282/1779/1132
f 4286/1816/2925 4287/1807/2926 4288/1817/2927
f 4288/1817/2927 4287/1807/2926 4289/1820/800
f 4290/1806/2653 4289/1820/800 4287/1807/2926
f 4291/1822/2023 4289/1820/800 4290/1806/2653
f 4290/1806/2653 4287/1807/2926 4292/1803/2928
f 4293/1824/1619 4294/1823/2929 4295/1825/1128
f 4296/1818/1230 4294/1823/2929 4293/1824/1619
f 4296/1818/1230 4297/1821/131 4294/1823/2929
f 4288/1817/2927 4297/1821/131 4296/1818/1230
f 4288/1817/2927 4289/1820/800 4297/1821/131
f 4297/1821/131 4289/1820/800 4298/1804/2930
f 4289/1820/800 4291/1822/2023 4298/1804/2930
f 4298/1804/2930 4291/1822/2023 4299/1805/829
f 4291/1822/2023 4290/1806/2653 4299/1805/829
f 4299/1805/829 4290/1806/2653 4300/1791/878
f 4300/1791/878 4290/1806/2653 4301/1793/231
f 4301/1793/231 4290/1806/2653 4292/1803/2928
f 4301/1793/231 4292/1803/2928 4302/1795/182
f 4302/1795/182 4292/1803/2928 4303/1799/2931
f 4303/1799/2931 4292/1803/2928 4304/1802/2932
f 4292/1803/2928 4287/1807/2926 4304/1802/2932
f 4304/1802/2932 4287/1807/2926 4305/1808/2933
f 4305/1808/2933 4287/1807/2926 4286/1816/2925
f 4277/1790/2922 4300/1791/878 4279/1775/2464
f 4279/1775/2464 4300/1791/878 4306/1792/2934
f 4306/1792/2934 4300/1791/878 4301/1793/231
f 4306/1792/2934 4301/1793/231 4307/1794/2935
f 4307/1794/2935 4301/1793/231 4302/1795/182
f 4307/1794/2935 4302/1795/182 2353/1796/2936
f 2353/1796/2936 4302/1795/182 2354/1797/647
f 2355/1798/2615 2354/1797/647 4302/1795/182
f 4302/1795/182 4303/1799/2931 2355/1798/2615
f 2355/1798/2615 4303/1799/2931 2357/1800/1292
f 2357/1800/1292 4303/1799/2931 4304/1802/2932
f 4304/1802/2932 2358/1801/2937 2357/1800/1292
f 4305/1808/2933 2358/1801/2937 4304/1802/2932
f 4308/1809/2569 2358/1801/2937 4305/1808/2933
f 4305/1808/2933 4286/1816/2925 4308/1809/2569
f 4308/1809/2569 4286/1816/2925 4309/1813/2938
f 4309/1813/2938 4286/1816/2925 4288/1817/2927
f 4288/1817/2927 4296/1818/1230 4309/1813/2938
f 2402/1845/2939 4310/1847/2081 2403/1846/2071
f 2402/1845/2939 4311/1853/2940 4310/1847/2081
f 2405/1848/2556 4311/1853/2940 2402/1845/2939
f 2405/1848/2556 4312/1849/2941 4311/1853/2940
f 2407/1850/644 4312/1849/2941 2405/1848/2556
f 4312/1849/2941 2407/1850/644 4313/1851/1468
f 4313/1851/1468 2407/1850/644 2409/1852/1332
f 4313/1851/1468 2409/1852/1332 4314/1812/1809
f 4314/1812/1809 2409/1852/1332 2368/1811/745
f 4314/1812/1809 2368/1811/745 4308/1809/2569
f 4308/1809/2569 2368/1811/745 2367/1810/2942
f 2367/1810/2942 2358/1801/2937 4308/1809/2569
f 4311/1853/2940 4315/1839/2943 4310/1847/2081
f 4311/1853/2940 4316/1838/2944 4315/1839/2943
f 4312/1849/2941 4316/1838/2944 4311/1853/2940
f 4316/1838/2944 4312/1849/2941 4313/1851/1468
f 4313/1851/1468 4317/1837/360 4316/1838/2944
f 4317/1837/360 4313/1851/1468 4318/1814/360
f 4318/1814/360 4313/1851/1468 4314/1812/1809
f 4309/1813/2938 4296/1818/1230 4319/1815/2945
f 4319/1815/2945 4296/1818/1230 4320/1819/2806
f 4320/1819/2806 4296/1818/1230 4293/1824/1619
f 4293/1824/1619 4321/1830/2943 4320/1819/2806
f 4322/1826/1227 4321/1830/2943 4293/1824/1619
f 4308/1809/2569 4309/1813/2938 4314/1812/1809
f 4314/1812/1809 4309/1813/2938 4318/1814/360
f 4318/1814/360 4309/1813/2938 4319/1815/2945
f 4319/1815/2945 4317/1837/360 4318/1814/360
f 4320/1819/2806 4317/1837/360 4319/1815/2945
f 4317/1837/360 4320/1819/2806 4316/1838/2944
f 4316/1838/2944 4320/1819/2806 4321/1830/2943
f 4316/1838/2944 4321/1830/2943 4315/1839/2943
f 4315/1839/2943 4321/1830/2943 4323/1831/2700
f 4321/1830/2943 4322/1826/1227 4323/1831/2700
f 4323/1831/2700 4322/1826/1227 4324/1828/356
f 2403/1846/2071 2732/1879/971 2438/1881/984
f 2403/1846/2071 4310/1847/2081 2732/1879/971
f 4310/1847/2081 2733/1865/2084 2732/1879/971
f 4310/1847/2081 4315/1839/2943 2733/1865/2084
f 4315/1839/2943 2734/1840/2085 2733/1865/2084
f 4315/1839/2943 4323/1831/2700 2734/1840/2085
f 2734/1840/2085 4323/1831/2700 4325/1832/2946
f 4324/1828/356 4325/1832/2946 4323/1831/2700
f 4326/1829/2186 4325/1832/2946 4324/1828/356
f 4324/1828/356 4327/1827/2929 4326/1829/2186
f 4322/1826/1227 4327/1827/2929 4324/1828/356
f 4322/1826/1227 4295/1825/1128 4327/1827/2929
f 4293/1824/1619 4295/1825/1128 4322/1826/1227
f 2734/1840/2085 2720/1841/67 2721/1866/1440
f 2734/1840/2085 4325/1832/2946 2720/1841/67
f 2720/1841/67 4325/1832/2946 4328/1833/67
f 4326/1829/2186 4328/1833/67 4325/1832/2946
f 4329/1834/2036 4328/1833/67 4326/1829/2186
f 4326/1829/2186 4327/1827/2929 4329/1834/2036
f 4329/1834/2036 4327/1827/2929 4267/1835/330
f 4327/1827/2929 4295/1825/1128 4267/1835/330
f 4267/1835/330 4295/1825/1128 4269/1836/300
f 4295/1825/1128 4294/1823/2929 4269/1836/300
f 4269/1836/300 4294/1823/2929 4271/1783/158
f 4294/1823/2929 4297/1821/131 4271/1783/158
f 4271/1783/158 4297/1821/131 4273/1786/158
f 4297/1821/131 4298/1804/2930 4273/1786/158
f 4273/1786/158 4298/1804/2930 4275/1788/330
f 4298/1804/2930 4299/1805/829 4275/1788/330
f 4275/1788/330 4299/1805/829 4277/1790/2922
f 4299/1805/829 4300/1791/878 4277/1790/2922
f 4266/1843/2920 2718/1854/158 2719/1842/2070
f 4328/1833/67 2719/1842/2070 2720/1841/67
f 4328/1833/67 4329/1834/2036 2719/1842/2070
f 2719/1842/2070 4329/1834/2036 4266/1843/2920
f 4329/1834/2036 4267/1835/330 4266/1843/2920
f 4330/2818/2947 4331/2816/795 4332/2817/1931
f 4331/2816/795 4333/2815/1931 4332/2817/1931
f 4334/2812/2046 4333/2815/1931 4331/2816/795
f 4334/2812/2046 4335/2814/2948 4333/2815/1931
f 4336/2813/795 4335/2814/2948 4334/2812/2046
f 4334/2812/2046 4337/2811/2526 4336/2813/795
f 4338/2810/859 4337/2811/2526 4334/2812/2046
f 4338/2810/859 4339/2809/2526 4337/2811/2526
f 4331/2816/795 4338/2810/859 4334/2812/2046
f 4340/2802/2949 4341/2819/1590 4342/2801/1414
f 4341/2819/1590 4340/2802/2949 4343/2804/2950
f 4341/2819/1590 4343/2804/2950 4344/2820/2951
f 4344/2820/2951 4343/2804/2950 4345/2821/2952
f 4344/2820/2951 4345/2821/2952 4346/2822/2953
f 4346/2822/2953 4345/2821/2952 4347/2823/2954
f 4348/2824/2330 4346/2822/2953 4347/2823/2954
f 4349/2825/2955 4346/2822/2953 4348/2824/2330
f 4350/2826/2520 4349/2825/2955 4348/2824/2330
f 4351/2827/2955 4349/2825/2955 4350/2826/2520
f 4339/2809/2526 4351/2827/2955 4350/2826/2520
f 4352/2828/859 4351/2827/2955 4339/2809/2526
f 4352/2828/859 4339/2809/2526 4338/2810/859
f 4353/2537/2955 4352/2828/859 4338/2810/859
f 4353/2537/2955 4338/2810/859 4331/2816/795
f 4354/2534/2318 4353/2537/2955 4331/2816/795
f 4354/2534/2318 4331/2816/795 4330/2818/2947
f 4354/2534/2318 4330/2818/2947 4355/2532/154
f 4356/2546/904 4357/2540/2269 4358/2538/482
f 4358/2538/482 4357/2540/2269 4359/2539/2956
f 4359/2539/2956 4357/2540/2269 4360/2541/114
f 4360/2541/114 4357/2540/2269 4361/2542/2379
f 4361/2542/2379 4362/2543/2395 4360/2541/114
f 4360/2541/114 4362/2543/2395 4363/2840/1413
f 4364/2842/913 4363/2840/1413 4362/2543/2395
f 4365/2839/280 4363/2840/1413 4364/2842/913
f 4366/2838/2957 4365/2839/280 4364/2842/913
f 4344/2820/2951 4365/2839/280 4366/2838/2957
f 4366/2838/2957 4367/2829/2775 4344/2820/2951
f 4344/2820/2951 4367/2829/2775 4341/2819/1590
f 4342/2801/1414 4341/2819/1590 4367/2829/2775
f 4368/2547/1282 4369/2544/2958 4361/2542/2379
f 4370/2548/1286 4368/2547/1282 4361/2542/2379
f 4361/2542/2379 4357/2540/2269 4370/2548/1286
f 4370/2548/1286 4357/2540/2269 4371/2549/590
f 4371/2549/590 4357/2540/2269 4356/2546/904
f 4372/2550/2959 4371/2549/590 4356/2546/904
f 4372/2550/2959 4356/2546/904 4373/2536/298
f 4373/2536/298 4356/2546/904 4358/2538/482
f 4373/2536/298 4358/2538/482 4353/2537/2955
f 4353/2537/2955 4358/2538/482 4359/2539/2956
f 4359/2539/2956 4352/2828/859 4353/2537/2955
f 4360/2541/114 4352/2828/859 4359/2539/2956
f 4351/2827/2955 4352/2828/859 4360/2541/114
f 4360/2541/114 4363/2840/1413 4351/2827/2955
f 4351/2827/2955 4363/2840/1413 4349/2825/2955
f 4365/2839/280 4349/2825/2955 4363/2840/1413
f 4346/2822/2953 4349/2825/2955 4365/2839/280
f 4346/2822/2953 4365/2839/280 4344/2820/2951
f 4373/2536/298 4353/2537/2955 4354/2534/2318
f 4374/2450/143 4375/2556/2960 4370/2548/1286
f 4370/2548/1286 4371/2549/590 4374/2450/143
f 4371/2549/590 4376/2417/1292 4374/2450/143
f 4376/2417/1292 4371/2549/590 4372/2550/2959
f 4372/2550/2959 4377/2551/1257 4376/2417/1292
f 4373/2536/298 4377/2551/1257 4372/2550/2959
f 4378/2535/2887 4377/2551/1257 4373/2536/298
f 4373/2536/298 4354/2534/2318 4378/2535/2887
f 4354/2534/2318 4379/2533/1902 4378/2535/2887
f 4354/2534/2318 4355/2532/154 4379/2533/1902
f 4379/2533/1902 4355/2532/154 4380/2531/2961
f 4380/2531/2961 4355/2532/154 4381/2529/2962
f 4381/2529/2962 4382/2530/2963 4380/2531/2961
f 4383/2528/2691 4382/2530/2963 4381/2529/2962
f 4383/2528/2691 4384/2395/557 4382/2530/2963
f 4385/2416/2964 4382/2530/2963 4384/2395/557
f 4385/2416/2964 4384/2395/557 4386/2415/2965
f 4386/2415/2965 4387/2423/2966 4385/2416/2964
f 4380/2531/2961 4382/2530/2963 4385/2416/2964
f 4385/2416/2964 4388/2422/2967 4380/2531/2961
f 4385/2416/2964 4387/2423/2966 4388/2422/2967
f 4380/2531/2961 4388/2422/2967 4379/2533/1902
f 4389/2447/2968 4390/2448/131 4391/2439/2070
f 4392/2438/49 4391/2439/2070 4390/2448/131
f 4393/2435/2969 4391/2439/2070 4392/2438/49
f 4394/2434/2970 4393/2435/2969 4392/2438/49
f 4395/2433/339 4393/2435/2969 4394/2434/2970
f 4394/2434/2970 4396/2432/2971 4395/2433/339
f 4396/2432/2971 4397/2430/179 4395/2433/339
f 4397/2430/179 4396/2432/2971 4398/2431/653
f 4387/2423/2966 4397/2430/179 4398/2431/653
f 4399/2421/1286 4387/2423/2966 4398/2431/653
f 4388/2422/2967 4387/2423/2966 4399/2421/1286
f 4400/2420/142 4388/2422/2967 4399/2421/1286
f 4379/2533/1902 4388/2422/2967 4400/2420/142
f 4400/2420/142 4378/2535/2887 4379/2533/1902
f 4377/2551/1257 4378/2535/2887 4400/2420/142
f 4376/2417/1292 4377/2551/1257 4400/2420/142
f 4400/2420/142 4401/2419/2972 4376/2417/1292
f 4401/2419/2972 4402/2418/1504 4376/2417/1292
f 4399/2421/1286 4401/2419/2972 4400/2420/142
f 4398/2431/653 4401/2419/2972 4399/2421/1286
f 4402/2418/1504 4401/2419/2972 4398/2431/653
f 4398/2431/653 4396/2432/2971 4402/2418/1504
f 4396/2432/2971 4403/2437/1342 4402/2418/1504
f 4403/2437/1342 4396/2432/2971 4394/2434/2970
f 4392/2438/49 4403/2437/1342 4394/2434/2970
f 4404/2449/2973 4403/2437/1342 4392/2438/49
f 4392/2438/49 4390/2448/131 4404/2449/2973
f 4404/2449/2973 4390/2448/131 4405/2557/2974
f 4376/2417/1292 4402/2418/1504 4374/2450/143
f 4402/2418/1504 4403/2437/1342 4374/2450/143
f 4404/2449/2973 4374/2450/143 4403/2437/1342
f 4375/2556/2960 4374/2450/143 4404/2449/2973
f 4404/2449/2973 4405/2557/2974 4375/2556/2960
f 4375/2556/2960 4405/2557/2974 4406/2554/397
f 4375/2556/2960 4406/2554/397 4407/2555/2975
f 4405/2557/2974 4390/2448/131 4408/2552/2062
f 4406/2554/397 4405/2557/2974 4408/2552/2062
f 4409/2519/2976 4406/2554/397 4408/2552/2062
f 4407/2555/2975 4406/2554/397 4409/2519/2976
f 4410/2854/2977 4407/2555/2975 4409/2519/2976
f 4409/2519/2976 4411/2861/187 4410/2854/2977
f 4411/2861/187 4412/2855/60 4410/2854/2977
f 4412/2855/60 4411/2861/187 4413/2862/1490
f 4414/2856/2978 4412/2855/60 4413/2862/1490
f 4413/2862/1490 4415/2521/2470 4414/2856/2978
f 4414/2856/2978 4415/2521/2470 4416/2522/2979
f 4417/2477/2980 4416/2522/2979 4415/2521/2470
f 4418/2512/2981 4416/2522/2979 4417/2477/2980
f 4417/2477/2980 4419/2478/2982 4418/2512/2981
f 4418/2512/2981 4419/2478/2982 4420/2513/2983
f 4421/2517/2984 4420/2513/2983 4419/2478/2982
f 4422/2514/2985 4420/2513/2983 4421/2517/2984
f 4421/2517/2984 4423/2515/2986 4422/2514/2985
f 4424/2518/2987 4425/2463/2470 4426/2520/2988
f 4427/2464/341 4428/2462/2184 4429/2474/2989
f 4429/2474/2989 4430/2473/2990 4427/2464/341
f 4427/2464/341 4430/2473/2990 4417/2477/2980
f 4417/2477/2980 4425/2463/2470 4427/2464/341
f 4415/2521/2470 4425/2463/2470 4417/2477/2980
f 4425/2463/2470 4415/2521/2470 4426/2520/2988
f 4426/2520/2988 4415/2521/2470 4413/2862/1490
f 4413/2862/1490 4411/2861/187 4426/2520/2988
f 4411/2861/187 4409/2519/2976 4426/2520/2988
f 4426/2520/2988 4409/2519/2976 4424/2518/2987
f 4409/2519/2976 4408/2552/2062 4424/2518/2987
f 4424/2518/2987 4408/2552/2062 4431/2553/2991
f 4431/2553/2991 4432/2461/342 4424/2518/2987
f 4432/2461/342 4425/2463/2470 4424/2518/2987
f 4428/2462/2184 4425/2463/2470 4432/2461/342
f 4427/2464/341 4425/2463/2470 4428/2462/2184
f 4430/2473/2990 4419/2478/2982 4417/2477/2980
f 4433/2516/2992 4434/2491/2993 4423/2515/2986
f 4423/2515/2986 4421/2517/2984 4433/2516/2992
f 4433/2516/2992 4421/2517/2984 4435/2479/2994
f 4421/2517/2984 4419/2478/2982 4435/2479/2994
f 4435/2479/2994 4419/2478/2982 4436/2472/2995
f 4436/2472/2995 4419/2478/2982 4430/2473/2990
f 4436/2472/2995 4430/2473/2990 4437/2471/2996
f 4437/2471/2996 4430/2473/2990 4429/2474/2989
f 4429/2474/2989 4438/2467/2997 4437/2471/2996
f 4428/2462/2184 4438/2467/2997 4429/2474/2989
f 4439/2460/2059 4438/2467/2997 4428/2462/2184
f 4432/2461/342 4439/2460/2059 4428/2462/2184
f 4440/2459/2060 4439/2460/2059 4432/2461/342
f 4440/2459/2060 4432/2461/342 4431/2553/2991
f 4441/2457/132 4440/2459/2060 4431/2553/2991
f 4431/2553/2991 4408/2552/2062 4441/2457/132
f 4441/2457/132 4408/2552/2062 4389/2447/2968
f 4408/2552/2062 4390/2448/131 4389/2447/2968
f 4442/2486/2998 4443/2488/2999 4444/2487/3000
f 4444/2487/3000 4443/2488/2999 4445/106/3001
f 4446/2493/89 4447/2492/3002 4434/2491/2993
f 4448/2494/3003 4447/2492/3002 4446/2493/89
f 4449/2495/1598 4448/2494/3003 4446/2493/89
f 4450/2496/2316 4448/2494/3003 4449/2495/1598
f 4449/2495/1598 4451/2497/2330 4450/2496/2316
f 4450/2496/2316 4451/2497/2330 4452/2498/3003
f 4451/2497/2330 4453/2483/3004 4452/2498/3003
f 4452/2498/3003 4453/2483/3004 4454/2499/89
f 4454/2499/89 4453/2483/3004 4455/2484/813
f 4454/2499/89 4455/2484/813 4456/2500/859
f 4456/2500/859 4455/2484/813 4457/2485/139
f 4456/2500/859 4457/2485/139 4442/2486/2998
f 4442/2486/2998 4457/2485/139 4443/2488/2999
f 4457/2485/139 4458/2452/3005 4443/2488/2999
f 4445/106/3001 4443/2488/2999 4458/2452/3005
f 4458/2452/3005 4459/105/3006 4445/106/3001
f 4445/106/3001 4459/105/3006 4460/104/724
f 4460/104/724 4459/105/3006 4461/107/31
f 4460/104/724 4461/107/31 4462/103/2113
f 4462/103/2113 4461/107/31 4463/102/3007
f 4463/102/3007 4464/99/3008 4462/103/2113
f 4464/99/3008 4463/102/3007 4465/97/542
f 4464/99/3008 4465/97/542 4466/98/3009
f 4465/97/542 4467/96/1034 4466/98/3009
f 4465/97/542 4468/95/3010 4467/96/1034
f 4469/111/3011 4468/95/3010 4465/97/542
f 4469/111/3011 4470/112/3012 4468/95/3010
f 4471/113/1531 4470/112/3012 4469/111/3011
f 4472/114/3013 4470/112/3012 4471/113/1531
f 4473/115/3014 4472/114/3013 4471/113/1531
f 4474/116/3015 4472/114/3013 4473/115/3014
f 4475/117/2191 4474/116/3015 4473/115/3014
f 4476/1586/868 4474/116/3015 4475/117/2191
f 4475/117/2191 4477/1584/935 4476/1586/868
f 4476/1586/868 4477/1584/935 4478/1587/3016
f 4478/1587/3016 4477/1584/935 4479/1583/1675
f 4480/1605/3017 4481/1604/3018 4482/1606/3017
f 4483/1589/3019 4484/1603/3020 4485/1588/3021
f 4485/1588/3021 4484/1603/3020 4481/1604/3018
f 4485/1588/3021 4481/1604/3018 4478/1587/3016
f 4478/1587/3016 4481/1604/3018 4480/1605/3017
f 4478/1587/3016 4480/1605/3017 4476/1586/868
f 4480/1605/3017 4482/1606/3017 4476/1586/868
f 4476/1586/868 4482/1606/3017 4474/116/3015
f 4482/1606/3017 4486/1607/3022 4474/116/3015
f 4482/1606/3017 4481/1604/3018 4486/1607/3022
f 4486/1607/3022 4481/1604/3018 4487/1609/769
f 4487/1609/769 4481/1604/3018 4484/1603/3020
f 4488/1602/563 4487/1609/769 4484/1603/3020
f 4484/1603/3020 4483/1589/3019 4488/1602/563
f 4488/1602/563 4483/1589/3019 4489/1600/1025
f 2715/1859/1524 2717/1856/180 4490/1858/3023
f 4490/1858/3023 4491/1860/1052 2715/1859/1524
f 4491/1860/1052 4467/96/1034 2715/1859/1524
f 2715/1859/1524 4467/96/1034 4492/94/642
f 4467/96/1034 4468/95/3010 4492/94/642
f 4492/94/642 4468/95/3010 4493/93/3024
f 4468/95/3010 4470/112/3012 4493/93/3024
f 4493/93/3024 4470/112/3012 4494/1598/675
f 4472/114/3013 4494/1598/675 4470/112/3012
f 4472/114/3013 4495/1597/3012 4494/1598/675
f 4474/116/3015 4495/1597/3012 4472/114/3013
f 4474/116/3015 4486/1607/3022 4495/1597/3012
f 4495/1597/3012 4486/1607/3022 4496/1608/230
f 4496/1608/230 4486/1607/3022 4487/1609/769
f 4487/1609/769 4497/1610/3025 4496/1608/230
f 4497/1610/3025 4487/1609/769 4488/1602/563
f 4488/1602/563 4498/1615/3026 4497/1610/3025
f 4488/1602/563 4499/1601/3027 4498/1615/3026
f 4499/1601/3027 4500/1616/21 4498/1615/3026
f 4501/88/3028 4502/87/928 4503/86/3029
f 4504/89/1402 4502/87/928 4501/88/3028
f 4501/88/3028 4505/90/2422 4504/89/1402
f 4506/1872/3030 4505/90/2422 4501/88/3028
f 4501/88/3028 4507/84/3031 4506/1872/3030
f 4503/86/3029 4507/84/3031 4501/88/3028
f 4508/85/3032 4507/84/3031 4503/86/3029
f 4503/86/3029 4502/87/928 4508/85/3032
f 4509/1614/32 4510/1612/3033 4511/1613/1367
f 4508/85/3032 4509/1614/32 4511/1613/1367
f 4508/85/3032 4502/87/928 4509/1614/32
f 4510/1612/3033 4509/1614/32 4502/87/928
f 4510/1612/3033 4502/87/928 4504/89/1402
f 4504/89/1402 4512/91/871 4510/1612/3033
f 4504/89/1402 4505/90/2422 4512/91/871
f 4512/91/871 4505/90/2422 4513/92/675
f 4513/92/675 4505/90/2422 2716/1861/2069
f 2716/1861/2069 4505/90/2422 4514/1871/3034
f 4514/1871/3034 4505/90/2422 4506/1872/3030
f 4495/1597/3012 4496/1608/230 4494/1598/675
f 4494/1598/675 4496/1608/230 4493/93/3024
f 4510/1612/3033 4512/91/871 4515/1611/2422
f 4506/1872/3030 4516/83/3035 4514/1871/3034
f 4507/84/3031 4516/83/3035 4506/1872/3030
f 4507/84/3031 4517/82/724 4516/83/3035
f 4517/82/724 4507/84/3031 4508/85/3032
f 4518/1617/3036 4517/82/724 4508/85/3032
f 4518/1617/3036 4508/85/3032 4511/1613/1367
f 4511/1613/1367 4500/1616/21 4518/1617/3036
f 4498/1615/3026 4500/1616/21 4511/1613/1367
f 4511/1613/1367 4510/1612/3033 4498/1615/3026
f 4497/1610/3025 4498/1615/3026 4510/1612/3033
f 4515/1611/2422 4497/1610/3025 4510/1612/3033
f 4496/1608/230 4497/1610/3025 4515/1611/2422
f 4512/91/871 4496/1608/230 4515/1611/2422
f 4493/93/3024 4496/1608/230 4512/91/871
f 4513/92/675 4493/93/3024 4512/91/871
f 4492/94/642 4493/93/3024 4513/92/675
f 2716/1861/2069 4492/94/642 4513/92/675
f 2715/1859/1524 4492/94/642 2716/1861/2069
f 4489/1600/1025 4499/1601/3027 4488/1602/563
f 4489/1600/1025 4483/1589/3019 4519/1590/3037
f 4519/1590/3037 4520/1599/3038 4489/1600/1025
f 4489/1600/1025 4520/1599/3038 4499/1601/3027
f 4521/1620/2433 4499/1601/3027 4520/1599/3038
f 4500/1616/21 4499/1601/3027 4521/1620/2433
f 4521/1620/2433 4522/1619/3039 4500/1616/21
f 4500/1616/21 4522/1619/3039 4518/1617/3036
f 4523/1618/3040 4518/1617/3036 4522/1619/3039
f 4517/82/724 4518/1617/3036 4523/1618/3040
f 4524/81/3041 4517/82/724 4523/1618/3040
f 4516/83/3035 4517/82/724 4524/81/3041
f 4525/1640/3042 4516/83/3035 4524/81/3041
f 4526/1949/3043 4516/83/3035 4525/1640/3042
f 4514/1871/3034 4516/83/3035 4526/1949/3043
f 4526/1949/3043 2711/1873/2066 4514/1871/3034
f 4514/1871/3034 2711/1873/2066 2712/1870/675
f 2712/1870/675 2716/1861/2069 4514/1871/3034
f 2702/1862/2061 2716/1861/2069 2712/1870/675
f 4522/1619/3039 4521/1620/2433 4523/1618/3040
f 4523/1618/3040 4521/1620/2433 4527/1621/3044
f 4521/1620/2433 4520/1599/3038 4527/1621/3044
f 4527/1621/3044 4520/1599/3038 4528/1591/3045
f 4520/1599/3038 4519/1590/3037 4528/1591/3045
f 2725/1931/2074 2708/1912/2064 2749/1935/2094
f 2708/1912/2064 2709/1936/117 2749/1935/2094
f 2749/1935/2094 2709/1936/117 2748/1933/2093
f 2709/1936/117 2710/1937/2065 2748/1933/2093
f 2748/1933/2093 2710/1937/2065 2753/1941/2096
f 2710/1937/2065 4529/1942/3046 2753/1941/2096
f 2710/1937/2065 2711/1873/2066 4529/1942/3046
f 4529/1942/3046 2711/1873/2066 4530/1948/1325
f 4530/1948/1325 2711/1873/2066 4526/1949/3043
f 4530/1948/1325 4526/1949/3043 4531/1639/2120
f 4531/1639/2120 4526/1949/3043 4525/1640/3042
f 4532/1595/115 4531/1639/2120 4525/1640/3042
f 4532/1595/115 4525/1640/3042 4524/81/3041
f 4532/1595/115 4524/81/3041 4533/1593/2137
f 4533/1593/2137 4524/81/3041 4523/1618/3040
f 4523/1618/3040 4534/1592/3047 4533/1593/2137
f 4523/1618/3040 4527/1621/3044 4534/1592/3047
f 4527/1621/3044 4528/1591/3045 4534/1592/3047
f 2174/1630/1435 4535/1633/1534 4536/1631/760
f 2179/1635/3048 4535/1633/1534 2174/1630/1435
f 2180/1636/2113 4535/1633/1534 2179/1635/3048
f 2775/1632/2115 4535/1633/1534 2180/1636/2113
f 2775/1632/2115 4536/1631/760 4535/1633/1534
f 2774/1637/2114 4536/1631/760 2775/1632/2115
f 4536/1631/760 2774/1637/2114 2786/1638/380
f 39/39/35 41/41/37 4537/1972/3049
f 41/41/37 43/43/39 4537/1972/3049
f 43/43/39 4538/1973/3050 4537/1972/3049
f 2751/1946/1402 4538/1973/3050 43/43/39
f 4539/1947/777 4538/1973/3050 2751/1946/1402
f 4539/1947/777 2751/1946/1402 2753/1941/2096
f 2753/1941/2096 4529/1942/3046 4539/1947/777
f 4529/1942/3046 4530/1948/1325 4539/1947/777
f 4539/1947/777 4530/1948/1325 4540/1974/1025
f 4530/1948/1325 4531/1639/2120 4540/1974/1025
f 4540/1974/1025 4538/1973/3050 4539/1947/777
f 2166/1622/276 2168/1624/2116 4541/1623/1535
f 4541/1623/1535 2168/1624/2116 4542/1627/3051
f 2172/1628/2137 4542/1627/3051 2168/1624/2116
f 4543/1629/3052 4542/1627/3051 2172/1628/2137
f 2172/1628/2137 2174/1630/1435 4543/1629/3052
f 4543/1629/3052 2174/1630/1435 4536/1631/760
f 4543/1629/3052 4536/1631/760 4544/1634/3053
f 4544/1634/3053 4536/1631/760 2786/1638/380
f 2786/1638/380 4531/1639/2120 4544/1634/3053
f 2787/1650/2126 4531/1639/2120 2786/1638/380
f 4540/1974/1025 4531/1639/2120 2787/1650/2126
f 2787/1650/2126 2785/1651/931 4540/1974/1025
f 4540/1974/1025 2785/1651/931 4538/1973/3050
f 2782/1656/2125 4538/1973/3050 2785/1651/931
f 4537/1972/3049 4538/1973/3050 2782/1656/2125
f 2782/1656/2125 2788/1658/1729 4537/1972/3049
f 2788/1658/1729 39/39/35 4537/1972/3049
f 2791/1975/2133 39/39/35 2788/1658/1729
f 4541/1623/1535 4542/1627/3051 4545/1626/2121
f 4545/1626/2121 4542/1627/3051 4543/1629/3052
f 4543/1629/3052 4544/1634/3053 4545/1626/2121
f 4545/1626/2121 4544/1634/3053 4532/1595/115
f 4544/1634/3053 4531/1639/2120 4532/1595/115
f 4479/1583/1675 4485/1588/3021 4478/1587/3016
f 4546/1581/3054 4485/1588/3021 4479/1583/1675
f 4546/1581/3054 4483/1589/3019 4485/1588/3021
f 4547/1577/1714 4483/1589/3019 4546/1581/3054
f 4519/1590/3037 4483/1589/3019 4547/1577/1714
f 4519/1590/3037 4547/1577/1714 4548/1578/3055
f 4528/1591/3045 4519/1590/3037 4548/1578/3055
f 4549/1579/3056 4528/1591/3045 4548/1578/3055
f 4534/1592/3047 4528/1591/3045 4549/1579/3056
f 4549/1579/3056 2129/1585/3057 4534/1592/3047
f 4534/1592/3047 2129/1585/3057 4533/1593/2137
f 4533/1593/2137 2129/1585/3057 2138/1594/3058
f 2138/1594/3058 4532/1595/115 4533/1593/2137
f 2140/1596/3059 4532/1595/115 2138/1594/3058
f 4532/1595/115 2140/1596/3059 4545/1626/2121
f 2140/1596/3059 2169/1625/3060 4545/1626/2121
f 4545/1626/2121 2169/1625/3060 4541/1623/1535
f 4541/1623/1535 2169/1625/3060 2166/1622/276
f 2124/1580/1959 2129/1585/3057 4549/1579/3056
f 4550/1574/3061 2105/1561/3062 2107/1563/3063
f 4550/1574/3061 2107/1563/3063 2108/1564/3064
f 4550/1574/3061 2108/1564/3064 4551/1575/3048
f 2108/1564/3064 4552/1565/3065 4551/1575/3048
f 2110/1566/3059 4552/1565/3065 2108/1564/3064
f 2110/1566/3059 4553/1567/3047 4552/1565/3065
f 2124/1580/1959 4553/1567/3047 2110/1566/3059
f 2124/1580/1959 4549/1579/3056 4553/1567/3047
f 4553/1567/3047 4549/1579/3056 4554/1568/3066
f 4554/1568/3066 4549/1579/3056 4548/1578/3055
f 4548/1578/3055 4547/1577/1714 4554/1568/3066
f 4554/1568/3066 4547/1577/1714 4555/1576/3054
f 4555/1576/3054 4547/1577/1714 4546/1581/3054
f 4555/1576/3054 4546/1581/3054 4556/1582/1676
f 4556/1582/1676 4546/1581/3054 4479/1583/1675
f 4479/1583/1675 4557/1572/629 4556/1582/1676
f 4553/1567/3047 4554/1568/3066 4552/1565/3065
f 4552/1565/3065 4554/1568/3066 4555/1576/3054
f 4552/1565/3065 4555/1576/3054 4551/1575/3048
f 4551/1575/3048 4555/1576/3054 4556/1582/1676
f 4557/1572/629 4551/1575/3048 4556/1582/1676
f 4557/1572/629 4558/1573/3067 4551/1575/3048
f 4558/1573/3067 4550/1574/3061 4551/1575/3048
f 4558/1573/3067 4559/1560/3068 4550/1574/3061
f 4559/1560/3068 2105/1561/3062 4550/1574/3061
f 4559/1560/3068 4560/1558/3069 2105/1561/3062
f 2105/1561/3062 4560/1558/3069 4561/1562/3070
f 4560/1558/3069 4562/2381/3071 4561/1562/3070
f 4561/1562/3070 4562/2381/3071 2101/1557/881
f 4562/2381/3071 2093/1549/1408 2101/1557/881
f 4562/2381/3071 4563/2383/2275 2093/1549/1408
f 2093/1549/1408 4563/2383/2275 2094/1550/1653
f 4564/2384/3072 2094/1550/1653 4563/2383/2275
f 2095/1551/1654 2094/1550/1653 4564/2384/3072
f 4565/2374/347 2095/1551/1654 4564/2384/3072
f 2095/1551/1654 4565/2374/347 2096/1552/1328
f 2096/1552/1328 4565/2374/347 4566/2375/118
f 4566/2375/118 2097/1553/871 2096/1552/1328
f 4567/1569/763 4557/1572/629 4479/1583/1675
f 4479/1583/1675 4477/1584/935 4567/1569/763
f 4568/119/3073 4569/120/1452 4475/117/2191
f 4569/120/1452 4570/2389/767 4475/117/2191
f 4475/117/2191 4570/2389/767 4477/1584/935
f 4477/1584/935 4570/2389/767 4571/1571/3074
f 4567/1569/763 4477/1584/935 4571/1571/3074
f 4567/1569/763 4571/1571/3074 4572/1570/937
f 4557/1572/629 4567/1569/763 4572/1570/937
f 4573/1559/3075 4557/1572/629 4572/1570/937
f 4558/1573/3067 4557/1572/629 4573/1559/3075
f 4573/1559/3075 4559/1560/3068 4558/1573/3067
f 4573/1559/3075 4560/1558/3069 4559/1560/3068
f 4574/2382/3074 4560/1558/3069 4573/1559/3075
f 4574/2382/3074 4562/2381/3071 4560/1558/3069
f 4563/2383/2275 4562/2381/3071 4574/2382/3074
f 4574/2382/3074 4564/2384/3072 4563/2383/2275
f 4575/2385/563 4564/2384/3072 4574/2382/3074
f 4575/2385/563 4576/2386/3076 4564/2384/3072
f 4575/2385/563 4577/2388/3077 4576/2386/3076
f 4574/2382/3074 4573/1559/3075 4575/2385/563
f 4573/1559/3075 4572/1570/937 4575/2385/563
f 4572/1570/937 4577/2388/3077 4575/2385/563
f 4572/1570/937 4571/1571/3074 4577/2388/3077
f 4577/2388/3077 4571/1571/3074 4570/2389/767
f 4570/2389/767 4576/2386/3076 4577/2388/3077
f 4578/2390/3078 4576/2386/3076 4570/2389/767
f 4579/121/475 4580/2402/52 4569/120/1452
f 4569/120/1452 4580/2402/52 4581/2379/3079
f 4569/120/1452 4581/2379/3079 4570/2389/767
f 4570/2389/767 4581/2379/3079 4578/2390/3078
f 4578/2390/3078 4581/2379/3079 4582/2376/351
f 4582/2376/351 4576/2386/3076 4578/2390/3078
f 4583/2377/193 4576/2386/3076 4582/2376/351
f 4564/2384/3072 4576/2386/3076 4583/2377/193
f 4583/2377/193 4565/2374/347 4564/2384/3072
f 4582/2376/351 4581/2379/3079 4584/2378/2747
f 4581/2379/3079 4580/2402/52 4584/2378/2747
f 4584/2378/2747 4580/2402/52 4585/2401/2492
f 4585/2401/2492 4586/2391/3080 4584/2378/2747
f 4587/2380/1036 4584/2378/2747 4586/2391/3080
f 4566/2375/118 4584/2378/2747 4587/2380/1036
f 4584/2378/2747 4566/2375/118 4582/2376/351
f 4566/2375/118 4565/2374/347 4582/2376/351
f 4582/2376/351 4565/2374/347 4583/2377/193
f 4475/117/2191 4473/115/3014 4568/119/3073
f 4568/119/3073 4473/115/3014 4471/113/1531
f 4469/111/3011 4588/118/2190 4471/113/1531
f 4471/113/1531 4588/118/2190 4568/119/3073
f 4588/118/2190 4579/121/475 4568/119/3073
f 4568/119/3073 4579/121/475 4569/120/1452
f 4587/2380/1036 2097/1553/871 4566/2375/118
f 2097/1553/871 4587/2380/1036 2098/1554/1655
f 2098/1554/1655 4587/2380/1036 4589/2392/3081
f 4587/2380/1036 4586/2391/3080 4589/2392/3081
f 4589/2392/3081 4586/2391/3080 4590/2400/3082
f 4585/2401/2492 4590/2400/3082 4586/2391/3080
f 4591/2407/2231 4590/2400/3082 4585/2401/2492
f 4592/2403/334 4591/2407/2231 4585/2401/2492
f 4585/2401/2492 4580/2402/52 4592/2403/334
f 4592/2403/334 4580/2402/52 4593/2405/2272
f 4579/121/475 4593/2405/2272 4580/2402/52
f 4594/122/2747 4593/2405/2272 4579/121/475
f 4579/121/475 4588/118/2190 4594/122/2747
f 4594/122/2747 4588/118/2190 4595/110/2189
f 4588/118/2190 4469/111/3011 4595/110/2189
f 4595/110/2189 4469/111/3011 4465/97/542
f 4465/97/542 4596/100/2702 4595/110/2189
f 4465/97/542 4463/102/3007 4596/100/2702
f 4597/2398/3083 4598/2397/3084 4599/2396/3085
f 4600/2399/3086 4598/2397/3084 4597/2398/3083
f 4589/2392/3081 4598/2397/3084 4600/2399/3086
f 4589/2392/3081 4590/2400/3082 4598/2397/3084
f 4598/2397/3084 4590/2400/3082 4591/2407/2231
f 4463/102/3007 4461/107/31 3492/108/2535
f 3492/108/2535 3491/101/2534 4463/102/3007
f 4463/102/3007 3491/101/2534 4596/100/2702
f 3491/101/2534 3493/109/2060 4596/100/2702
f 4596/100/2702 3493/109/2060 4595/110/2189
f 3497/123/2050 4595/110/2189 3493/109/2060
f 4594/122/2747 4595/110/2189 3497/123/2050
f 3497/123/2050 4601/2411/2267 4594/122/2747
f 4594/122/2747 4601/2411/2267 4593/2405/2272
f 4602/2404/3087 4593/2405/2272 4601/2411/2267
f 4592/2403/334 4593/2405/2272 4602/2404/3087
f 4602/2404/3087 4603/2406/3088 4592/2403/334
f 4603/2406/3088 4591/2407/2231 4592/2403/334
f 4603/2406/3088 4604/2408/144 4591/2407/2231
f 4604/2408/144 4598/2397/3084 4591/2407/2231
f 4598/2397/3084 4604/2408/144 4605/2393/1833
f 4599/2396/3085 4598/2397/3084 4605/2393/1833
f 4605/2393/1833 4606/2394/1261 4599/2396/3085
f 4602/2404/3087 4601/2411/2267 4607/2410/3089
f 4608/2409/151 4602/2404/3087 4607/2410/3089
f 4608/2409/151 4603/2406/3088 4602/2404/3087
f 4608/2409/151 4604/2408/144 4603/2406/3088
f 4606/2394/1261 4384/2395/557 4383/2528/2691
f 4384/2395/557 4606/2394/1261 4605/2393/1833
f 4605/2393/1833 4604/2408/144 4384/2395/557
f 4384/2395/557 4604/2408/144 4609/2412/1523
f 4609/2412/1523 4604/2408/144 4608/2409/151
f 4610/2413/144 4609/2412/1523 4608/2409/151
f 4608/2409/151 4607/2410/3089 4610/2413/144
f 4607/2410/3089 4611/2414/1126 4610/2413/144
f 4607/2410/3089 4601/2411/2267 4611/2414/1126
f 3497/123/2050 4611/2414/1126 4601/2411/2267
f 4612/2426/158 4611/2414/1126 3497/123/2050
f 4612/2426/158 3497/123/2050 3496/2427/2536
f 4612/2426/158 3496/2427/2536 4613/2436/2737
f 4613/2436/2737 3496/2427/2536 3495/2428/2495
f 3495/2428/2495 4614/2441/1367 4613/2436/2737
f 4615/2442/2069 4614/2441/1367 3495/2428/2495
f 3495/2428/2495 4616/2429/2280 4615/2442/2069
f 3492/108/2535 4616/2429/2280 3495/2428/2495
f 4617/2451/2599 4616/2429/2280 3492/108/2535
f 4612/2426/158 4618/2425/175 4611/2414/1126
f 4610/2413/144 4611/2414/1126 4618/2425/175
f 4610/2413/144 4618/2425/175 4619/2424/2231
f 4610/2413/144 4619/2424/2231 4386/2415/2965
f 4610/2413/144 4386/2415/2965 4609/2412/1523
f 4609/2412/1523 4386/2415/2965 4384/2395/557
f 4386/2415/2965 4619/2424/2231 4387/2423/2966
f 4619/2424/2231 4397/2430/179 4387/2423/2966
f 4619/2424/2231 4618/2425/175 4397/2430/179
f 4395/2433/339 4397/2430/179 4618/2425/175
f 4395/2433/339 4618/2425/175 4612/2426/158
f 4395/2433/339 4612/2426/158 4393/2435/2969
f 4393/2435/2969 4612/2426/158 4613/2436/2737
f 4613/2436/2737 4391/2439/2070 4393/2435/2969
f 4614/2441/1367 4391/2439/2070 4613/2436/2737
f 4620/2440/1365 4391/2439/2070 4614/2441/1367
f 4614/2441/1367 4615/2442/2069 4620/2440/1365
f 4620/2440/1365 4615/2442/2069 4621/2443/1639
f 4621/2443/1639 4615/2442/2069 4616/2429/2280
f 4621/2443/1639 4616/2429/2280 4622/2444/1426
f 4622/2444/1426 4616/2429/2280 4617/2451/2599
f 4622/2444/1426 4617/2451/2599 4459/105/3006
f 4459/105/3006 4617/2451/2599 4461/107/31
f 3492/108/2535 4461/107/31 4617/2451/2599
f 4441/2457/132 4389/2447/2968 4623/2446/3090
f 4623/2446/3090 4624/2445/3091 4625/2453/624
f 4389/2447/2968 4391/2439/2070 4620/2440/1365
f 4623/2446/3090 4389/2447/2968 4620/2440/1365
f 4620/2440/1365 4621/2443/1639 4623/2446/3090
f 4623/2446/3090 4621/2443/1639 4624/2445/3091
f 4624/2445/3091 4621/2443/1639 4622/2444/1426
f 4459/105/3006 4624/2445/3091 4622/2444/1426
f 4624/2445/3091 4459/105/3006 4458/2452/3005
f 4624/2445/3091 4458/2452/3005 4625/2453/624
f 4625/2453/624 4458/2452/3005 4626/2454/240
f 4625/2453/624 4626/2454/240 4623/2446/3090
f 4623/2446/3090 4626/2454/240 4627/2455/1349
f 4627/2455/1349 4628/2456/925 4623/2446/3090
f 4628/2456/925 4441/2457/132 4623/2446/3090
f 4629/2458/1405 4441/2457/132 4628/2456/925
f 4629/2458/1405 4440/2459/2060 4441/2457/132
f 4440/2459/2060 4629/2458/1405 4439/2460/2059
f 4439/2460/2059 4629/2458/1405 4630/2466/3092
f 4439/2460/2059 4630/2466/3092 4438/2467/2997
f 4630/2466/3092 4631/2465/3093 4438/2467/2997
f 4629/2458/1405 4628/2456/925 4630/2466/3092
f 4630/2466/3092 4628/2456/925 4631/2465/3093
f 4632/2470/2625 4631/2465/3093 4633/2475/124
f 4628/2456/925 4633/2475/124 4631/2465/3093
f 4634/2476/3094 4633/2475/124 4628/2456/925
f 4634/2476/3094 4628/2456/925 4627/2455/1349
f 4437/2471/2996 4438/2467/2997 4635/2468/3095
f 4438/2467/2997 4631/2465/3093 4635/2468/3095
f 4635/2468/3095 4631/2465/3093 4632/2470/2625
f 4635/2468/3095 4632/2470/2625 4437/2471/2996
f 4437/2471/2996 4632/2470/2625 4636/2469/3096
f 4636/2469/3096 4436/2472/2995 4437/2471/2996
f 4435/2479/2994 4436/2472/2995 4636/2469/3096
f 4637/2480/2339 4435/2479/2994 4636/2469/3096
f 4636/2469/3096 4632/2470/2625 4637/2480/2339
f 4637/2480/2339 4632/2470/2625 4638/2481/2004
f 4632/2470/2625 4633/2475/124 4638/2481/2004
f 4638/2481/2004 4633/2475/124 4639/2482/3097
f 4634/2476/3094 4639/2482/3097 4633/2475/124
f 4453/2483/3004 4639/2482/3097 4634/2476/3094
f 4627/2455/1349 4453/2483/3004 4634/2476/3094
f 4455/2484/813 4453/2483/3004 4627/2455/1349
f 4455/2484/813 4627/2455/1349 4626/2454/240
f 4457/2485/139 4455/2484/813 4626/2454/240
f 4626/2454/240 4458/2452/3005 4457/2485/139
f 4433/2516/2992 4435/2479/2994 4637/2480/2339
f 4453/2483/3004 4451/2497/2330 4639/2482/3097
f 4639/2482/3097 4451/2497/2330 4638/2481/2004
f 4451/2497/2330 4449/2495/1598 4638/2481/2004
f 4638/2481/2004 4449/2495/1598 4637/2480/2339
f 4449/2495/1598 4446/2493/89 4637/2480/2339
f 4446/2493/89 4433/2516/2992 4637/2480/2339
f 4434/2491/2993 4433/2516/2992 4446/2493/89
f 4640/3015/3098 4641/3016/3098 4642/3017/3098
f 4643/2589/3099 4644/2580/483 4645/2582/3100
f 4643/2589/3099 4645/2582/3100 4646/2584/3101
f 4647/2583/1408 4646/2584/3101 4645/2582/3100
f 4648/2585/430 4646/2584/3101 4647/2583/1408
f 4646/2584/3101 4648/2585/430 4649/2586/2335
f 4649/2586/2335 4648/2585/430 4650/2599/3102
f 4649/2586/2335 4650/2599/3102 4651/2598/2360
f 4651/2598/2360 4650/2599/3102 4652/2600/3103
f 4652/2600/3103 4650/2599/3102 4653/2611/309
f 4650/2599/3102 4648/2585/430 4653/2611/309
f 4653/2611/309 4648/2585/430 4654/2609/730
f 4654/2609/730 4648/2585/430 4647/2583/1408
f 4654/2609/730 4647/2583/1408 4655/2581/461
f 4647/2583/1408 4645/2582/3100 4655/2581/461
f 4655/2581/461 4645/2582/3100 4644/2580/483
f 4646/2584/3101 4649/2586/2335 4643/2589/3099
f 4656/2605/355 4657/2613/347 4658/2614/1023
f 4656/2605/355 4659/2604/3104 4657/2613/347
f 4660/2612/3105 4657/2613/347 4659/2604/3104
f 4659/2604/3104 4661/3018/3106 4660/2612/3105
f 4660/2612/3105 4661/3018/3106 4662/3019/472
f 4660/2612/3105 4662/3019/472 4663/2601/3107
f 4663/2601/3107 4652/2600/3103 4660/2612/3105
f 4664/2596/3108 4652/2600/3103 4663/2601/3107
f 4651/2598/2360 4652/2600/3103 4664/2596/3108
f 4665/2597/3109 4651/2598/2360 4664/2596/3108
f 4665/2597/3109 4649/2586/2335 4651/2598/2360
f 4666/2590/2955 4649/2586/2335 4665/2597/3109
f 4643/2589/3099 4649/2586/2335 4666/2590/2955
f 4666/2590/2955 4667/2578/2526 4643/2589/3099
f 4667/2578/2526 4644/2580/483 4643/2589/3099
f 4644/2580/483 4667/2578/2526 4668/2579/1816
f 4644/2580/483 4668/2579/1816 4655/2581/461
f 4655/2581/461 4668/2579/1816 4669/2627/3110
f 4670/2643/170 4671/1507/688 4672/1505/170
f 4672/1505/170 4673/2642/3111 4670/2643/170
f 4674/2722/3112 4675/2725/2077 4676/2724/1750
f 4674/2722/3112 4677/2721/1608 4678/2723/3113
f 4676/2724/1750 4677/2721/1608 4674/2722/3112
f 4676/2724/1750 4679/2726/1761 4677/2721/1608
f 4677/2721/1608 4679/2726/1761 4680/2727/1769
f 4681/2728/1745 4680/2727/1769 4679/2726/1761
f 4682/2729/3114 4680/2727/1769 4681/2728/1745
f 4681/2728/1745 4683/2730/2826 4682/2729/3114
f 4684/2731/3115 4683/2730/2826 4681/2728/1745
f 4685/2738/2091 4686/2737/1473 4687/2739/1389
f 4688/2736/1764 4686/2737/1473 4685/2738/2091
f 4686/2737/1473 4688/2736/1764 4689/2735/3116
f 4689/2735/3116 4688/2736/1764 4690/2732/1779
f 4690/2732/1779 4691/2733/1234 4689/2735/3116
f 4692/2734/1608 4691/2733/1234 4690/2732/1779
f 4684/2731/3115 4685/2738/2091 4693/2740/3117
f 4685/2738/2091 4687/2739/1389 4693/2740/3117
f 4687/2739/1389 4694/2741/1137 4693/2740/3117
f 4684/2731/3115 4695/2742/1909 4683/2730/2826
f 4693/2740/3117 4695/2742/1909 4684/2731/3115
f 4696/2743/1908 4695/2742/1909 4693/2740/3117
f 4693/2740/3117 4694/2741/1137 4696/2743/1908
f 4694/2741/1137 4697/2744/1773 4696/2743/1908
f 4697/2744/1773 4694/2741/1137 4698/2745/2085
f 4698/2745/2085 4694/2741/1137 4687/2739/1389
f 4687/2739/1389 4699/2746/3118 4698/2745/2085
f 4686/2737/1473 4699/2746/3118 4687/2739/1389
f 4700/2747/3119 4699/2746/3118 4686/2737/1473
f 4689/2735/3116 4700/2747/3119 4686/2737/1473
f 4701/2748/3120 4700/2747/3119 4689/2735/3116
f 4689/2735/3116 4702/2749/2081 4701/2748/3120
f 4689/2735/3116 4691/2733/1234 4702/2749/2081
f 4691/2733/1234 4703/2750/3121 4702/2749/2081
f 4704/2751/3122 4703/2750/3121 4691/2733/1234
f 4691/2733/1234 4692/2734/1608 4704/2751/3122
f 4704/2751/3122 4692/2734/1608 4705/2752/2818
f 4706/2761/574 4707/2760/1845 4708/2759/3123
f 4709/2764/3124 4710/2763/3125 4711/2762/3126
f 4711/2762/3126 4712/2765/3127 4709/2764/3124
f 4713/2766/644 4712/2765/3127 4711/2762/3126
f 4712/2765/3127 4713/2766/644 4714/2767/569
f 4714/2767/569 4713/2766/644 4715/2768/3128
f 4713/2766/644 4716/2769/3129 4715/2768/3128
f 4715/2768/3128 4716/2769/3129 4706/2761/574
f 4716/2769/3129 4707/2760/1845 4706/2761/574
f 4717/2770/2825 4707/2760/1845 4716/2769/3129
f 4718/2771/1311 4707/2760/1845 4717/2770/2825
f 4718/2771/1311 4717/2770/2825 4697/2744/1773
f 4717/2770/2825 4711/2762/3126 4697/2744/1773
f 4716/2769/3129 4713/2766/644 4717/2770/2825
f 4717/2770/2825 4713/2766/644 4711/2762/3126
f 4696/2743/1908 4719/2754/1750 4720/2753/3130
f 4720/2753/3130 4695/2742/1909 4696/2743/1908
f 4696/2743/1908 4697/2744/1773 4721/2758/3131
f 4696/2743/1908 4721/2758/3131 4719/2754/1750
f 4719/2754/1750 4721/2758/3131 4722/2757/3132
f 4722/2757/3132 4723/2756/1323 4719/2754/1750
f 4719/2754/1750 4723/2756/1323 4724/2755/2554
f 4720/2753/3130 4719/2754/1750 4724/2755/2554
f 4697/2744/1773 4711/2762/3126 4721/2758/3131
f 4711/2762/3126 4710/2763/3125 4721/2758/3131
f 4710/2763/3125 4722/2757/3132 4721/2758/3131
f 4725/2772/2939 4722/2757/3132 4710/2763/3125
f 4723/2756/1323 4722/2757/3132 4725/2772/2939
f 4725/2772/2939 4726/2773/3133 4723/2756/1323
f 4723/2756/1323 4726/2773/3133 4727/2774/2552
f 4723/2756/1323 4727/2774/2552 4728/2775/1749
f 4724/2755/2554 4723/2756/1323 4728/2775/1749
f 4724/2755/2554 4728/2775/1749 4729/2776/3134
f 4729/2776/3134 4720/2753/3130 4724/2755/2554
f 4729/2776/3134 4730/2777/3135 4720/2753/3130
f 4731/2778/2552 4720/2753/3130 4730/2777/3135
f 4730/2777/3135 4732/2779/1769 4731/2778/2552
f 4731/2778/2552 4732/2779/1769 4733/2780/1761
f 4732/2779/1769 4734/3020/3136 4733/2780/1761
f 4735/3021/659 4734/3020/3136 4732/2779/1769
f 4736/3022/1915 4734/3020/3136 4735/3021/659
f 4728/2775/1749 4737/2782/1779 4729/2776/3134
f 4728/2775/1749 4727/2774/2552 4737/2782/1779
f 4738/1538/2323 4739/1528/3137 4740/1539/3138
f 4741/1537/3139 4742/1527/3140 4738/1538/2323
f 4742/1527/3140 4739/1528/3137 4738/1538/2323
f 4742/1527/3140 4743/1519/420 4739/1528/3137
f 4744/1520/484 4739/1528/3137 4743/1519/420
f 4745/1529/508 4739/1528/3137 4744/1520/484
f 4745/1529/508 4740/1539/3138 4739/1528/3137
f 4746/1540/1419 4740/1539/3138 4745/1529/508
f 4746/1540/1419 4745/1529/508 4747/1531/581
f 4748/1521/3141 4749/3023/448 4750/1530/3142
f 4750/1530/3142 4749/3023/448 4751/1516/1846
f 4751/1516/1846 4749/3023/448 4752/1489/467
f 4751/1516/1846 4752/1489/467 4753/3024/3143
f 4754/1514/3144 4751/1516/1846 4753/3024/3143
f 4747/1531/581 4751/1516/1846 4754/1514/3144
f 4750/1530/3142 4751/1516/1846 4747/1531/581
f 4745/1529/508 4750/1530/3142 4747/1531/581
f 4745/1529/508 4748/1521/3141 4750/1530/3142
f 4744/1520/484 4748/1521/3141 4745/1529/508
f 4744/1520/484 4755/1522/956 4748/1521/3141
f 4744/1520/484 4743/1519/420 4755/1522/956
f 4756/1500/2241 4757/1499/3145 4758/1501/1161
f 4759/1498/3146 4757/1499/3145 4756/1500/2241
f 4757/1499/3145 4759/1498/3146 4760/3025/3147
f 4760/3025/3147 4759/1498/3146 4761/3026/3148
f 4762/3027/2023 4761/3026/3148 4759/1498/3146
f 4762/3027/2023 4759/1498/3146 4763/1513/728
f 4763/1513/728 4759/1498/3146 4756/1500/2241
f 4758/1501/1161 4764/2623/3149 4765/1503/2173
f 4765/1503/2173 4766/1502/3150 4758/1501/1161
f 4758/1501/1161 4766/1502/3150 4756/1500/2241
f 4767/1510/194 4756/1500/2241 4766/1502/3150
f 4763/1513/728 4756/1500/2241 4767/1510/194
f 4763/1513/728 4767/1510/194 4768/1512/1889
f 4763/1513/728 4768/1512/1889 4762/3027/2023
f 4762/3027/2023 4768/1512/1889 4754/1514/3144
f 4753/3024/3143 4762/3027/2023 4754/1514/3144
f 4753/3024/3143 4761/3026/3148 4762/3027/2023
f 4752/1489/467 4761/3026/3148 4753/3024/3143
f 4752/1489/467 4760/3025/3147 4761/3026/3148
f 4752/1489/467 4749/3023/448 4760/3025/3147
f 4760/3025/3147 4749/3023/448 4757/1499/3145
f 4757/1499/3145 4749/3023/448 4748/1521/3141
f 4757/1499/3145 4748/1521/3141 4758/1501/1161
f 4758/1501/1161 4748/1521/3141 4755/1522/956
f 4755/1522/956 4764/2623/3149 4758/1501/1161
f 4767/1510/194 4766/1502/3150 4769/1508/3151
f 4769/1508/3151 4766/1502/3150 4770/2635/534
f 4768/1512/1889 4767/1510/194 4771/1511/1494
f 4771/1511/1494 4767/1510/194 4772/1509/1329
f 4772/1509/1329 4767/1510/194 4769/1508/3151
f 4773/1506/3152 4772/1509/1329 4769/1508/3151
f 4672/1505/1107 4773/1506/3152 4769/1508/3151
f 4672/1505/1107 4769/1508/3151 4770/2635/534
f 4770/2635/534 4774/2634/1532 4672/1505/1107
f 4774/2634/1532 4770/2635/534 4766/1502/3150
f 4766/1502/3150 4775/1504/3153 4774/2634/1532
f 4765/1503/2173 4775/1504/3153 4766/1502/3150
f 4765/1503/2173 4764/2623/3149 4775/1504/3153
f 4671/1507/1055 4773/1506/3152 4672/1505/1107
f 4776/2655/3154 4777/2653/1046 4778/2641/2300
f 4778/2641/2300 4779/2640/2278 4776/2655/3154
f 4778/2641/2300 4780/2638/345 4779/2640/2278
f 4780/2638/345 4781/2639/3155 4779/2640/2278
f 4781/2639/3155 4780/2638/345 4782/2637/3016
f 4782/2637/3016 4780/2638/345 4783/2636/3156
f 4774/2634/1532 4783/2636/3156 4780/2638/345
f 4774/2634/1532 4780/2638/345 4778/2641/2300
f 4672/1505/1107 4774/2634/1532 4778/2641/2300
f 4778/2641/2300 4777/2653/1046 4672/1505/1107
f 4775/1504/3153 4783/2636/3156 4774/2634/1532
f 4777/2653/1046 4673/2642/2335 4672/1505/1107
f 4777/2653/1046 4784/2656/515 4673/2642/2335
f 4776/2655/3154 4784/2656/515 4777/2653/1046
f 4785/2654/3157 4784/2656/515 4776/2655/3154
f 4776/2655/3154 4779/2640/2278 4785/2654/3157
f 4779/2640/2278 4786/2631/762 4785/2654/3157
f 4779/2640/2278 4781/2639/3155 4786/2631/762
f 4781/2639/3155 4787/2630/267 4786/2631/762
f 4782/2637/3016 4787/2630/267 4781/2639/3155
f 4788/2633/461 4787/2630/267 4782/2637/3016
f 4783/2636/3156 4788/2633/461 4782/2637/3016
f 4789/2628/3158 4788/2633/461 4783/2636/3156
f 4775/1504/3153 4789/2628/3158 4783/2636/3156
f 4790/2622/3159 4789/2628/3158 4775/1504/3153
f 4775/1504/3153 4764/2623/3149 4790/2622/3159
f 4764/2623/3149 4791/1523/1577 4790/2622/3159
f 4791/1523/1577 4764/2623/3149 4755/1522/956
f 4792/1517/3160 4791/1523/1577 4755/1522/956
f 4660/2612/3105 4652/2600/3103 4653/2611/309
f 4657/2613/347 4660/2612/3105 4653/2611/309
f 4658/2614/1023 4657/2613/347 4653/2611/309
f 4658/2614/1023 4653/2611/309 4793/2615/2918
f 4793/2615/2918 4653/2611/309 4654/2609/730
f 4789/2628/3158 4794/2629/2258 4788/2633/461
f 4794/2629/2258 4787/2630/267 4788/2633/461
f 4795/2621/2370 4790/2622/3159 4796/1524/2340
f 4789/2628/3158 4790/2622/3159 4795/2621/2370
f 4795/2621/2370 4794/2629/2258 4789/2628/3158
f 4795/2621/2370 4797/2624/2382 4794/2629/2258
f 4797/2624/2382 4787/2630/267 4794/2629/2258
f 4797/2624/2382 4798/2625/3161 4787/2630/267
f 4786/2631/762 4787/2630/267 4798/2625/3161
f 4798/2625/3161 4799/2626/1546 4786/2631/762
f 4800/2618/2501 4799/2626/1546 4798/2625/3161
f 4801/2610/457 4799/2626/1546 4800/2618/2501
f 4800/2618/2501 4802/2617/3162 4801/2610/457
f 4654/2609/730 4801/2610/457 4802/2617/3162
f 4802/2617/3162 4803/2616/3163 4654/2609/730
f 4654/2609/730 4803/2616/3163 4793/2615/2918
f 4793/2615/2918 4803/2616/3163 4804/2608/3164
f 4804/2608/3164 4658/2614/1023 4793/2615/2918
f 4805/2606/3165 4658/2614/1023 4804/2608/3164
f 4805/2606/3165 4656/2605/355 4658/2614/1023
f 4800/2618/2501 4798/2625/3161 4797/2624/2382
f 4797/2624/2382 4806/2620/1940 4800/2618/2501
f 4806/2620/1940 4797/2624/2382 4795/2621/2370
f 4795/2621/2370 4807/1525/513 4806/2620/1940
f 4795/2621/2370 4796/1524/2340 4807/1525/513
f 4808/1536/997 4809/2619/3166 4810/1526/2390
f 4811/1535/2717 4808/1536/997 4810/1526/2390
f 4808/1536/997 4811/1535/2717 4812/1534/298
f 4812/1534/298 4803/2616/3163 4808/1536/997
f 4808/1536/997 4803/2616/3163 4809/2619/3166
f 4809/2619/3166 4803/2616/3163 4802/2617/3162
f 4809/2619/3166 4802/2617/3162 4800/2618/2501
f 4800/2618/2501 4806/2620/1940 4809/2619/3166
f 4810/1526/2390 4809/2619/3166 4806/2620/1940
f 4806/2620/1940 4807/1525/513 4810/1526/2390
f 4810/1526/2390 4807/1525/513 4813/1518/2318
f 4807/1525/513 4792/1517/3160 4813/1518/2318
f 4796/1524/2340 4792/1517/3160 4807/1525/513
f 4796/1524/2340 4791/1523/1577 4792/1517/3160
f 4790/2622/3159 4791/1523/1577 4796/1524/2340
f 4804/2608/3164 4803/2616/3163 4812/1534/298
f 4755/1522/956 4743/1519/420 4792/1517/3160
f 4813/1518/2318 4792/1517/3160 4743/1519/420
f 4813/1518/2318 4743/1519/420 4742/1527/3140
f 4810/1526/2390 4813/1518/2318 4742/1527/3140
f 4810/1526/2390 4742/1527/3140 4741/1537/3139
f 4741/1537/3139 4811/1535/2717 4810/1526/2390
f 4814/1533/1850 4811/1535/2717 4741/1537/3139
f 4811/1535/2717 4814/1533/1850 4812/1534/298
f 4812/1534/298 4814/1533/1850 4815/1532/574
f 4804/2608/3164 4812/1534/298 4815/1532/574
f 4816/2607/2079 4804/2608/3164 4815/1532/574
f 4816/2607/2079 4805/2606/3165 4804/2608/3164
f 4817/2566/359 4805/2606/3165 4816/2607/2079
f 4817/2566/359 4656/2605/355 4805/2606/3165
f 4817/2566/359 4818/2567/131 4656/2605/355
f 4818/2567/131 4659/2604/3104 4656/2605/355
f 4818/2567/131 4819/3028/3167 4659/2604/3104
f 4659/2604/3104 4819/3028/3167 4661/3018/3106
f 4820/2588/3168 4821/2593/1974 4822/2565/3169
f 4822/2565/3169 4821/2593/1974 4823/2563/2211
f 4822/2565/3169 4823/2563/2211 4824/3029/1418
f 4824/3029/1418 4823/2563/2211 4825/3030/3170
f 4825/3030/3170 4826/3031/3171 4824/3029/1418
f 4824/3029/1418 4826/3031/3171 4827/3032/1891
f 4826/3031/3171 4828/2569/3172 4827/3032/1891
f 4828/2569/3172 4829/3033/3164 4827/3032/1891
f 4827/3032/1891 4829/3033/3164 4830/3034/3173
f 4820/2588/3168 4831/2574/3174 4832/2592/3175
f 4832/2592/3175 4821/2593/1974 4820/2588/3168
f 4833/2591/3176 4821/2593/1974 4832/2592/3175
f 4834/2594/1875 4821/2593/1974 4833/2591/3176
f 4821/2593/1974 4834/2594/1875 4823/2563/2211
f 4823/2563/2211 4834/2594/1875 4835/2561/3177
f 4823/2563/2211 4835/2561/3177 4825/3030/3170
f 4825/3030/3170 4835/2561/3177 4836/3035/1620
f 4826/3031/3171 4825/3030/3170 4836/3035/1620
f 4836/3035/1620 4837/3036/225 4826/3031/3171
f 4826/3031/3171 4837/3036/225 4828/2569/3172
f 4828/2569/3172 4837/3036/225 4838/2559/729
f 4828/2569/3172 4838/2559/729 4829/3033/3164
f 4829/3033/3164 4838/2559/729 4839/3037/3178
f 4839/3037/3178 4819/3028/3167 4829/3033/3164
f 4830/3034/3173 4829/3033/3164 4819/3028/3167
f 4830/3034/3173 4819/3028/3167 4817/2566/359
f 4817/2566/359 4819/3028/3167 4818/2567/131
f 4663/2601/3107 4662/3019/472 4840/3038/1548
f 4840/3038/1548 4841/3039/3179 4663/2601/3107
f 4663/2601/3107 4841/3039/3179 4664/2596/3108
f 4842/3040/112 4664/2596/3108 4841/3039/3179
f 4843/2595/1433 4664/2596/3108 4842/3040/112
f 4664/2596/3108 4843/2595/1433 4665/2597/3109
f 4661/3018/3106 4819/3028/3167 4839/3037/3178
f 4839/3037/3178 4662/3019/472 4661/3018/3106
f 4838/2559/729 4662/3019/472 4839/3037/3178
f 4838/2559/729 4840/3038/1548 4662/3019/472
f 4837/3036/225 4840/3038/1548 4838/2559/729
f 4841/3039/3179 4840/3038/1548 4837/3036/225
f 4836/3035/1620 4841/3039/3179 4837/3036/225
f 4842/3040/112 4841/3039/3179 4836/3035/1620
f 4836/3035/1620 4835/2561/3177 4842/3040/112
f 4842/3040/112 4835/2561/3177 4843/2595/1433
f 4835/2561/3177 4834/2594/1875 4843/2595/1433
f 4843/2595/1433 4834/2594/1875 4665/2597/3109
f 4665/2597/3109 4834/2594/1875 4833/2591/3176
f 4666/2590/2955 4665/2597/3109 4833/2591/3176
f 4833/2591/3176 4844/2576/93 4666/2590/2955
f 4844/2576/93 4667/2578/2526 4666/2590/2955
f 4844/2576/93 4845/2577/2012 4667/2578/2526
f 4668/2579/1816 4667/2578/2526 4845/2577/2012
f 4845/2577/2012 4846/2980/3180 4668/2579/1816
f 4668/2579/1816 4846/2980/3180 4847/2981/404
f 4846/2980/3180 4848/2982/3181 4847/2981/404
f 4848/2982/3181 4849/2976/3182 4847/2981/404
f 4848/2982/3181 4850/2986/696 4849/2976/3182
f 4849/2976/3182 4850/2986/696 4851/2985/2962
f 4850/2986/696 4852/2997/1812 4851/2985/2962
f 4851/2985/2962 4852/2997/1812 4853/2984/2444
f 4854/2991/3183 4853/2984/2444 4852/2997/1812
f 4855/2983/3184 4853/2984/2444 4854/2991/3183
f 4856/2860/703 4855/2983/3184 4854/2991/3183
f 4857/2843/2697 4855/2983/3184 4856/2860/703
f 4858/2853/3185 4857/2843/2697 4856/2860/703
f 4859/2846/329 4857/2843/2697 4858/2853/3185
f 4858/2853/3185 4860/2849/1129 4859/2846/329
f 4859/2846/329 4860/2849/1129 4861/2848/3186
f 4862/2850/1524 4861/2848/3186 4860/2849/1129
f 4863/2863/2832 4861/2848/3186 4862/2850/1524
f 4864/2963/600 4865/2966/1058 4866/2942/3187
f 4867/2692/1805 4864/2963/600 4866/2942/3187
f 4868/2962/161 4864/2963/600 4867/2692/1805
f 4869/2961/3150 4868/2962/161 4867/2692/1805
f 4870/2954/2584 4868/2962/161 4869/2961/3150
f 4869/2961/3150 4871/2960/370 4870/2954/2584
f 4870/2954/2584 4871/2960/370 4872/2955/3188
f 4871/2960/370 4873/2959/317 4872/2955/3188
f 4872/2955/3188 4873/2959/317 4874/2956/1987
f 4874/2956/1987 4873/2959/317 4875/2958/3189
f 4873/2959/317 4876/2970/126 4875/2958/3189
f 4877/2969/2451 4875/2958/3189 4876/2970/126
f 4878/2974/2779 4877/2969/2451 4876/2970/126
f 4878/2974/2779 4879/2968/2059 4877/2969/2451
f 4879/2968/2059 4878/2974/2779 4880/2844/3190
f 4880/2844/3190 4881/2845/2050 4879/2968/2059
f 4881/2845/2050 4880/2844/3190 4857/2843/2697
f 4859/2846/329 4881/2845/2050 4857/2843/2697
f 4876/2970/126 4882/2978/3191 4878/2974/2779
f 4880/2844/3190 4878/2974/2779 4882/2978/3191
f 4853/2984/2444 4883/2977/1147 4851/2985/2962
f 4851/2985/2962 4883/2977/1147 4849/2976/3182
f 4883/2977/1147 4884/2971/3192 4849/2976/3182
f 4857/2843/2697 4880/2844/3190 4855/2983/3184
f 4880/2844/3190 4882/2978/3191 4855/2983/3184
f 4855/2983/3184 4882/2978/3191 4853/2984/2444
f 4882/2978/3191 4883/2977/1147 4853/2984/2444
f 4883/2977/1147 4882/2978/3191 4876/2970/126
f 4876/2970/126 4884/2971/3192 4883/2977/1147
f 4884/2971/3192 4876/2970/126 4873/2959/317
f 4871/2960/370 4884/2971/3192 4873/2959/317
f 4885/2972/3193 4884/2971/3192 4871/2960/370
f 4871/2960/370 4869/2961/3150 4885/2972/3193
f 4885/2972/3193 4869/2961/3150 4886/2973/3194
f 4885/2972/3193 4886/2973/3194 4887/2975/3195
f 4884/2971/3192 4885/2972/3193 4849/2976/3182
f 4849/2976/3182 4885/2972/3193 4887/2975/3195
f 4847/2981/404 4849/2976/3182 4887/2975/3195
f 4847/2981/404 4887/2975/3195 4668/2579/1816
f 4668/2579/1816 4887/2975/3195 4669/2627/3110
f 4887/2975/3195 4886/2973/3194 4669/2627/3110
f 4886/2973/3194 4888/2632/1421 4669/2627/3110
f 4889/2678/3196 4888/2632/1421 4886/2973/3194
f 4890/2667/3197 4888/2632/1421 4889/2678/3196
f 4889/2678/3196 4891/2668/268 4890/2667/3197
f 4891/2668/268 4892/2664/681 4890/2667/3197
f 4892/2664/681 4891/2668/268 4893/2669/760
f 4894/2670/2476 4892/2664/681 4893/2669/760
f 4894/2670/2476 4893/2669/760 4895/3041/642
f 4894/2670/2476 4895/3041/642 4896/2674/3198
f 4896/2674/3198 4895/3041/642 4897/2699/3199
f 4897/2699/3199 4898/2673/3200 4896/2674/3198
f 4897/2699/3199 4899/2700/459 4898/2673/3200
f 4890/2667/3197 4892/2664/681 4900/2665/3177
f 4892/2664/681 4901/2666/3159 4900/2665/3177
f 4901/2666/3159 4892/2664/681 4894/2670/2476
f 4894/2670/2476 4902/2671/3201 4901/2666/3159
f 4900/2665/3177 4901/2666/3159 4903/3042/3202
f 4901/2666/3159 4902/2671/3201 4903/3042/3202
f 4903/3042/3202 4902/2671/3201 4904/2672/3203
f 4896/2674/3198 4902/2671/3201 4894/2670/2476
f 4896/2674/3198 4898/2673/3200 4902/2671/3201
f 4902/2671/3201 4898/2673/3200 4904/2672/3203
f 4904/2672/3203 4898/2673/3200 4905/2659/2360
f 4906/3043/1816 4904/2672/3203 4905/2659/2360
f 4903/3042/3202 4904/2672/3203 4906/3043/1816
f 4907/2657/1934 4903/3042/3202 4906/3043/1816
f 4900/2665/3177 4903/3042/3202 4907/2657/1934
f 4784/2656/515 4900/2665/3177 4907/2657/1934
f 4890/2667/3197 4900/2665/3177 4784/2656/515
f 4890/2667/3197 4784/2656/515 4785/2654/3157
f 4785/2654/3157 4888/2632/1421 4890/2667/3197
f 4785/2654/3157 4786/2631/762 4888/2632/1421
f 4786/2631/762 4799/2626/1546 4888/2632/1421
f 4669/2627/3110 4888/2632/1421 4799/2626/1546
f 4669/2627/3110 4799/2626/1546 4801/2610/457
f 4801/2610/457 4655/2581/461 4669/2627/3110
f 4655/2581/461 4801/2610/457 4654/2609/730
f 4673/2642/2335 4908/2644/746 4670/2643/1873
f 4670/2643/1873 4908/2644/746 4909/2645/3204
f 4908/2644/746 4910/2646/280 4909/2645/3204
f 4909/2645/3204 4910/2646/280 4911/2647/3205
f 4784/2656/515 4907/2657/1934 4673/2642/2335
f 4673/2642/2335 4907/2657/1934 4908/2644/746
f 4907/2657/1934 4906/3043/1816 4908/2644/746
f 4908/2644/746 4906/3043/1816 4910/2646/280
f 4906/3043/1816 4905/2659/2360 4910/2646/280
f 4910/2646/280 4905/2659/2360 4912/2648/3206
f 4910/2646/280 4912/2648/3206 4911/2647/3205
f 4912/2648/3206 4913/2649/3207 4911/2647/3205
f 4914/2680/3208 4915/2681/1052 4916/2679/386
f 4917/2652/3209 4918/2663/3123 4916/2679/386
f 4916/2679/386 4918/2663/3123 4914/2680/3208
f 4919/2694/3210 4914/2680/3208 4918/2663/3123
f 4919/2694/3210 4920/2695/868 4914/2680/3208
f 4919/2694/3210 4921/2696/3211 4920/2695/868
f 4922/2683/3212 4923/2684/3213 4924/2685/2094
f 4922/2683/3212 4925/2682/2043 4923/2684/3213
f 4915/2681/1052 4925/2682/2043 4922/2683/3212
f 4925/2682/2043 4915/2681/1052 4914/2680/3208
f 4926/2702/3214 4925/2682/2043 4914/2680/3208
f 4914/2680/3208 4920/2695/868 4926/2702/3214
f 4927/2697/401 4926/2702/3214 4920/2695/868
f 4920/2695/868 4921/2696/3211 4927/2697/401
f 4927/2697/401 4921/2696/3211 4918/2663/3123
f 4918/2663/3123 4921/2696/3211 4919/2694/3210
f 4899/2700/459 4905/2659/2360 4898/2673/3200
f 4928/2660/485 4905/2659/2360 4899/2700/459
f 4928/2660/485 4912/2648/3206 4905/2659/2360
f 4929/2650/3215 4912/2648/3206 4928/2660/485
f 4929/2650/3215 4913/2649/3207 4912/2648/3206
f 4913/2649/3207 4929/2650/3215 4930/2651/3216
f 4930/2651/3216 4917/2652/3209 4913/2649/3207
f 4931/2662/3217 4917/2652/3209 4930/2651/3216
f 4931/2662/3217 4918/2663/3123 4917/2652/3209
f 4931/2662/3217 4932/2661/3218 4918/2663/3123
f 4932/2661/3218 4927/2697/401 4918/2663/3123
f 4933/2701/1093 4927/2697/401 4932/2661/3218
f 4933/2701/1093 4926/2702/3214 4927/2697/401
f 4933/2701/1093 4934/2698/378 4926/2702/3214
f 4934/2698/378 4925/2682/2043 4926/2702/3214
f 4925/2682/2043 4934/2698/378 4935/2687/3219
f 4925/2682/2043 4935/2687/3219 4923/2684/3213
f 4923/2684/3213 4935/2687/3219 4936/2686/2471
f 4930/2651/3216 4932/2661/3218 4931/2662/3217
f 4929/2650/3215 4932/2661/3218 4930/2651/3216
f 4928/2660/485 4932/2661/3218 4929/2650/3215
f 4928/2660/485 4933/2701/1093 4932/2661/3218
f 4899/2700/459 4933/2701/1093 4928/2660/485
f 4899/2700/459 4934/2698/378 4933/2701/1093
f 4934/2698/378 4899/2700/459 4897/2699/3199
f 4934/2698/378 4897/2699/3199 4935/2687/3219
f 4897/2699/3199 4937/3044/675 4935/2687/3219
f 4895/3041/642 4937/3044/675 4897/2699/3199
f 4937/3044/675 4895/3041/642 4938/2676/2593
f 4895/3041/642 4893/2669/760 4938/2676/2593
f 4893/2669/760 4939/2677/3220 4938/2676/2593
f 4893/2669/760 4891/2668/268 4939/2677/3220
f 4891/2668/268 4889/2678/3196 4939/2677/3220
f 4939/2677/3220 4889/2678/3196 4867/2692/1805
f 4886/2973/3194 4867/2692/1805 4889/2678/3196
f 4869/2961/3150 4867/2692/1805 4886/2973/3194
f 4936/2686/2471 4935/2687/3219 4940/2688/2039
f 4940/2688/2039 4935/2687/3219 4937/3044/675
f 4940/2688/2039 4937/3044/675 4941/2689/3188
f 4941/2689/3188 4937/3044/675 4938/2676/2593
f 4942/2690/2600 4941/2689/3188 4938/2676/2593
f 4938/2676/2593 4939/2677/3220 4942/2690/2600
f 4942/2690/2600 4939/2677/3220 4943/2691/2976
f 4943/2691/2976 4939/2677/3220 4867/2692/1805
f 4943/2691/2976 4867/2692/1805 4944/2693/3221
f 4867/2692/1805 4866/2942/3187 4944/2693/3221
f 4944/2693/3221 4866/2942/3187 4945/2939/455
f 4866/2942/3187 4946/2943/3222 4945/2939/455
f 4945/2939/455 4946/2943/3222 4947/2938/515
f 4945/2939/455 4947/2938/515 4948/3045/899
f 4949/2933/657 4945/2939/455 4948/3045/899
f 4950/2930/2854 4941/2689/3188 4942/2690/2600
f 4950/2930/2854 4942/2690/2600 4951/2932/3223
f 4951/2932/3223 4942/2690/2600 4943/2691/2976
f 4949/2933/657 4951/2932/3223 4943/2691/2976
f 4949/2933/657 4943/2691/2976 4944/2693/3221
f 4944/2693/3221 4945/2939/455 4949/2933/657
f 4924/2685/2094 4923/2684/3213 4936/2686/2471
f 4936/2686/2471 4940/2688/2039 4924/2685/2094
f 4924/2685/2094 4940/2688/2039 4952/2940/2093
f 4941/2689/3188 4952/2940/2093 4940/2688/2039
f 4953/2931/1449 4952/2940/2093 4941/2689/3188
f 4941/2689/3188 4950/2930/2854 4953/2931/1449
f 4953/2931/1449 4950/2930/2854 3877/1667/3011
f 3877/1667/3011 4950/2930/2854 4951/2932/3223
f 3877/1667/3011 4951/2932/3223 3878/1666/1210
f 4949/2933/657 3878/1666/1210 4951/2932/3223
f 4954/3046/3224 3878/1666/1210 4949/2933/657
f 4949/2933/657 4948/3045/899 4954/3046/3224
f 4948/3045/899 4955/2937/3225 4954/3046/3224
f 4948/3045/899 4947/2938/515 4955/2937/3225
f 4947/2938/515 4956/2944/3226 4955/2937/3225
f 4947/2938/515 4946/2943/3222 4956/2944/3226
f 4946/2943/3222 4865/2966/1058 4956/2944/3226
f 4866/2942/3187 4865/2966/1058 4946/2943/3222
f 4957/3047/575 4958/2922/3227 4959/3048/1483
f 4959/3048/1483 4958/2922/3227 4960/2910/1023
f 4958/2922/3227 4961/3049/1047 4960/2910/1023
f 4961/3049/1047 4958/2922/3227 4962/2929/1831
f 4962/2929/1831 4958/2922/3227 4957/3047/575
f 4957/3047/575 4963/2928/2395 4962/2929/1831
f 4964/2927/2551 4963/2928/2395 4957/3047/575
f 4959/3048/1483 4964/2927/2551 4957/3047/575
f 4965/2920/1483 4964/2927/2551 4959/3048/1483
f 4959/3048/1483 4966/2912/1488 4965/2920/1483
f 4960/2910/1023 4966/2912/1488 4959/3048/1483
f 4960/2910/1023 4967/2911/378 4966/2912/1488
f 4961/3049/1047 4967/2911/378 4960/2910/1023
f 4967/2911/378 4961/3049/1047 4968/2924/479
f 4961/3049/1047 4962/2929/1831 4968/2924/479
f 4968/2924/479 4962/2929/1831 4969/2926/3228
f 4969/2926/3228 4962/2929/1831 4963/2928/2395
f 4963/2928/2395 4970/2925/3229 4969/2926/3228
f 4963/2928/2395 4971/2936/2014 4970/2925/3229
f 4970/2925/3229 4971/2936/2014 4972/2935/2910
f 3878/1666/1210 4972/2935/2910 4971/2936/2014
f 4954/3046/3224 4972/2935/2910 3878/1666/1210
f 4954/3046/3224 4955/2937/3225 4972/2935/2910
f 4972/2935/2910 4955/2937/3225 4973/2916/3103
f 4966/2912/1488 4967/2911/378 4974/2913/1113
f 4974/2913/1113 4967/2911/378 4975/2914/2476
f 4967/2911/378 4976/2915/469 4975/2914/2476
f 4968/2924/479 4976/2915/469 4967/2911/378
f 4973/2916/3103 4970/2925/3229 4972/2935/2910
f 4966/2912/1488 4977/2919/3230 4965/2920/1483
f 4974/2913/1113 4977/2919/3230 4966/2912/1488
f 4978/2918/3011 4977/2919/3230 4974/2913/1113
f 4975/2914/2476 4978/2918/3011 4974/2913/1113
f 4979/2917/3231 4978/2918/3011 4975/2914/2476
f 4975/2914/2476 4973/2916/3103 4979/2917/3231
f 4976/2915/469 4973/2916/3103 4975/2914/2476
f 4976/2915/469 4970/2925/3229 4973/2916/3103
f 4976/2915/469 4968/2924/479 4970/2925/3229
f 4970/2925/3229 4968/2924/479 4969/2926/3228
f 4978/2918/3011 4980/2941/2416 4977/2919/3230
f 4868/2962/161 4870/2954/2584 4981/2953/889
f 4981/2953/889 4864/2963/600 4868/2962/161
f 4982/2964/1326 4864/2963/600 4981/2953/889
f 4982/2964/1326 4865/2966/1058 4864/2963/600
f 4983/2967/475 4865/2966/1058 4982/2964/1326
f 4956/2944/3226 4865/2966/1058 4983/2967/475
f 4956/2944/3226 4983/2967/475 4984/2945/3232
f 4955/2937/3225 4956/2944/3226 4984/2945/3232
f 4973/2916/3103 4955/2937/3225 4984/2945/3232
f 4984/2945/3232 4985/2946/1533 4973/2916/3103
f 4973/2916/3103 4985/2946/1533 4979/2917/3231
f 4979/2917/3231 4985/2946/1533 4986/2947/639
f 4979/2917/3231 4986/2947/639 4978/2918/3011
f 4986/2947/639 4987/2948/2768 4978/2918/3011
f 4987/2948/2768 4980/2941/2416 4978/2918/3011
f 4987/2948/2768 4988/2949/807 4980/2941/2416
f 4980/2941/2416 4988/2949/807 4989/2950/3233
f 4989/2950/3233 4988/2949/807 4990/2951/3234
f 4990/2951/3234 4988/2949/807 3515/2720/2548
f 3515/2720/2548 4991/2952/910 4990/2951/3234
f 3515/2720/2548 3514/2719/2547 4991/2952/910
f 4984/2945/3232 4983/2967/475 4985/2946/1533
f 4983/2967/475 4982/2964/1326 4985/2946/1533
f 4985/2946/1533 4982/2964/1326 4992/2965/630
f 4986/2947/639 4985/2946/1533 4992/2965/630
f 4992/2965/630 4987/2948/2768 4986/2947/639
f 4988/2949/807 4987/2948/2768 4992/2965/630
f 4988/2949/807 4992/2965/630 3515/2720/2548
f 4992/2965/630 4982/2964/1326 3515/2720/2548
f 3515/2720/2548 4982/2964/1326 4981/2953/889
f 4981/2953/889 3510/2715/1070 3515/2720/2548
f 4981/2953/889 3508/2713/1070 3510/2715/1070
f 4870/2954/2584 3508/2713/1070 4981/2953/889
f 4870/2954/2584 3505/2710/213 3508/2713/1070
f 4872/2955/3188 3505/2710/213 4870/2954/2584
f 4872/2955/3188 3503/2708/2540 3505/2710/213
f 4874/2956/1987 3503/2708/2540 4872/2955/3188
f 4993/2957/3235 3503/2708/2540 4874/2956/1987
f 4874/2956/1987 4875/2958/3189 4993/2957/3235
f 4993/2957/3235 4875/2958/3189 4994/2903/1986
f 4994/2903/1986 4875/2958/3189 4877/2969/2451
f 4877/2969/2451 4995/2905/1368 4994/2903/1986
f 4877/2969/2451 4879/2968/2059 4995/2905/1368
f 4879/2968/2059 4996/2907/2832 4995/2905/1368
f 4879/2968/2059 4881/2845/2050 4996/2907/2832
f 4997/2847/3236 4996/2907/2832 4881/2845/2050
f 4997/2847/3236 4881/2845/2050 4859/2846/329
f 4861/2848/3186 4997/2847/3236 4859/2846/329
f 3501/2706/2538 4998/2901/1027 3499/2704/247
f 4993/2957/3235 4998/2901/1027 3501/2706/2538
f 3501/2706/2538 3503/2708/2540 4993/2957/3235
f 4993/2957/3235 4994/2903/1986 4998/2901/1027
f 4999/2896/2693 5000/2892/3237 5001/2897/3238
f 5001/2897/3238 5000/2892/3237 5002/2898/3239
f 5001/2897/3238 5002/2898/3239 5003/2899/2637
f 5003/2899/2637 5002/2898/3239 3500/2705/1362
f 3500/2705/1362 3499/2704/247 5003/2899/2637
f 5003/2899/2637 3499/2704/247 5004/2900/206
f 5004/2900/206 3499/2704/247 4998/2901/1027
f 4998/2901/1027 5005/2902/833 5004/2900/206
f 4998/2901/1027 4994/2903/1986 5005/2902/833
f 5005/2902/833 4994/2903/1986 5006/2904/3240
f 4994/2903/1986 4995/2905/1368 5006/2904/3240
f 4995/2905/1368 5007/2906/1987 5006/2904/3240
f 4995/2905/1368 4996/2907/2832 5007/2906/1987
f 5007/2906/1987 4996/2907/2832 5008/2887/2417
f 5008/2887/2417 4996/2907/2832 5009/2875/1492
f 5008/2887/2417 5009/2875/1492 5010/2874/2443
f 5009/2875/1492 5011/2869/3241 5010/2874/2443
f 5010/2874/2443 5011/2869/3241 5012/2876/3242
f 5004/2900/206 5005/2902/833 5006/2904/3240
f 5006/2904/3240 5003/2899/2637 5004/2900/206
f 5001/2897/3238 5003/2899/2637 5006/2904/3240
f 5013/2908/3243 5001/2897/3238 5006/2904/3240
f 5006/2904/3240 5007/2906/1987 5013/2908/3243
f 5013/2908/3243 5007/2906/1987 5014/2889/215
f 5007/2906/1987 5008/2887/2417 5014/2889/215
f 5015/2884/2635 5016/2523/1973 5017/2895/3244
f 5017/2895/3244 5018/2885/852 5015/2884/2635
f 5017/2895/3244 5019/2894/2871 5018/2885/852
f 5018/2885/852 5019/2894/2871 5020/2886/3245
f 5019/2894/2871 5021/2888/3029 5020/2886/3245
f 5022/2893/893 5021/2888/3029 5019/2894/2871
f 5021/2888/3029 5022/2893/893 5023/2890/3246
f 5023/2890/3246 5022/2893/893 5024/2891/3247
f 5000/2892/3237 5023/2890/3246 5024/2891/3247
f 4999/2896/2693 5001/2897/3238 5013/2908/3243
f 5013/2908/3243 5014/2889/215 4999/2896/2693
f 5025/2881/3248 5026/2879/2544 5027/2880/3249
f 5028/2878/1991 5026/2879/2544 5025/2881/3248
f 5029/2877/3250 5028/2878/1991 5025/2881/3248
f 5030/2882/3251 5029/2877/3250 5025/2881/3248
f 5027/2880/3249 5030/2882/3251 5025/2881/3248
f 5031/2883/3252 5030/2882/3251 5027/2880/3249
f 5027/2880/3249 5032/2525/3253 5031/2883/3252
f 5031/2883/3252 5032/2525/3253 5016/2523/1973
f 5016/2523/1973 5030/2882/3251 5031/2883/3252
f 5015/2884/2635 5030/2882/3251 5016/2523/1973
f 5015/2884/2635 5029/2877/3250 5030/2882/3251
f 5018/2885/852 5029/2877/3250 5015/2884/2635
f 5018/2885/852 5012/2876/3242 5029/2877/3250
f 5020/2886/3245 5012/2876/3242 5018/2885/852
f 5010/2874/2443 5012/2876/3242 5020/2886/3245
f 5020/2886/3245 5008/2887/2417 5010/2874/2443
f 5021/2888/3029 5008/2887/2417 5020/2886/3245
f 5014/2889/215 5008/2887/2417 5021/2888/3029
f 5023/2890/3246 5014/2889/215 5021/2888/3029
f 4999/2896/2693 5014/2889/215 5023/2890/3246
f 4999/2896/2693 5023/2890/3246 5000/2892/3237
f 5033/2871/2426 5034/2870/3254 4863/2863/2832
f 4863/2863/2832 5034/2870/3254 5035/2868/2997
f 5035/2868/2997 5011/2869/3241 4863/2863/2832
f 4863/2863/2832 5011/2869/3241 4861/2848/3186
f 5011/2869/3241 4997/2847/3236 4861/2848/3186
f 4997/2847/3236 5011/2869/3241 5009/2875/1492
f 5009/2875/1492 4996/2907/2832 4997/2847/3236
f 5016/2523/1973 5032/2525/3253 5036/2524/3255
f 5036/2524/3255 5032/2525/3253 5037/2526/623
f 5037/2526/623 5038/2527/138 5036/2524/3255
f 5012/2876/3242 5011/2869/3241 5035/2868/2997
f 5012/2876/3242 5035/2868/2997 5029/2877/3250
f 5029/2877/3250 5035/2868/2997 5034/2870/3254
f 5034/2870/3254 5028/2878/1991 5029/2877/3250
f 5033/2871/2426 5028/2878/1991 5034/2870/3254
f 5026/2879/2544 5028/2878/1991 5033/2871/2426
f 5033/2871/2426 5039/2872/2758 5026/2879/2544
f 5026/2879/2544 5039/2872/2758 5027/2880/3249
f 5027/2880/3249 5039/2872/2758 5040/2873/3256
f 5027/2880/3249 5040/2873/3256 5032/2525/3253
f 5040/2873/3256 5041/2505/3257 5032/2525/3253
f 5032/2525/3253 5041/2505/3257 5037/2526/623
f 5037/2526/623 5041/2505/3257 5042/2504/601
f 5042/2504/601 5038/2527/138 5037/2526/623
f 5043/2489/3258 5038/2527/138 5042/2504/601
f 5044/2490/3259 5038/2527/138 5043/2489/3258
f 4434/2491/2993 5044/2490/3259 5043/2489/3258
f 4447/2492/3002 5044/2490/3259 4434/2491/2993
f 5045/2501/3260 5046/2503/1074 5047/2502/857
f 5048/2508/3261 5046/2503/1074 5045/2501/3260
f 5049/2509/3262 5046/2503/1074 5048/2508/3261
f 5049/2509/3262 5042/2504/601 5046/2503/1074
f 5047/2502/857 5046/2503/1074 5042/2504/601
f 5042/2504/601 5041/2505/3257 5047/2502/857
f 5041/2505/3257 5050/2506/3263 5047/2502/857
f 5050/2506/3263 5051/2507/542 5047/2502/857
f 5047/2502/857 5051/2507/542 5045/2501/3260
f 5045/2501/3260 5051/2507/542 5048/2508/3261
f 5043/2489/3258 5042/2504/601 5049/2509/3262
f 4862/2850/1524 5052/2864/2184 4863/2863/2832
f 4863/2863/2832 5052/2864/2184 5033/2871/2426
f 5053/2867/3264 5033/2871/2426 5052/2864/2184
f 5053/2867/3264 5039/2872/2758 5033/2871/2426
f 5054/2511/3264 5039/2872/2758 5053/2867/3264
f 5039/2872/2758 5054/2511/3264 5040/2873/3256
f 5040/2873/3256 5054/2511/3264 5041/2505/3257
f 5054/2511/3264 5050/2506/3263 5041/2505/3257
f 5050/2506/3263 5054/2511/3264 5055/2510/3264
f 5050/2506/3263 5055/2510/3264 5051/2507/542
f 5051/2507/542 5055/2510/3264 4418/2512/2981
f 4418/2512/2981 5048/2508/3261 5051/2507/542
f 4420/2513/2983 5048/2508/3261 4418/2512/2981
f 5048/2508/3261 4420/2513/2983 5049/2509/3262
f 5049/2509/3262 4420/2513/2983 4422/2514/2985
f 5049/2509/3262 4422/2514/2985 5043/2489/3258
f 4422/2514/2985 4423/2515/2986 5043/2489/3258
f 4423/2515/2986 4434/2491/2993 5043/2489/3258
f 5055/2510/3264 5054/2511/3264 5053/2867/3264
f 5055/2510/3264 5053/2867/3264 5056/2866/1436
f 5055/2510/3264 5056/2866/1436 4418/2512/2981
f 4418/2512/2981 5056/2866/1436 4416/2522/2979
f 5056/2866/1436 5057/2857/2036 4416/2522/2979
f 4416/2522/2979 5057/2857/2036 4414/2856/2978
f 5057/2857/2036 5058/2832/1038 4414/2856/2978
f 5058/2832/1038 4412/2855/60 4414/2856/2978
f 4412/2855/60 5058/2832/1038 5059/2833/3265
f 4410/2854/2977 4412/2855/60 5059/2833/3265
f 4856/2860/703 4854/2991/3183 5060/2990/1620
f 5061/2859/3266 4856/2860/703 5060/2990/1620
f 4856/2860/703 5061/2859/3266 4858/2853/3185
f 5061/2859/3266 4860/2849/1129 4858/2853/3185
f 5060/2990/1620 5062/2992/2364 5061/2859/3266
f 5063/2788/44 5064/2791/2681 5062/2992/2364
f 5062/2992/2364 5064/2791/2681 5065/2794/3267
f 5062/2992/2364 5065/2794/3267 5061/2859/3266
f 5065/2794/3267 5066/2796/3268 5061/2859/3266
f 5066/2796/3268 4860/2849/1129 5061/2859/3266
f 5066/2796/3268 5067/2851/388 4860/2849/1129
f 4860/2849/1129 5067/2851/388 4862/2850/1524
f 5068/2852/363 4862/2850/1524 5067/2851/388
f 5052/2864/2184 4862/2850/1524 5068/2852/363
f 5068/2852/363 5069/2865/302 5052/2864/2184
f 5052/2864/2184 5069/2865/302 5053/2867/3264
f 5056/2866/1436 5053/2867/3264 5069/2865/302
f 5070/2858/3269 5056/2866/1436 5069/2865/302
f 5057/2857/2036 5056/2866/1436 5070/2858/3269
f 5070/2858/3269 5071/2835/2928 5057/2857/2036
f 5071/2835/2928 5058/2832/1038 5057/2857/2036
f 5071/2835/2928 5072/2834/3270 5058/2832/1038
f 5059/2833/3265 5058/2832/1038 5072/2834/3270
f 5069/2865/302 5068/2852/363 5070/2858/3269
f 5068/2852/363 5073/2831/3271 5070/2858/3269
f 5074/2798/3272 5073/2831/3271 5068/2852/363
f 5067/2851/388 5074/2798/3272 5068/2852/363
f 5066/2796/3268 5074/2798/3272 5067/2851/388
f 5075/2836/2441 5072/2834/3270 5071/2835/2928
f 5075/2836/2441 5071/2835/2928 5073/2831/3271
f 5073/2831/3271 5071/2835/2928 5070/2858/3269
f 4342/2801/1414 5076/2830/3273 5077/2799/3274
f 4367/2829/2775 5076/2830/3273 4342/2801/1414
f 5078/2837/1263 5076/2830/3273 4367/2829/2775
f 4367/2829/2775 4366/2838/2957 5078/2837/1263
f 5078/2837/1263 4366/2838/2957 5079/2841/771
f 4366/2838/2957 4364/2842/913 5079/2841/771
f 5079/2841/771 4364/2842/913 5080/2545/1300
f 4364/2842/913 4362/2543/2395 5080/2545/1300
f 5080/2545/1300 4362/2543/2395 4369/2544/2958
f 4361/2542/2379 4369/2544/2958 4362/2543/2395
f 5081/2795/1185 5066/2796/3268 5065/2794/3267
f 5082/2797/1902 5066/2796/3268 5081/2795/1185
f 5074/2798/3272 5066/2796/3268 5082/2797/1902
f 5077/2799/3274 5074/2798/3272 5082/2797/1902
f 5073/2831/3271 5074/2798/3272 5077/2799/3274
f 5076/2830/3273 5073/2831/3271 5077/2799/3274
f 5075/2836/2441 5073/2831/3271 5076/2830/3273
f 5078/2837/1263 5075/2836/2441 5076/2830/3273
f 5072/2834/3270 5075/2836/2441 5078/2837/1263
f 5079/2841/771 5072/2834/3270 5078/2837/1263
f 5059/2833/3265 5072/2834/3270 5079/2841/771
f 5079/2841/771 5080/2545/1300 5059/2833/3265
f 5059/2833/3265 5080/2545/1300 4410/2854/2977
f 5080/2545/1300 4369/2544/2958 4410/2854/2977
f 4410/2854/2977 4369/2544/2958 4407/2555/2975
f 4368/2547/1282 4407/2555/2975 4369/2544/2958
f 4375/2556/2960 4407/2555/2975 4368/2547/1282
f 4370/2548/1286 4375/2556/2960 4368/2547/1282
f 4343/2804/2950 4340/2802/2949 5083/2805/3275
f 5084/2800/2390 5083/2805/3275 4340/2802/2949
f 5085/2806/2330 5083/2805/3275 5084/2800/2390
f 5086/2803/1253 5085/2806/2330 5084/2800/2390
f 5087/2807/3255 5085/2806/2330 5086/2803/1253
f 5088/2793/2440 5089/2792/2680 5090/2808/3276
f 5090/2808/3276 5087/2807/3255 5088/2793/2440
f 5088/2793/2440 5087/2807/3255 5086/2803/1253
f 5082/2797/1902 5088/2793/2440 5086/2803/1253
f 5086/2803/1253 5084/2800/2390 5082/2797/1902
f 5082/2797/1902 5084/2800/2390 5077/2799/3274
f 5077/2799/3274 5084/2800/2390 4342/2801/1414
f 4342/2801/1414 5084/2800/2390 4340/2802/2949
f 5081/2795/1185 5088/2793/2440 5082/2797/1902
f 5091/3004/1937 5092/3000/2381 5093/3006/1345
f 5093/3006/1345 5094/3007/3277 5091/3004/1937
f 5091/3004/1937 5094/3007/3277 5095/2996/2251
f 5094/3007/3277 5096/3008/3278 5095/2996/2251
f 5095/2996/2251 5096/3008/3278 5097/2998/3279
f 5097/2998/3279 5096/3008/3278 5098/2783/3280
f 5098/2783/3280 5099/2784/2852 5097/2998/3279
f 5098/2783/3280 5100/2785/3281 5099/2784/2852
f 5100/2785/3281 5101/2786/3282 5099/2784/2852
f 5102/2787/2992 5101/2786/3282 5100/2785/3281
f 5102/2787/2992 5063/2788/44 5101/2786/3282
f 5103/2789/2680 5063/2788/44 5102/2787/2992
f 5103/2789/2680 5104/2790/3283 5063/2788/44
f 5104/2790/3283 5064/2791/2681 5063/2788/44
f 5089/2792/2680 5064/2791/2681 5104/2790/3283
f 5064/2791/2681 5089/2792/2680 5088/2793/2440
f 5064/2791/2681 5088/2793/2440 5065/2794/3267
f 5065/2794/3267 5088/2793/2440 5081/2795/1185
f 5105/3001/1602 5092/3000/2381 5106/2999/1298
f 5106/2999/1298 5092/3000/2381 5107/3002/1839
f 5092/3000/2381 5108/3003/3284 5107/3002/1839
f 5091/3004/1937 5108/3003/3284 5092/3000/2381
f 5108/3003/3284 5091/3004/1937 5095/2996/2251
f 5095/2996/2251 5109/2995/2606 5108/3003/3284
f 5109/2995/2606 5107/3002/1839 5108/3003/3284
f 5110/2994/3285 5107/3002/1839 5109/2995/2606
f 5110/2994/3285 5106/2999/1298 5107/3002/1839
f 5111/2993/1418 5106/2999/1298 5110/2994/3285
f 5105/3001/1602 5106/2999/1298 5111/2993/1418
f 5111/2993/1418 5112/3005/3286 5105/3001/1602
f 5112/3005/3286 5092/3000/2381 5105/3001/1602
f 5093/3006/1345 5092/3000/2381 5112/3005/3286
f 5094/3007/3277 5113/3010/3287 5114/3012/699
f 5114/3012/699 5096/3008/3278 5094/3007/3277
f 5115/3009/3288 5112/3005/3286 5111/2993/1418
f 3708/1675/3289 3707/1676/3290 5113/3010/3287
f 3708/1675/3289 5113/3010/3287 5094/3007/3277
f 5094/3007/3277 5116/3011/3291 3708/1675/3289
f 5116/3011/3291 5094/3007/3277 5093/3006/1345
f 5093/3006/1345 5112/3005/3286 5116/3011/3291
f 5116/3011/3291 5112/3005/3286 5115/3009/3288
f 3708/1675/3289 5116/3011/3291 5115/3009/3288
f 5111/2993/1418 3708/1675/3289 5115/3009/3288
f 5117/2987/451 3708/1675/3289 5111/2993/1418
f 5111/2993/1418 5110/2994/3285 5117/2987/451
f 5110/2994/3285 5109/2995/2606 5117/2987/451
f 5117/2987/451 5109/2995/2606 4850/2986/696
f 4850/2986/696 5109/2995/2606 5095/2996/2251
f 5095/2996/2251 4852/2997/1812 4850/2986/696
f 5097/2998/3279 4852/2997/1812 5095/2996/2251
f 5097/2998/3279 4854/2991/3183 4852/2997/1812
f 5060/2990/1620 4854/2991/3183 5097/2998/3279
f 5097/2998/3279 5099/2784/2852 5060/2990/1620
f 5060/2990/1620 5099/2784/2852 5101/2786/3282
f 5060/2990/1620 5101/2786/3282 5062/2992/2364
f 5062/2992/2364 5101/2786/3282 5063/2788/44
f 4832/2592/3175 4831/2574/3174 4833/2591/3176
f 4833/2591/3176 4831/2574/3174 4844/2576/93
f 4844/2576/93 4831/2574/3174 5118/2575/2992
f 5118/2575/2992 4845/2577/2012 4844/2576/93
f 5118/2575/2992 5119/2979/623 4845/2577/2012
f 5119/2979/623 4846/2980/3180 4845/2577/2012
f 5117/2987/451 3706/1677/1360 3708/1675/3289
f 3707/1676/3290 3706/1677/1360 5120/2988/3292
f 4850/2986/696 4848/2982/3181 5117/2987/451
f 5117/2987/451 4848/2982/3181 4846/2980/3180
f 4846/2980/3180 3706/1677/1360 5117/2987/451
f 3706/1677/1360 4846/2980/3180 5119/2979/623
f 5120/2988/3292 3706/1677/1360 5119/2979/623
f 5120/2988/3292 5119/2979/623 5121/2989/3293
f 5121/2989/3293 5119/2979/623 5118/2575/2992
f 5122/2573/3294 5121/2989/3293 5118/2575/2992
f 5118/2575/2992 4831/2574/3174 5122/2573/3294
f 4831/2574/3174 5123/2570/1886 5122/2573/3294
f 5124/2587/3169 5123/2570/1886 4831/2574/3174
f 5124/2587/3169 4831/2574/3174 4820/2588/3168
f 5125/2572/2466 5126/2571/3295 5123/2570/1886
f 5123/2570/1886 5126/2571/3295 5122/2573/3294
f 5126/2571/3295 5121/2989/3293 5122/2573/3294
f 5127/3050/3296 5128/3051/3296 5129/3052/2106
f 5130/3053/3217 5131/3054/2887 5132/3055/1191
f 5130/3053/3217 5132/3055/1191 5133/3056/3297
f 5134/3057/3298 5130/3053/3217 5133/3056/3297
f 5134/3057/3298 5133/3056/3297 5135/3058/3299
f 5135/3058/3299 5133/3056/3297 5136/3059/86
f 5133/3056/3297 5137/3060/281 5136/3059/86
f 5133/3056/3297 5132/3055/1191 5137/3060/281
f 5132/3055/1191 5138/3061/1625 5137/3060/281
f 5138/3061/1625 5132/3055/1191 5139/3062/1358
f 5132/3055/1191 5131/3054/2887 5139/3062/1358
f 5139/3062/1358 5131/3054/2887 5140/3063/1591
f 5141/3064/3300 5140/3063/1591 5131/3054/2887
f 5142/3065/3301 5140/3063/1591 5141/3064/3300
f 5143/3066/3302 5142/3065/3301 5141/3064/3300
f 5144/3067/3303 5145/3068/87 5134/3057/3298
f 5135/3058/3299 5144/3067/3303 5134/3057/3298
f 5135/3058/3299 5146/3069/2222 5144/3067/3303
f 5135/3058/3299 5136/3059/86 5146/3069/2222
f 5146/3069/2222 5136/3059/86 5147/3070/3304
f 5147/3070/3304 5136/3059/86 5148/3071/795
f 5136/3059/86 5137/3060/281 5148/3071/795
f 5149/3072/3305 5148/3071/795 5137/3060/281
f 5137/3060/281 5138/3061/1625 5149/3072/3305
f 5150/3073/167 5149/3072/3305 5138/3061/1625
f 5139/3062/1358 5150/3073/167 5138/3061/1625
f 5151/3074/3306 5150/3073/167 5139/3062/1358
f 5139/3062/1358 5140/3063/1591 5151/3074/3306
f 5151/3074/3306 5140/3063/1591 5152/3075/97
f 5140/3063/1591 5142/3065/3301 5152/3075/97
f 5153/3076/2389 5152/3075/97 5142/3065/3301
f 5153/3076/2389 5142/3065/3301 5143/3066/3302
f 5143/3066/3302 5154/3077/505 5153/3076/2389
f 5155/3078/1179 5148/3071/795 5149/3072/3305
f 5145/3068/87 5156/3079/3307 5157/3080/3308
f 5157/3080/3308 5156/3079/3307 5158/3081/2000
f 5144/3067/3303 5158/3081/2000 5156/3079/3307
f 5159/3082/1444 5158/3081/2000 5144/3067/3303
f 5144/3067/3303 5146/3069/2222 5159/3082/1444
f 5160/3083/3309 5159/3082/1444 5146/3069/2222
f 5146/3069/2222 5147/3070/3304 5160/3083/3309
f 5160/3083/3309 5147/3070/3304 5161/3084/649
f 5148/3071/795 5161/3084/649 5147/3070/3304
f 5162/3085/3310 5161/3084/649 5148/3071/795
f 5155/3078/1179 5162/3085/3310 5148/3071/795
f 5163/3086/3311 5162/3085/3310 5155/3078/1179
f 5155/3078/1179 5149/3072/3305 5163/3086/3311
f 5163/3086/3311 5149/3072/3305 5164/3087/3312
f 5164/3087/3312 5149/3072/3305 5150/3073/167
f 5165/3088/3313 5164/3087/3312 5150/3073/167
f 5151/3074/3306 5165/3088/3313 5150/3073/167
f 5166/3089/585 5165/3088/3313 5151/3074/3306
f 5167/3090/3314 5168/3091/79 5169/3092/79
f 5170/3093/2324 5169/3092/79 5168/3091/79
f 5171/3094/620 5169/3092/79 5170/3093/2324
f 5171/3094/620 5170/3093/2324 5172/3095/3315
f 5173/3096/1958 5174/3097/3316 5175/3098/1731
f 5174/3097/3316 5176/3099/9 5175/3098/1731
f 5175/3098/1731 5176/3099/9 5177/3100/2999
f 5176/3099/9 5178/3101/3317 5177/3100/2999
f 5177/3100/2999 5178/3101/3317 5179/3102/3318
f 5178/3101/3317 5157/3080/3308 5179/3102/3318
f 5179/3102/3318 5157/3080/3308 5167/3090/3314
f 5157/3080/3308 5168/3091/79 5167/3090/3314
f 5157/3080/3308 5158/3081/2000 5168/3091/79
f 5158/3081/2000 5159/3082/1444 5168/3091/79
f 5168/3091/79 5159/3082/1444 5170/3093/2324
f 5170/3093/2324 5159/3082/1444 5160/3083/3309
f 5172/3095/3315 5170/3093/2324 5160/3083/3309
f 5160/3083/3309 5161/3084/649 5172/3095/3315
f 5172/3095/3315 5161/3084/649 5180/3103/1938
f 5161/3084/649 5162/3085/3310 5180/3103/1938
f 5156/3079/3307 5145/3068/87 5144/3067/3303
f 5181/3104/3319 5182/3105/776 5183/3106/3320
f 5182/3105/776 5184/3107/3218 5183/3106/3320
f 5183/3106/3320 5184/3107/3218 5185/3108/3321
f 5184/3107/3218 5186/3109/3322 5185/3108/3321
f 5185/3108/3321 5186/3109/3322 5173/3096/1958
f 5186/3109/3322 5174/3097/3316 5173/3096/1958
f 5186/3109/3322 5187/3110/3323 5174/3097/3316
f 5174/3097/3316 5187/3110/3323 5176/3099/9
f 5187/3110/3323 5188/3111/2631 5176/3099/9
f 5176/3099/9 5188/3111/2631 5178/3101/3317
f 5188/3111/2631 5145/3068/87 5178/3101/3317
f 5178/3101/3317 5145/3068/87 5157/3080/3308
f 5187/3110/3323 5189/3112/1587 5188/3111/2631
f 5188/3111/2631 5189/3112/1587 5145/3068/87
f 5184/3107/3218 5182/3105/776 5190/3113/2528
f 5184/3107/3218 5190/3113/2528 5186/3109/3322
f 5186/3109/3322 5190/3113/2528 5191/3114/2388
f 5191/3114/2388 5187/3110/3323 5186/3109/3322
f 5191/3114/2388 5189/3112/1587 5187/3110/3323
f 5191/3114/2388 5190/3113/2528 5189/3112/1587
f 5189/3112/1587 5190/3113/2528 5145/3068/87
f 5145/3068/87 5190/3113/2528 5134/3057/3298
f 5151/3074/3306 5152/3075/97 5166/3089/585
f 5166/3089/585 5152/3075/97 5192/3115/1715
f 5152/3075/97 5193/3116/648 5192/3115/1715
f 5193/3116/648 5152/3075/97 5153/3076/2389
f 5194/3117/3324 5193/3116/648 5153/3076/2389
f 5153/3076/2389 5154/3077/505 5194/3117/3324
f 5154/3077/505 5195/3118/3325 5194/3117/3324
f 5143/3066/3302 5195/3118/3325 5154/3077/505
f 5196/3119/2893 5195/3118/3325 5143/3066/3302
f 5141/3064/3300 5196/3119/2893 5143/3066/3302
f 5197/3120/3326 5196/3119/2893 5141/3064/3300
f 5197/3120/3326 5141/3064/3300 5131/3054/2887
f 5197/3120/3326 5131/3054/2887 5198/3121/3327
f 5198/3121/3327 5131/3054/2887 5130/3053/3217
f 5198/3121/3327 5130/3053/3217 5181/3104/3319
f 5130/3053/3217 5134/3057/3298 5181/3104/3319
f 5134/3057/3298 5182/3105/776 5181/3104/3319
f 5190/3113/2528 5182/3105/776 5134/3057/3298
f 5199/3122/3328 5200/3123/3329 5201/3124/1074
f 5202/3125/1572 5200/3123/3329 5199/3122/3328
f 5203/3126/2222 5202/3125/1572 5199/3122/3328
f 5204/3127/3330 5202/3125/1572 5203/3126/2222
f 5204/3127/3330 5203/3126/2222 5205/3128/3331
f 5205/3128/3331 5203/3126/2222 5206/3129/2860
f 5206/3129/2860 5207/3130/3332 5205/3128/3331
f 5208/3131/2324 5201/3124/1074 5209/3132/2054
f 5209/3132/2054 5201/3124/1074 5200/3123/3329
f 5209/3132/2054 5200/3123/3329 5210/3133/1925
f 5210/3133/1925 5200/3123/3329 5211/3134/3333
f 5202/3125/1572 5211/3134/3333 5200/3123/3329
f 5212/3135/2947 5211/3134/3333 5202/3125/1572
f 5204/3127/3330 5212/3135/2947 5202/3125/1572
f 5195/3118/3325 5212/3135/2947 5204/3127/3330
f 5195/3118/3325 5204/3127/3330 5194/3117/3324
f 5194/3117/3324 5204/3127/3330 5205/3128/3331
f 5205/3128/3331 5193/3116/648 5194/3117/3324
f 5205/3128/3331 5207/3130/3332 5193/3116/648
f 5193/3116/648 5207/3130/3332 5192/3115/1715
f 5213/3136/3334 5214/3137/3335 5215/3138/3336
f 5216/3139/3337 5215/3138/3336 5214/3137/3335
f 5214/3137/3335 5217/3140/1620 5216/3139/3337
f 5216/3139/3337 5217/3140/1620 5218/3141/99
f 5219/3142/1843 5220/3143/815 5221/3144/3338
f 5221/3144/3338 5216/3139/3337 5219/3142/1843
f 5216/3139/3337 5218/3141/99 5219/3142/1843
f 5219/3142/1843 5218/3141/99 5222/3145/3339
f 5198/3121/3327 5220/3143/815 5197/3120/3326
f 5197/3120/3326 5220/3143/815 5219/3142/1843
f 5197/3120/3326 5219/3142/1843 5196/3119/2893
f 5196/3119/2893 5219/3142/1843 5222/3145/3339
f 5196/3119/2893 5222/3145/3339 5195/3118/3325
f 5195/3118/3325 5222/3145/3339 5218/3141/99
f 5195/3118/3325 5218/3141/99 5212/3135/2947
f 5218/3141/99 5217/3140/1620 5212/3135/2947
f 5212/3135/2947 5217/3140/1620 5211/3134/3333
f 5214/3137/3335 5211/3134/3333 5217/3140/1620
f 5210/3133/1925 5211/3134/3333 5214/3137/3335
f 5210/3133/1925 5214/3137/3335 5213/3136/3334
f 5213/3136/3334 5209/3132/2054 5210/3133/1925
f 5223/3146/960 5209/3132/2054 5213/3136/3334
f 5223/3146/960 5208/3131/2324 5209/3132/2054
f 5224/3147/2862 5208/3131/2324 5223/3146/960
f 5225/3111/2702 5226/3068/3010 5227/3112/2584
f 5228/3148/1326 5225/3111/2702 5227/3112/2584
f 5228/3148/1326 5227/3112/2584 5229/3113/40
f 5227/3112/2584 5226/3068/3010 5229/3113/40
f 5230/3080/3041 5231/3079/3340 5226/3068/3010
f 5232/3082/3341 5233/3091/3342 5234/3093/2749
f 5235/3081/806 5233/3091/3342 5232/3082/3341
f 5230/3080/3041 5233/3091/3342 5235/3081/806
f 5235/3081/806 5231/3079/3340 5230/3080/3041
f 5235/3081/806 5236/3067/1441 5231/3079/3340
f 5231/3079/3340 5236/3067/1441 5226/3068/3010
f 5226/3068/3010 5236/3067/1441 5237/3057/2108
f 5229/3113/40 5226/3068/3010 5237/3057/2108
f 5229/3113/40 5237/3057/2108 5238/3105/2780
f 5239/3107/3343 5229/3113/40 5238/3105/2780
f 5239/3107/3343 5240/3109/3043 5229/3113/40
f 5240/3109/3043 5228/3148/1326 5229/3113/40
f 5240/3109/3043 5241/3097/3344 5228/3148/1326
f 5241/3097/3344 5242/3099/2152 5228/3148/1326
f 5228/3148/1326 5242/3099/2152 5225/3111/2702
f 5225/3111/2702 5242/3099/2152 5243/3101/3345
f 5225/3111/2702 5243/3101/3345 5226/3068/3010
f 5226/3068/3010 5243/3101/3345 5230/3080/3041
f 5173/3096/3346 5241/3097/3344 5240/3109/3043
f 5175/3098/2130 5241/3097/3344 5173/3096/3346
f 5241/3097/3344 5175/3098/2130 5242/3099/2152
f 5242/3099/2152 5175/3098/2130 5177/3100/3347
f 5242/3099/2152 5177/3100/3347 5243/3101/3345
f 5243/3101/3345 5177/3100/3347 5179/3102/3348
f 5179/3102/3348 5230/3080/3041 5243/3101/3345
f 5167/3090/2829 5230/3080/3041 5179/3102/3348
f 5230/3080/3041 5167/3090/2829 5233/3091/3342
f 5233/3091/3342 5167/3090/2829 5169/3092/3349
f 5169/3092/3349 5234/3093/2749 5233/3091/3342
f 5171/3094/835 5234/3093/2749 5169/3092/3349
f 5172/3095/3350 5234/3093/2749 5171/3094/835
f 5244/3083/3351 5234/3093/2749 5172/3095/3350
f 5172/3095/3350 5245/3084/3008 5244/3083/3351
f 5245/3084/3008 5246/3070/3352 5244/3083/3351
f 5245/3084/3008 5247/3071/230 5246/3070/3352
f 5246/3070/3352 5247/3071/230 5248/3059/3353
f 5232/3082/3341 5236/3067/1441 5235/3081/806
f 5232/3082/3341 5249/3069/1448 5236/3067/1441
f 5236/3067/1441 5249/3069/1448 5250/3058/2305
f 5236/3067/1441 5250/3058/2305 5237/3057/2108
f 5250/3058/2305 5251/3056/194 5237/3057/2108
f 5248/3059/3353 5251/3056/194 5250/3058/2305
f 5249/3069/1448 5248/3059/3353 5250/3058/2305
f 5246/3070/3352 5248/3059/3353 5249/3069/1448
f 5244/3083/3351 5246/3070/3352 5249/3069/1448
f 5249/3069/1448 5232/3082/3341 5244/3083/3351
f 5244/3083/3351 5232/3082/3341 5234/3093/2749
f 5180/3103/3354 5245/3084/3008 5172/3095/3350
f 5245/3084/3008 5180/3103/3354 5162/3085/3355
f 5162/3085/3355 5247/3071/230 5245/3084/3008
f 5247/3071/230 5162/3085/3355 5252/3078/21
f 5252/3078/21 5162/3085/3355 5163/3086/3356
f 5163/3086/3356 5253/3072/3357 5252/3078/21
f 5252/3078/21 5253/3072/3357 5247/3071/230
f 5247/3071/230 5253/3072/3357 5254/3060/3358
f 5247/3071/230 5254/3060/3358 5248/3059/3353
f 5248/3059/3353 5254/3060/3358 5251/3056/194
f 5164/3087/886 5253/3072/3357 5163/3086/3356
f 5166/3089/1068 5255/3075/24 5256/3074/3348
f 5166/3089/1068 5256/3074/3348 5165/3088/241
f 5165/3088/241 5256/3074/3348 5257/3073/1337
f 5165/3088/241 5257/3073/1337 5164/3087/886
f 5257/3073/1337 5253/3072/3357 5164/3087/886
f 5258/3061/3359 5253/3072/3357 5257/3073/1337
f 5258/3061/3359 5254/3060/3358 5253/3072/3357
f 5259/3055/2927 5254/3060/3358 5258/3061/3359
f 5259/3055/2927 5251/3056/194 5254/3060/3358
f 5260/3053/3360 5251/3056/194 5259/3055/2927
f 5237/3057/2108 5251/3056/194 5260/3053/3360
f 5260/3053/3360 5181/3104/1307 5237/3057/2108
f 5238/3105/2780 5237/3057/2108 5181/3104/1307
f 5181/3104/1307 5183/3106/3361 5238/3105/2780
f 5183/3106/3361 5239/3107/3343 5238/3105/2780
f 5185/3108/3362 5239/3107/3343 5183/3106/3361
f 5239/3107/3343 5185/3108/3362 5240/3109/3043
f 5240/3109/3043 5185/3108/3362 5173/3096/3346
f 5258/3061/3359 5261/3062/3363 5259/3055/2927
f 5257/3073/1337 5261/3062/3363 5258/3061/3359
f 5256/3074/3348 5261/3062/3363 5257/3073/1337
f 5198/3121/3364 5181/3104/1307 5260/3053/3360
f 5260/3053/3360 5262/3054/653 5198/3121/3364
f 5259/3055/2927 5262/3054/653 5260/3053/3360
f 5261/3062/3363 5262/3054/653 5259/3055/2927
f 5261/3062/3363 5263/3063/2873 5262/3054/653
f 5261/3062/3363 5256/3074/3348 5263/3063/2873
f 5263/3063/2873 5256/3074/3348 5255/3075/24
f 5264/3077/3365 5265/3117/3366 5266/3118/3367
f 5264/3077/3365 5267/3076/1635 5265/3117/3366
f 5268/3066/1039 5267/3076/1635 5264/3077/3365
f 5266/3118/3367 5268/3066/1039 5264/3077/3365
f 5269/3119/3368 5268/3066/1039 5266/3118/3367
f 5269/3119/3368 5266/3118/3367 5270/3145/145
f 5270/3145/145 5266/3118/3367 5271/3141/145
f 5270/3145/145 5271/3141/145 5272/3142/2926
f 5272/3142/2926 5269/3119/3368 5270/3145/145
f 5273/3120/3369 5269/3119/3368 5272/3142/2926
f 5274/3064/179 5269/3119/3368 5273/3120/3369
f 5268/3066/1039 5269/3119/3368 5274/3064/179
f 5274/3064/179 5275/3065/2737 5268/3066/1039
f 5268/3066/1039 5275/3065/2737 5267/3076/1635
f 5255/3075/24 5267/3076/1635 5275/3065/2737
f 5276/3116/3370 5267/3076/1635 5255/3075/24
f 5276/3116/3370 5265/3117/3366 5267/3076/1635
f 5277/3128/3371 5265/3117/3366 5276/3116/3370
f 5277/3128/3371 5278/3127/2094 5265/3117/3366
f 5265/3117/3366 5278/3127/2094 5266/3118/3367
f 5266/3118/3367 5278/3127/2094 5279/3135/230
f 5266/3118/3367 5279/3135/230 5271/3141/145
f 5279/3135/230 5280/3140/2492 5271/3141/145
f 5271/3141/145 5280/3140/2492 5281/3139/653
f 5272/3142/2926 5271/3141/145 5281/3139/653
f 5221/3144/3372 5272/3142/2926 5281/3139/653
f 5220/3143/3373 5272/3142/2926 5221/3144/3372
f 5273/3120/3369 5272/3142/2926 5220/3143/3373
f 5198/3121/3364 5273/3120/3369 5220/3143/3373
f 5198/3121/3364 5262/3054/653 5273/3120/3369
f 5273/3120/3369 5262/3054/653 5274/3064/179
f 5262/3054/653 5263/3063/2873 5274/3064/179
f 5274/3064/179 5263/3063/2873 5275/3065/2737
f 5263/3063/2873 5255/3075/24 5275/3065/2737
f 5282/3133/3374 5283/3123/3375 5284/3132/3376
f 5284/3132/3376 5285/3136/909 5282/3133/3374
f 5285/3136/909 5286/3137/1040 5282/3133/3374
f 5287/3138/809 5286/3137/1040 5285/3136/909
f 5281/3139/653 5286/3137/1040 5287/3138/809
f 5281/3139/653 5280/3140/2492 5286/3137/1040
f 5280/3140/2492 5288/3134/3377 5286/3137/1040
f 5288/3134/3377 5280/3140/2492 5279/3135/230
f 5279/3135/230 5289/3125/1706 5288/3134/3377
f 5279/3135/230 5278/3127/2094 5289/3125/1706
f 5278/3127/2094 5203/3126/3378 5289/3125/1706
f 5277/3128/3371 5203/3126/3378 5278/3127/2094
f 5206/3129/3379 5203/3126/3378 5277/3128/3371
f 5206/3129/3379 5277/3128/3371 5207/3130/3380
f 5207/3130/3380 5277/3128/3371 5276/3116/3370
f 5276/3116/3370 5192/3115/3261 5207/3130/3380
f 5255/3075/24 5192/3115/3261 5276/3116/3370
f 5192/3115/3261 5255/3075/24 5166/3089/1068
f 5224/3147/644 5290/3149/3381 5208/3131/2749
f 5284/3132/3376 5201/3124/930 5208/3131/2749
f 5208/3131/2749 5290/3149/3381 5284/3132/3376
f 5290/3149/3381 5285/3136/909 5284/3132/3376
f 5289/3125/1706 5203/3126/3378 5199/3122/2829
f 5199/3122/2829 5283/3123/3375 5289/3125/1706
f 5201/3124/930 5283/3123/3375 5199/3122/2829
f 5283/3123/3375 5201/3124/930 5284/3132/3376
f 5286/3137/1040 5288/3134/3377 5282/3133/3374
f 5288/3134/3377 5283/3123/3375 5282/3133/3374
f 5288/3134/3377 5289/3125/1706 5283/3123/3375
f 5291/3150/3382 5292/3151/3383 5293/3152/3382
f 5294/3153/2078 5295/3154/1989 5296/3155/3384
f 5297/3156/2195 5295/3154/1989 5294/3153/2078
f 5297/3156/2195 5298/3157/2597 5295/3154/1989
f 5299/3158/2599 5298/3157/2597 5297/3156/2195
f 5299/3158/2599 5300/3159/3385 5298/3157/2597
f 5299/3158/2599 5301/3160/2064 5300/3159/3385
f 5302/3161/356 5301/3160/2064 5299/3158/2599
f 5303/3162/3366 5301/3160/2064 5302/3161/356
f 5303/3162/3366 5302/3161/356 5304/3163/3386
f 5304/3163/3386 5305/3164/1635 5303/3162/3366
f 5306/3165/1040 5305/3164/1635 5304/3163/3386
f 5306/3165/1040 5307/3166/2737 5305/3164/1635
f 5308/3167/2974 5307/3166/2737 5306/3165/1040
f 5308/3167/2974 5309/3168/3387 5307/3166/2737
f 5310/3169/609 5309/3168/3387 5308/3167/2974
f 5311/3170/3388 5309/3168/3387 5310/3169/609
f 5311/3170/3388 5310/3169/609 5312/3171/3389
f 5312/3171/3389 5313/3172/2226 5311/3170/3388
f 5314/3173/3390 5315/3174/181 5297/3156/2195
f 5312/3171/3389 5310/3169/609 5316/3175/916
f 5316/3175/916 5310/3169/609 5317/3176/3164
f 5317/3176/3164 5315/3174/181 5316/3175/916
f 5318/3177/2108 5315/3174/181 5317/3176/3164
f 5315/3174/181 5318/3177/2108 5297/3156/2195
f 5318/3177/2108 5319/3178/305 5297/3156/2195
f 5297/3156/2195 5319/3178/305 5299/3158/2599
f 5319/3178/305 5320/3179/3391 5299/3158/2599
f 5320/3179/3391 5302/3161/356 5299/3158/2599
f 5304/3163/3386 5302/3161/356 5320/3179/3391
f 5320/3179/3391 5306/3165/1040 5304/3163/3386
f 5321/3180/1342 5306/3165/1040 5320/3179/3391
f 5306/3165/1040 5321/3180/1342 5308/3167/2974
f 5321/3180/1342 5320/3179/3391 5319/3178/305
f 5318/3177/2108 5321/3180/1342 5319/3178/305
f 5317/3176/3164 5321/3180/1342 5318/3177/2108
f 5308/3167/2974 5321/3180/1342 5317/3176/3164
f 5317/3176/3164 5310/3169/609 5308/3167/2974
f 4641/3016/3375 5322/3181/3392 5323/3182/3392
f 5322/3181/2149 4641/3016/3393 4640/3015/891
f 4642/3017/2742 5324/3183/806 5325/3184/1326
f 4641/3016/3375 5324/3183/806 4642/3017/2742
f 4641/3016/3375 5323/3182/28 5324/3183/806
f 5324/3183/806 5323/3182/28 5326/3185/2731
f 5326/3185/2731 5323/3182/28 5327/3186/3394
f 5323/3182/28 5328/3187/3395 5327/3186/3394
f 5323/3182/28 5322/3181/2149 5328/3187/3395
f 5325/3184/1481 5324/3183/2470 5326/3185/2470
f 5327/3186/3396 5328/3187/3395 5329/3188/3397
f 5330/3189/2779 5326/3185/2848 5331/3190/3398
f 5325/3184/1481 5326/3185/2848 5330/3189/2779
f 5332/3191/642 5325/3184/1481 5330/3189/2779
f 5332/3191/642 4642/3017/2742 5325/3184/1481
f 5333/3192/3399 5334/3193/609 5335/3194/3400
f 5335/3194/3400 5334/3193/609 5336/3195/143
f 5337/3196/191 5336/3195/143 5334/3193/609
f 5330/3189/2779 5336/3195/143 5337/3196/191
f 5337/3196/191 5332/3191/642 5330/3189/2779
f 5338/3197/3401 5339/3198/3402 5340/3199/910
f 5340/3199/910 5339/3198/3402 5341/3200/3029
f 5341/3200/3029 5339/3198/3402 5342/3201/3383
f 5342/3201/3383 5343/3202/3403 5341/3200/3029
f 5344/3203/3404 5343/3202/3403 5342/3201/3383
f 5343/3202/3403 5344/3203/3404 5329/3188/3397
f 5329/3188/3397 5344/3203/3404 5327/3186/1706
f 5336/3195/143 5330/3189/2779 5331/3190/3405
f 5345/3204/126 5346/3205/332 5347/3206/2768
f 5347/3206/2768 5346/3205/332 5348/3207/2061
f 5349/3208/3406 5313/3172/2226 5312/3171/3389
f 5349/3208/3406 5335/3194/3400 5313/3172/2226
f 5313/3172/2226 5335/3194/3400 5336/3195/143
f 5336/3195/143 5346/3205/332 5313/3172/2226
f 5331/3190/3405 5346/3205/332 5336/3195/143
f 5348/3207/2061 5346/3205/332 5331/3190/3405
f 5331/3190/3405 5326/3185/2731 5348/3207/2061
f 5326/3185/2731 5347/3206/2768 5348/3207/2061
f 5326/3185/2731 5327/3186/3394 5347/3206/2768
f 5347/3206/2768 5327/3186/3394 5344/3203/3404
f 5344/3203/3404 5345/3204/3407 5347/3206/2768
f 5342/3201/3383 5345/3204/3407 5344/3203/3404
f 5342/3201/3383 5129/3052/2106 5345/3204/3407
f 5339/3198/3402 5129/3052/2106 5342/3201/3383
f 5339/3198/3402 5350/3209/3379 5129/3052/2106
f 5350/3209/3379 5339/3198/3402 5338/3197/3401
f 5338/3197/3401 5351/3210/3397 5350/3209/3379
f 5350/3209/3379 5351/3210/3397 5352/3211/3408
f 5129/3052/2106 5350/3209/3379 5127/3050/2097
f 5350/3209/3379 5352/3211/3408 5127/3050/2097
f 5352/3211/3408 5353/3212/3409 5127/3050/2097
f 5127/3050/2097 5353/3212/3409 5128/3051/175
f 5354/3213/275 5355/3214/630 5351/3210/3397
f 5351/3210/3397 5355/3214/630 5352/3211/3408
f 5355/3214/630 5356/3215/2107 5352/3211/3408
f 5352/3211/3408 5356/3215/2107 5353/3212/3409
f 5311/3170/3388 5353/3212/3409 5356/3215/2107
f 5313/3172/2226 5353/3212/3409 5311/3170/3388
f 5128/3051/175 5353/3212/3409 5313/3172/2226
f 5313/3172/2226 5346/3205/332 5128/3051/175
f 5129/3052/2106 5128/3051/175 5346/3205/332
f 5129/3052/2106 5346/3205/332 5345/3204/3407
f 5357/3216/3410 5309/3168/3387 5311/3170/3388
f 5311/3170/3388 5356/3215/2107 5357/3216/3410
f 5357/3216/3410 5356/3215/2107 5292/3151/3411
f 5355/3214/630 5292/3151/3411 5356/3215/2107
f 5358/3217/3412 5292/3151/3411 5355/3214/630
f 5355/3214/630 5354/3213/275 5358/3217/3412
f 5358/3217/3412 5354/3213/275 5293/3152/3344
f 5293/3152/3344 5354/3213/275 5359/3218/3404
f 5359/3218/3404 5291/3150/855 5293/3152/3344
f 5360/3219/3413 5291/3150/855 5359/3218/3404
f 5361/3220/3414 5291/3150/855 5360/3219/3413
f 5362/3221/1363 5291/3150/855 5361/3220/3414
f 5362/3221/1363 5292/3151/3411 5291/3150/855
f 5293/3152/3344 5292/3151/3411 5358/3217/3412
f 5363/3222/3342 5364/3223/2152 5365/3224/2702
f 5363/3222/3342 5365/3224/2702 5362/3221/1363
f 5361/3220/3414 5363/3222/3342 5362/3221/1363
f 5366/3225/1068 5363/3222/3342 5361/3220/3414
f 5366/3225/1068 5364/3223/2152 5363/3222/3342
f 5367/3226/785 5364/3223/2152 5366/3225/1068
f 5364/3223/2152 5367/3226/785 5368/3227/3415
f 5368/3227/3415 5367/3226/785 5369/3228/3416
f 5369/3228/3416 5370/3229/3417 5368/3227/3415
f 5371/3230/3379 5370/3229/3417 5369/3228/3416
f 5371/3230/3379 5372/3231/1448 5370/3229/3417
f 5357/3216/3410 5292/3151/3411 5362/3221/1363
f 5362/3221/1363 5365/3224/2702 5357/3216/3410
f 5365/3224/2702 5309/3168/3387 5357/3216/3410
f 5365/3224/2702 5364/3223/2152 5309/3168/3387
f 5309/3168/3387 5364/3223/2152 5307/3166/2737
f 5364/3223/2152 5305/3164/1635 5307/3166/2737
f 5368/3227/3415 5305/3164/1635 5364/3223/2152
f 5368/3227/3415 5303/3162/3366 5305/3164/1635
f 5370/3229/3417 5303/3162/3366 5368/3227/3415
f 5370/3229/3417 5301/3160/2064 5303/3162/3366
f 5370/3229/3417 5372/3231/1448 5301/3160/2064
f 5301/3160/2064 5372/3231/1448 5300/3159/3385
f 5300/3159/3385 5372/3231/1448 5373/3232/929
f 5373/3232/929 5374/3233/2115 5300/3159/3385
f 5375/3234/3348 5374/3233/2115 5373/3232/929
f 5374/3233/2115 5375/3234/3348 5296/3155/3384
f 5296/3155/3384 5375/3234/3348 5376/3235/854
f 5376/3235/854 5294/3153/2078 5296/3155/3384
f 5298/3157/2597 5374/3233/2115 5295/3154/1989
f 5295/3154/1989 5374/3233/2115 5296/3155/3384
f 5298/3157/3418 5300/3159/3418 5374/3233/2115
f 5377/3236/80 5378/3016/3419 4640/3015/3420
f 4640/3015/3420 5378/3016/3419 5322/3181/1715
f 5379/3237/86 5380/3184/1573 5377/3236/80
f 5380/3184/1573 5381/3183/1950 5377/3236/80
f 5377/3236/80 5381/3183/1950 5378/3016/3419
f 5378/3016/3419 5381/3183/1950 5382/3182/3421
f 5378/3016/3419 5382/3182/3421 5322/3181/1715
f 5322/3181/1715 5382/3182/3421 5328/3187/2999
f 5383/3198/1923 5341/3200/2999 5384/3201/3422
f 5343/3202/3423 5384/3201/3422 5341/3200/2999
f 5385/3203/3424 5384/3201/3422 5343/3202/3423
f 5329/3188/3425 5385/3203/3424 5343/3202/3423
f 5386/3186/3426 5385/3203/3424 5329/3188/3425
f 5328/3187/2999 5386/3186/3426 5329/3188/3425
f 5382/3182/3421 5386/3186/3426 5328/3187/2999
f 5382/3182/3421 5387/3238/44 5386/3186/3426
f 5381/3183/1950 5387/3238/44 5382/3182/3421
f 5381/3183/1950 5388/3239/1928 5387/3238/44
f 5380/3184/1573 5388/3239/1928 5381/3183/1950
f 5380/3184/1573 5389/3240/1828 5388/3239/1928
f 5379/3237/86 5389/3240/1828 5380/3184/1573
f 5390/3241/1862 5389/3240/1828 5379/3237/86
f 5390/3241/1862 5391/3195/2395 5389/3240/1828
f 5392/3242/1298 5391/3195/2395 5390/3241/1862
f 5391/3195/2395 5392/3242/1298 5335/3194/3427
f 5335/3194/3427 5392/3242/1298 5333/3192/2379
f 5393/3050/2618 5394/3212/3428 5395/3211/3429
f 5396/3209/3430 5393/3050/2618 5395/3211/3429
f 5393/3050/2618 5396/3209/3430 5397/3052/1917
f 5397/3052/1917 5396/3209/3430 5383/3198/1923
f 5383/3198/1923 5384/3201/3422 5397/3052/1917
f 5397/3052/1917 5384/3201/3422 5398/3204/87
f 5385/3203/3424 5398/3204/87 5384/3201/3422
f 5399/3206/634 5398/3204/87 5385/3203/3424
f 5386/3186/3426 5399/3206/634 5385/3203/3424
f 5387/3238/44 5399/3206/634 5386/3186/3426
f 5387/3238/44 5388/3239/1928 5399/3206/634
f 5388/3239/1928 5400/3205/426 5399/3206/634
f 5389/3240/1828 5400/3205/426 5388/3239/1928
f 5389/3240/1828 5391/3195/2395 5400/3205/426
f 5400/3205/426 5391/3195/2395 5401/3172/2041
f 5335/3194/3427 5401/3172/2041 5391/3195/2395
f 5349/3208/3431 5401/3172/2041 5335/3194/3427
f 5312/3171/2048 5401/3172/2041 5349/3208/3431
f 5399/3206/634 5400/3205/426 5398/3204/87
f 5398/3204/87 5400/3205/426 5397/3052/1917
f 5402/3051/3432 5397/3052/1917 5400/3205/426
f 5393/3050/2618 5397/3052/1917 5402/3051/3432
f 5402/3051/3432 5394/3212/3428 5393/3050/2618
f 5402/3051/3432 5401/3172/2041 5394/3212/3428
f 5401/3172/2041 5402/3051/3432 5400/3205/426
f 5403/3180/298 5404/3177/1788 5405/3178/1874
f 5406/3176/3433 5404/3177/1788 5403/3180/298
f 5406/3176/3433 5403/3180/298 5407/3167/3434
f 5407/3167/3434 5408/3169/1298 5406/3176/3433
f 5401/3172/2041 5409/3170/3435 5394/3212/3428
f 5409/3170/3435 5401/3172/2041 5312/3171/2048
f 5312/3171/2048 5408/3169/1298 5409/3170/3435
f 5316/3175/2048 5408/3169/1298 5312/3171/2048
f 5406/3176/3433 5408/3169/1298 5316/3175/2048
f 5316/3175/2048 5315/3174/3436 5406/3176/3433
f 5406/3176/3433 5315/3174/3436 5404/3177/1788
f 5315/3174/3436 5410/3156/2260 5404/3177/1788
f 5404/3177/1788 5410/3156/2260 5405/3178/1874
f 5405/3178/1874 5410/3156/2260 5411/3158/2396
f 5412/3179/3437 5405/3178/1874 5411/3158/2396
f 5403/3180/298 5405/3178/1874 5412/3179/3437
f 5403/3180/298 5412/3179/3437 5413/3165/3438
f 5407/3167/3434 5403/3180/298 5413/3165/3438
f 5413/3165/3438 5414/3166/1940 5407/3167/3434
f 5414/3166/1940 5415/3168/1874 5407/3167/3434
f 5407/3167/3434 5415/3168/1874 5408/3169/1298
f 5409/3170/3435 5408/3169/1298 5415/3168/1874
f 5314/3173/3439 5410/3156/2260 5315/3174/3436
f 5416/3155/2055 5417/3233/3440 5418/3154/3441
f 5418/3154/3441 5417/3233/3440 5419/3157/2389
f 5420/3159/3442 5419/3157/2389 5417/3233/3440
f 5372/3231/2222 5420/3159/3442 5373/3232/3443
f 5420/3159/3442 5417/3233/3440 5373/3232/3443
f 5373/3232/3443 5417/3233/3440 5375/3234/1346
f 5416/3155/2055 5375/3234/1346 5417/3233/3440
f 5376/3235/2860 5375/3234/1346 5416/3155/2055
f 5376/3235/2860 5416/3155/2055 5294/3153/1893
f 5294/3153/1893 5416/3155/2055 5418/3154/3441
f 5410/3156/2260 5294/3153/1893 5418/3154/3441
f 5418/3154/3441 5419/3157/2389 5410/3156/2260
f 5410/3156/2260 5419/3157/2389 5411/3158/2396
f 5411/3158/2396 5419/3157/2389 5420/3159/3442
f 5421/3160/2221 5411/3158/2396 5420/3159/3442
f 5421/3160/2221 5420/3159/3442 5372/3231/2222
f 5421/3160/2221 5372/3231/2222 5422/3229/2411
f 5422/3229/2411 5372/3231/2222 5371/3230/3430
f 5371/3230/3430 5369/3228/3044 5422/3229/2411
f 5423/3152/3444 5359/3218/3445 5354/3213/3446
f 5423/3152/3444 5354/3213/3446 5424/3217/123
f 5366/3225/585 5361/3220/3447 5425/3222/3311
f 5425/3222/3311 5361/3220/3447 5426/3221/2669
f 5361/3220/3447 5427/3150/3309 5426/3221/2669
f 5360/3219/3309 5427/3150/3309 5361/3220/3447
f 5359/3218/3445 5427/3150/3309 5360/3219/3309
f 5423/3152/3444 5427/3150/3309 5359/3218/3445
f 5423/3152/3444 5428/3151/3448 5427/3150/3309
f 5424/3217/123 5428/3151/3448 5423/3152/3444
f 5424/3217/123 5429/3214/3449 5428/3151/3448
f 5424/3217/123 5354/3213/3446 5429/3214/3449
f 5354/3213/3446 5351/3210/3318 5429/3214/3449
f 5427/3150/3309 5428/3151/3448 5426/3221/2669
f 5422/3229/2411 5369/3228/3044 5430/3227/19
f 5430/3227/19 5369/3228/3044 5367/3226/1715
f 5431/3223/9 5430/3227/19 5367/3226/1715
f 5366/3225/585 5431/3223/9 5367/3226/1715
f 5425/3222/3311 5431/3223/9 5366/3225/585
f 5432/3224/92 5431/3223/9 5425/3222/3311
f 5425/3222/3311 5426/3221/2669 5432/3224/92
f 5432/3224/92 5426/3221/2669 5433/3216/1583
f 5426/3221/2669 5428/3151/3448 5433/3216/1583
f 5434/3215/1406 5433/3216/1583 5428/3151/3448
f 5428/3151/3448 5429/3214/3449 5434/3215/1406
f 5395/3211/3429 5434/3215/1406 5429/3214/3449
f 5429/3214/3449 5351/3210/3318 5395/3211/3429
f 5396/3209/3430 5395/3211/3429 5351/3210/3318
f 5338/3197/3175 5396/3209/3430 5351/3210/3318
f 5338/3197/3175 5383/3198/1923 5396/3209/3430
f 5340/3199/167 5383/3198/1923 5338/3197/3175
f 5340/3199/167 5341/3200/2999 5383/3198/1923
f 5430/3227/19 5431/3223/9 5435/3164/2951
f 5436/3162/3324 5430/3227/19 5435/3164/2951
f 5422/3229/2411 5430/3227/19 5436/3162/3324
f 5436/3162/3324 5421/3160/2221 5422/3229/2411
f 5437/3161/1856 5421/3160/2221 5436/3162/3324
f 5437/3161/1856 5411/3158/2396 5421/3160/2221
f 5412/3179/3437 5411/3158/2396 5437/3161/1856
f 5412/3179/3437 5437/3161/1856 5438/3163/1853
f 5413/3165/3438 5412/3179/3437 5438/3163/1853
f 5413/3165/3438 5438/3163/1853 5435/3164/2951
f 5435/3164/2951 5414/3166/1940 5413/3165/3438
f 5435/3164/2951 5431/3223/9 5414/3166/1940
f 5415/3168/1874 5414/3166/1940 5431/3223/9
f 5415/3168/1874 5431/3223/9 5432/3224/92
f 5433/3216/1583 5415/3168/1874 5432/3224/92
f 5409/3170/3435 5415/3168/1874 5433/3216/1583
f 5409/3170/3435 5433/3216/1583 5434/3215/1406
f 5394/3212/3428 5409/3170/3435 5434/3215/1406
f 5394/3212/3428 5434/3215/1406 5395/3211/3429
f 5435/3164/2951 5438/3163/1853 5436/3162/3324
f 5438/3163/1853 5437/3161/1856 5436/3162/3324
f 5439/3243/3450 5440/24/3450 5441/22/3450
f 5442/7/3451 5443/16/651 5444/555/651
f 5445/3244/3452 5446/3245/1295 5447/139/3452
f 5444/555/3453 5445/3244/3454 5442/7/3451
f 5448/4/1056 5449/5/2976 5450/6/2492
f 5450/6/2492 5449/5/2976 5451/13/2974
f 5452/14/396 5450/6/2492 5451/13/2974
f 5453/15/3011 5450/6/2492 5452/14/396
f 5453/15/3011 5452/14/396 5443/16/3455
f 5443/16/3455 5452/14/396 5454/556/1842
f 5443/16/3455 5454/556/1842 5444/555/2364
f 5444/555/2364 5454/556/1842 5445/3244/1689
f 5445/3244/1689 5454/556/1842 5446/3245/1295
f 5442/7/3451 5445/3244/1689 5455/3246/1969
f 5447/139/3456 5455/3246/1969 5445/3244/1689
f 5456/560/1075 5455/3246/1969 5447/139/3456
f 5457/3247/3457 5456/560/1075 5447/139/3456
f 5447/139/3456 5446/3245/1295 5457/3247/3457
f 5451/13/2974 5457/3247/3457 5446/3245/1295
f 5451/13/2974 5446/3245/1295 5452/14/396
f 5452/14/396 5446/3245/1295 5454/556/1842
f 5449/5/879 5457/3247/2551 5451/13/879
f 5458/3248/1239 5459/3249/3458 5460/3250/3459
f 5461/3251/3460 5458/3248/1239 5460/3250/3459
f 5462/3252/72 5458/3248/1239 5461/3251/3460
f 5462/3252/72 5463/3253/3461 5458/3248/1239
f 5464/3254/3462 5458/3248/1239 5463/3253/3461
f 5463/3253/3461 5465/3255/1170 5464/3254/3462
f 5465/3255/1170 5466/3256/3225 5464/3254/3462
f 5465/3255/1170 5467/3257/423 5466/3256/3225
f 5466/3256/3225 5467/3257/423 5468/3258/1185
f 5468/3258/1185 5469/3259/3463 5466/3256/3225
f 5468/3258/1185 5470/3260/3183 5469/3259/3463
f 5470/3260/3183 5471/3261/3464 5469/3259/3463
f 5472/3262/3465 5471/3261/3464 5470/3260/3183
f 5472/3262/3465 5473/3263/417 5471/3261/3464
f 5471/3261/3464 5473/3263/417 5474/3264/1862
f 5475/3265/1465 5471/3261/3464 5474/3264/1862
f 5476/3266/70 5471/3261/3464 5475/3265/1465
f 5477/3267/3466 5476/3266/70 5475/3265/1465
f 5471/3261/3464 5476/3266/70 5469/3259/3463
f 5478/3268/105 5477/3267/3466 457/423/420
f 5478/3268/105 5476/3266/70 5477/3267/3466
f 5476/3266/70 5478/3268/105 5479/3269/1216
f 5480/3270/3158 5476/3266/70 5479/3269/1216
f 5469/3259/3463 5476/3266/70 5480/3270/3158
f 5466/3256/3225 5469/3259/3463 5480/3270/3158
f 481/447/441 460/426/423 461/427/424
f 5464/3254/3462 5466/3256/3225 5481/3271/3467
f 5480/3270/3158 5481/3271/3467 5466/3256/3225
f 5482/3272/3468 5481/3271/3467 5480/3270/3158
f 5479/3269/1216 5482/3272/3468 5480/3270/3158
f 5483/3273/3469 5482/3272/3468 5479/3269/1216
f 5484/3274/1622 460/426/423 481/447/441
f 5485/3275/280 460/426/423 5484/3274/1622
f 5485/3275/280 459/425/422 460/426/423
f 459/425/422 5485/3275/280 457/423/420
f 457/423/420 5485/3275/280 5486/3276/1816
f 5478/3268/105 457/423/420 5486/3276/1816
f 5478/3268/105 5486/3276/1816 5487/3277/1001
f 5479/3269/1216 5478/3268/105 5487/3277/1001
f 5479/3269/1216 5487/3277/1001 5488/3278/1621
f 5488/3278/1621 5483/3273/3469 5479/3269/1216
f 5489/3279/899 5483/3273/3469 5488/3278/1621
f 5489/3279/899 5482/3272/3468 5483/3273/3469
f 5490/3280/2233 5482/3272/3468 5489/3279/899
f 5490/3280/2233 5481/3271/3467 5482/3272/3468
f 5491/3281/3470 5481/3271/3467 5490/3280/2233
f 5491/3281/3470 5464/3254/3462 5481/3271/3467
f 5459/3249/3458 5464/3254/3462 5491/3281/3470
f 5459/3249/3458 5458/3248/1239 5464/3254/3462
f 5488/3278/1621 5487/3277/1001 5492/3282/1022
f 5487/3277/1001 5493/3283/401 5492/3282/1022
f 5494/3284/424 5493/3283/401 5487/3277/1001
f 5487/3277/1001 5486/3276/1816 5494/3284/424
f 5494/3284/424 5495/3285/1216 5493/3283/401
f 5485/3275/280 5494/3284/424 5486/3276/1816
f 5484/3274/1622 5494/3284/424 5485/3275/280
f 5494/3284/424 5484/3274/1622 5495/3285/1216
f 5484/3274/1622 5496/3286/3471 5495/3285/1216
f 5496/3286/3471 5493/3283/401 5495/3285/1216
f 5497/3287/3102 5493/3283/401 5496/3286/3471
f 5493/3283/401 5497/3287/3102 5498/3288/517
f 5499/3289/3472 5493/3283/401 5498/3288/517
f 5499/3289/3472 5500/3290/2720 5493/3283/401
f 5493/3283/401 5500/3290/2720 5492/3282/1022
f 5501/3291/440 5492/3282/1022 5500/3290/2720
f 5488/3278/1621 5492/3282/1022 5501/3291/440
f 5502/3292/1566 5488/3278/1621 5501/3291/440
f 5489/3279/899 5488/3278/1621 5502/3292/1566
f 5484/3274/1622 5497/3287/3102 5496/3286/3471
f 5490/3280/2233 5503/3293/1195 5504/3294/416
f 5503/3293/1195 5490/3280/2233 5489/3279/899
f 5502/3292/1566 5503/3293/1195 5489/3279/899
f 5505/3295/406 5503/3293/1195 5502/3292/1566
f 5502/3292/1566 5506/3296/3197 5505/3295/406
f 5501/3291/440 5506/3296/3197 5502/3292/1566
f 5501/3291/440 5507/3297/3159 5506/3296/3197
f 5500/3290/2720 5507/3297/3159 5501/3291/440
f 5507/3297/3159 5500/3290/2720 5508/3298/1022
f 5500/3290/2720 5499/3289/3472 5508/3298/1022
f 5508/3298/1022 5499/3289/3472 5509/3299/2236
f 5499/3289/3472 5498/3288/517 5509/3299/2236
f 5509/3299/2236 5498/3288/517 5510/3300/3470
f 5497/3287/3102 5510/3300/3470 5498/3288/517
f 477/443/438 5510/3300/3470 5497/3287/3102
f 477/443/438 5497/3287/3102 5484/3274/1622
f 5484/3274/1622 479/445/225 477/443/438
f 5484/3274/1622 481/447/441 479/445/225
f 5511/3301/712 5505/3295/406 5506/3296/3197
f 5511/3301/712 5506/3296/3197 5512/3302/435
f 5512/3302/435 5506/3296/3197 5507/3297/3159
f 5507/3297/3159 5513/3303/1091 5512/3302/435
f 5508/3298/1022 5513/3303/1091 5507/3297/3159
f 5508/3298/1022 5514/3304/952 5513/3303/1091
f 5509/3299/2236 5514/3304/952 5508/3298/1022
f 5510/3300/3470 5514/3304/952 5509/3299/2236
f 467/433/712 5514/3304/952 5510/3300/3470
f 477/443/438 467/433/712 5510/3300/3470
f 468/434/430 467/433/712 477/443/438
f 5515/3305/2734 5516/3306/3473 5517/3307/1807
f 5517/3307/1807 5516/3306/3473 5518/3308/3474
f 5518/3308/3474 5516/3306/3473 5519/3309/2772
f 5519/3309/2772 5516/3306/3473 5514/3304/952
f 5514/3304/952 5516/3306/3473 5513/3303/1091
f 5515/3305/2734 5513/3303/1091 5516/3306/3473
f 5512/3302/435 5513/3303/1091 5515/3305/2734
f 5520/3310/312 5512/3302/435 5515/3305/2734
f 5511/3301/712 5512/3302/435 5520/3310/312
f 5520/3310/312 5521/3311/2283 5511/3301/712
f 5511/3301/712 5521/3311/2283 5522/3312/1136
f 5523/3313/1042 5522/3312/1136 5521/3311/2283
f 5524/3314/3475 5522/3312/1136 5523/3313/1042
f 5525/3315/1493 5524/3314/3475 5523/3313/1042
f 5525/3315/1493 5523/3313/1042 5526/3316/1042
f 5526/3316/1042 5523/3313/1042 5521/3311/2283
f 5521/3311/2283 5527/3317/3476 5526/3316/1042
f 5521/3311/2283 5520/3310/312 5527/3317/3476
f 5527/3317/3476 5520/3310/312 5528/3318/3477
f 5520/3310/312 5515/3305/2734 5528/3318/3477
f 5528/3318/3477 5515/3305/2734 5517/3307/1807
f 5529/3319/3140 5530/3320/1198 5531/3321/3137
f 5531/3321/3137 5530/3320/1198 5532/3322/3478
f 5532/3322/3478 5530/3320/1198 5533/3323/3479
f 5533/3323/3479 5534/3324/515 5532/3322/3478
f 5535/3325/1208 5532/3322/3478 5534/3324/515
f 5531/3321/3137 5532/3322/3478 5535/3325/1208
f 5531/3321/3137 5535/3325/1208 5536/3326/1926
f 5529/3319/3140 5531/3321/3137 5536/3326/1926
f 5537/3327/2203 5529/3319/3140 5536/3326/1926
f 5529/3319/3140 5537/3327/2203 5538/3328/3305
f 5525/3315/1493 5539/3329/179 5540/3330/1640
f 5540/3330/1640 5541/3331/1641 5525/3315/1493
f 5541/3331/1641 5524/3314/3475 5525/3315/1493
f 5541/3331/1641 5542/3332/3480 5524/3314/3475
f 5524/3314/3475 5542/3332/3480 5522/3312/1136
f 5542/3332/3480 5543/3333/477 5522/3312/1136
f 5522/3312/1136 5543/3333/477 5511/3301/712
f 5511/3301/712 5543/3333/477 5534/3324/515
f 5534/3324/515 5505/3295/406 5511/3301/712
f 5505/3295/406 5534/3324/515 5533/3323/3479
f 5533/3323/3479 5503/3293/1195 5505/3295/406
f 5530/3320/1198 5503/3293/1195 5533/3323/3479
f 5504/3294/416 5503/3293/1195 5530/3320/1198
f 5530/3320/1198 5529/3319/3140 5504/3294/416
f 5504/3294/416 5529/3319/3140 5544/3334/2381
f 5544/3334/2381 5529/3319/3140 5538/3328/3305
f 5545/3335/1010 5544/3334/2381 5538/3328/3305
f 5538/3328/3305 5546/3336/422 5545/3335/1010
f 5534/3324/515 5543/3333/477 5535/3325/1208
f 5543/3333/477 5547/3337/2908 5535/3325/1208
f 5548/3338/346 5549/3339/1032 5550/3340/3481
f 5550/3340/3481 5551/3341/3482 5552/3342/3241
f 5549/3339/1032 5551/3341/3482 5550/3340/3481
f 5553/3343/3483 5551/3341/3482 5549/3339/1032
f 5549/3339/1032 5554/3344/2301 5553/3343/3483
f 5554/3344/2301 5549/3339/1032 5548/3338/346
f 5548/3338/346 5555/3345/1140 5554/3344/2301
f 5555/3345/1140 5548/3338/346 5556/3346/2305
f 5556/3346/2305 5548/3338/346 5557/3347/2294
f 5548/3338/346 5550/3340/3481 5557/3347/2294
f 5557/3347/2294 5550/3340/3481 5540/3330/1640
f 5550/3340/3481 5552/3342/3241 5540/3330/1640
f 5540/3330/1640 5552/3342/3241 5541/3331/1641
f 5552/3342/3241 5542/3332/3480 5541/3331/1641
f 5551/3341/3482 5542/3332/3480 5552/3342/3241
f 5542/3332/3480 5551/3341/3482 5543/3333/477
f 5543/3333/477 5551/3341/3482 5553/3343/3483
f 5553/3343/3483 5547/3337/2908 5543/3333/477
f 5553/3343/3483 5558/3348/3484 5547/3337/2908
f 5537/3327/2203 5547/3337/2908 5558/3348/3484
f 5536/3326/1926 5547/3337/2908 5537/3327/2203
f 5536/3326/1926 5535/3325/1208 5547/3337/2908
f 5559/3349/2536 5557/3347/2294 5540/3330/1640
f 5556/3346/2305 5557/3347/2294 5559/3349/2536
f 5559/3349/2536 5560/3350/1028 5556/3346/2305
f 5538/3328/3305 5537/3327/2203 5546/3336/422
f 5558/3348/3484 5546/3336/422 5537/3327/2203
f 5561/3351/1187 5546/3336/422 5558/3348/3484
f 5553/3343/3483 5561/3351/1187 5558/3348/3484
f 5562/3352/3102 5561/3351/1187 5553/3343/3483
f 5553/3343/3483 5554/3344/2301 5562/3352/3102
f 5554/3344/2301 5563/3353/395 5562/3352/3102
f 5554/3344/2301 5555/3345/1140 5563/3353/395
f 5564/3354/337 5563/3353/395 5555/3345/1140
f 5564/3354/337 5555/3345/1140 5565/3355/1477
f 5565/3355/1477 5555/3345/1140 5556/3346/2305
f 5556/3346/2305 5566/3356/3485 5565/3355/1477
f 5560/3350/1028 5566/3356/3485 5556/3346/2305
f 5560/3350/1028 5567/3357/2218 5566/3356/3485
f 5568/3358/2770 5567/3357/2218 5560/3350/1028
f 5559/3349/2536 5568/3358/2770 5560/3350/1028
f 5539/3329/179 5568/3358/2770 5559/3349/2536
f 5540/3330/1640 5539/3329/179 5559/3349/2536
f 5545/3335/1010 5546/3336/422 5569/3359/482
f 5546/3336/422 5561/3351/1187 5569/3359/482
f 5569/3359/482 5561/3351/1187 5570/3360/3486
f 5562/3352/3102 5570/3360/3486 5561/3351/1187
f 5571/3361/3102 5570/3360/3486 5562/3352/3102
f 5562/3352/3102 5563/3353/395 5571/3361/3102
f 5572/3362/1126 5571/3361/3102 5563/3353/395
f 5572/3362/1126 5563/3353/395 5564/3354/337
f 5573/3363/1468 5572/3362/1126 5564/3354/337
f 5565/3355/1477 5573/3363/1468 5564/3354/337
f 5574/3364/2821 5573/3363/1468 5565/3355/1477
f 5565/3355/1477 5566/3356/3485 5574/3364/2821
f 5574/3364/2821 5566/3356/3485 195/174/181
f 5566/3356/3485 196/175/182 195/174/181
f 196/175/182 5566/3356/3485 5567/3357/2218
f 199/178/185 196/175/182 5567/3357/2218
f 5568/3358/2770 199/178/185 5567/3357/2218
f 5575/3365/3468 199/178/185 5568/3358/2770
f 5576/3366/2237 5577/3367/2738 5578/3368/2346
f 5504/3294/416 5544/3334/2381 5578/3368/2346
f 5578/3368/2346 5544/3334/2381 5576/3366/2237
f 5544/3334/2381 5545/3335/1010 5576/3366/2237
f 5545/3335/1010 5579/3369/3487 5576/3366/2237
f 5579/3369/3487 5577/3367/2738 5576/3366/2237
f 5580/3370/3488 5577/3367/2738 5579/3369/3487
f 5577/3367/2738 5580/3370/3488 5459/3249/3458
f 5459/3249/3458 5578/3368/2346 5577/3367/2738
f 5491/3281/3470 5578/3368/2346 5459/3249/3458
f 5491/3281/3470 5504/3294/416 5578/3368/2346
f 5490/3280/2233 5504/3294/416 5491/3281/3470
f 5581/3371/1584 5582/3372/289 5583/3373/3489
f 5583/3373/3489 5572/3362/1126 5573/3363/1468
f 5583/3373/3489 5571/3361/3102 5572/3362/1126
f 5583/3373/3489 5582/3372/289 5571/3361/3102
f 5571/3361/3102 5582/3372/289 5570/3360/3486
f 5584/3374/3490 5570/3360/3486 5582/3372/289
f 5584/3374/3490 5582/3372/289 5581/3371/1584
f 5585/3375/1602 5584/3374/3490 5581/3371/1584
f 5569/3359/482 5570/3360/3486 5584/3374/3490
f 5585/3375/1602 5569/3359/482 5584/3374/3490
f 5545/3335/1010 5569/3359/482 5585/3375/1602
f 5585/3375/1602 5579/3369/3487 5545/3335/1010
f 5586/3376/1773 5585/3375/1602 5581/3371/1584
f 5586/3376/1773 5579/3369/3487 5585/3375/1602
f 5587/3377/1257 5579/3369/3487 5586/3376/1773
f 5579/3369/3487 5587/3377/1257 5580/3370/3488
f 5580/3370/3488 5587/3377/1257 5588/3378/1309
f 5588/3378/1309 5589/3379/3491 5580/3370/3488
f 5459/3249/3458 5580/3370/3488 5589/3379/3491
f 5459/3249/3458 5589/3379/3491 5590/3380/3492
f 5460/3250/3459 5459/3249/3458 5590/3380/3492
f 5460/3250/3459 5590/3380/3492 5591/3381/461
f 5460/3250/3459 5591/3381/461 5461/3251/3460
f 5461/3251/3460 5591/3381/461 5592/3382/1000
f 5461/3251/3460 5592/3382/1000 5462/3252/72
f 5462/3252/72 5592/3382/1000 5593/3383/1155
f 5593/3383/1155 5463/3253/3461 5462/3252/72
f 5593/3383/1155 5594/3384/3163 5463/3253/3461
f 5594/3384/3163 5465/3255/1170 5463/3253/3461
f 5465/3255/1170 5594/3384/3163 5595/3385/3493
f 5596/3386/530 5597/3387/1033 5598/3388/2216
f 5597/3387/1033 5599/3389/1031 5598/3388/2216
f 5598/3388/2216 5599/3389/1031 5600/3390/1131
f 5590/3380/3492 5589/3379/3491 5596/3386/530
f 5596/3386/530 5598/3388/2216 5590/3380/3492
f 5590/3380/3492 5598/3388/2216 5591/3381/461
f 5598/3388/2216 5600/3390/1131 5591/3381/461
f 5591/3381/461 5600/3390/1131 5592/3382/1000
f 5600/3390/1131 5601/3391/1037 5592/3382/1000
f 5601/3391/1037 5600/3390/1131 5602/3392/2035
f 5602/3392/2035 5600/3390/1131 5599/3389/1031
f 5603/3393/3494 5594/3384/3163 5593/3383/1155
f 5592/3382/1000 5603/3393/3494 5593/3383/1155
f 5604/3394/3495 5603/3393/3494 5592/3382/1000
f 5592/3382/1000 5601/3391/1037 5604/3394/3495
f 5601/3391/1037 5605/3395/2448 5604/3394/3495
f 5602/3392/2035 5605/3395/2448 5601/3391/1037
f 5605/3395/2448 5602/3392/2035 5606/3396/1990
f 5606/3396/1990 5602/3392/2035 5607/3397/1495
f 5602/3392/2035 5599/3389/1031 5607/3397/1495
f 5607/3397/1495 5599/3389/1031 5608/3398/3496
f 5609/3399/1846 5610/3400/2063 5611/3401/573
f 5611/3401/573 5612/3402/1194 5609/3399/1846
f 5613/3403/1850 5612/3402/1194 5611/3401/573
f 5613/3403/1850 5614/3404/227 5612/3402/1194
f 5612/3402/1194 5614/3404/227 5615/3405/3497
f 5614/3404/227 5616/3406/3498 5615/3405/3497
f 5617/3407/3303 5618/3408/1828 5616/3406/3498
f 5615/3405/3497 5616/3406/3498 5618/3408/1828
f 5618/3408/1828 5619/3409/2207 5615/3405/3497
f 5615/3405/3497 5619/3409/2207 5620/3410/3499
f 5615/3405/3497 5620/3410/3499 5612/3402/1194
f 5612/3402/1194 5620/3410/3499 5621/3411/3500
f 5622/3412/3268 5612/3402/1194 5621/3411/3500
f 5609/3399/1846 5612/3402/1194 5622/3412/3268
f 5623/3413/2587 5609/3399/1846 5622/3412/3268
f 5624/3414/3501 5609/3399/1846 5623/3413/2587
f 5624/3414/3501 5610/3400/2063 5609/3399/1846
f 5624/3414/3501 5623/3413/2587 5610/3400/2063
f 5610/3400/2063 5623/3413/2587 5606/3396/1990
f 5606/3396/1990 5623/3413/2587 5605/3395/2448
f 5623/3413/2587 5622/3412/3268 5605/3395/2448
f 5605/3395/2448 5622/3412/3268 5604/3394/3495
f 5621/3411/3500 5604/3394/3495 5622/3412/3268
f 5603/3393/3494 5604/3394/3495 5621/3411/3500
f 5603/3393/3494 5621/3411/3500 5620/3410/3499
f 5603/3393/3494 5620/3410/3499 5594/3384/3163
f 5594/3384/3163 5620/3410/3499 5619/3409/2207
f 5595/3385/3493 5594/3384/3163 5619/3409/2207
f 5618/3408/1828 5595/3385/3493 5619/3409/2207
f 5625/3415/3177 5595/3385/3493 5618/3408/1828
f 5625/3415/3177 5618/3408/1828 5617/3407/3303
f 5617/3407/3303 5626/3416/1831 5625/3415/3177
f 5627/3417/661 5626/3416/1831 5617/3407/3303
f 5626/3416/1831 5627/3417/661 5628/3418/3502
f 5629/3419/3215 5626/3416/1831 5628/3418/3502
f 5628/3418/3502 5630/3420/3503 5629/3419/3215
f 5630/3420/3503 5628/3418/3502 5627/3417/661
f 5467/3257/423 5470/3260/3183 5468/3258/1185
f 5625/3415/3177 5631/3421/2335 5595/3385/3493
f 5631/3421/2335 5625/3415/3177 5626/3416/1831
f 5467/3257/423 5465/3255/1170 5595/3385/3493
f 5631/3421/2335 5467/3257/423 5595/3385/3493
f 5631/3421/2335 5470/3260/3183 5467/3257/423
f 5626/3416/1831 5470/3260/3183 5631/3421/2335
f 5626/3416/1831 5472/3262/3465 5470/3260/3183
f 5472/3262/3465 5626/3416/1831 5629/3419/3215
f 5472/3262/3465 5629/3419/3215 5473/3263/417
f 5629/3419/3215 5630/3420/3503 5473/3263/417
f 5473/3263/417 5630/3420/3503 5474/3264/1862
f 5474/3264/1862 5630/3420/3503 5632/3422/2617
f 5632/3422/2617 5475/3265/1465 5474/3264/1862
f 5633/3423/1010 5475/3265/1465 5632/3422/2617
f 5634/3424/1874 5475/3265/1465 5633/3423/1010
f 5477/3267/3466 5475/3265/1465 5634/3424/1874
f 5477/3267/3466 5634/3424/1874 5635/3425/1620
f 5477/3267/3466 5635/3425/1620 5636/3426/288
f 457/423/420 5477/3267/3466 5636/3426/288
f 5636/3426/288 458/424/421 457/423/420
f 5637/3427/3504 5638/3428/3505 5639/3429/2486
f 5640/3430/3506 5641/3431/2776 5639/3429/2486
f 5639/3429/2486 5641/3431/2776 5637/3427/3504
f 5641/3431/2776 5642/3432/484 5637/3427/3504
f 5637/3427/3504 5642/3432/484 5643/3433/3197
f 5637/3427/3504 5643/3433/3197 5638/3428/3505
f 5638/3428/3505 5643/3433/3197 466/432/429
f 5638/3428/3505 466/432/429 458/424/421
f 5636/3426/288 5638/3428/3505 458/424/421
f 5639/3429/2486 5638/3428/3505 5636/3426/288
f 5636/3426/288 5635/3425/1620 5639/3429/2486
f 5635/3425/1620 5640/3430/3506 5639/3429/2486
f 5635/3425/1620 5644/3434/1817 5640/3430/3506
f 5640/3430/3506 5644/3434/1817 5645/3435/3507
f 5645/3435/3507 5641/3431/2776 5640/3430/3506
f 5646/3436/1817 5641/3431/2776 5645/3435/3507
f 5646/3436/1817 5642/3432/484 5641/3431/2776
f 5646/3436/1817 5647/3437/423 5642/3432/484
f 5647/3437/423 5648/3438/1822 5642/3432/484
f 5642/3432/484 5648/3438/1822 5649/3439/1553
f 5642/3432/484 5649/3439/1553 5643/3433/3197
f 5643/3433/3197 5649/3439/1553 5650/3440/401
f 5650/3440/401 466/432/429 5643/3433/3197
f 5651/3441/1548 466/432/429 5650/3440/401
f 5651/3441/1548 465/431/428 466/432/429
f 5652/3442/1620 5653/3443/2646 5654/3444/106
f 5655/3445/141 5654/3444/106 5653/3443/2646
f 5656/3446/2340 5655/3445/141 5653/3443/2646
f 5655/3445/141 5656/3446/2340 5657/3447/6
f 5653/3443/2646 5657/3447/6 5656/3446/2340
f 5658/3448/442 5657/3447/6 5653/3443/2646
f 5658/3448/442 5653/3443/2646 5652/3442/1620
f 5659/3449/1554 5658/3448/442 5652/3442/1620
f 5652/3442/1620 5660/3450/1856 5659/3449/1554
f 5659/3449/1554 5660/3450/1856 5661/3451/3508
f 5659/3449/1554 5661/3451/3508 5662/3452/3509
f 5662/3452/3509 5661/3451/3508 5663/3453/1557
f 5662/3452/3509 5663/3453/1557 5664/3454/3510
f 5664/3454/3510 5663/3453/1557 5665/3455/3511
f 5666/3456/288 5649/3439/1553 5648/3438/1822
f 5667/3457/3512 5650/3440/401 5649/3439/1553
f 5668/3458/1263 5651/3441/1548 5669/3459/3513
f 5669/3459/3513 5651/3441/1548 5650/3440/401
f 5669/3459/3513 5650/3440/401 5667/3457/3512
f 5669/3459/3513 5667/3457/3512 5670/3460/1340
f 5670/3460/1340 5667/3457/3512 5671/3461/1873
f 5672/3462/3514 5671/3461/1873 5667/3457/3512
f 5649/3439/1553 5672/3462/3514 5667/3457/3512
f 5655/3445/141 5672/3462/3514 5649/3439/1553
f 5655/3445/141 5649/3439/1553 5666/3456/288
f 5666/3456/288 5654/3444/106 5655/3445/141
f 5673/3463/662 5671/3461/1873 5672/3462/3514
f 5672/3462/3514 5655/3445/141 5673/3463/662
f 5673/3463/662 5655/3445/141 5657/3447/6
f 5668/3458/1263 465/431/428 5651/3441/1548
f 5668/3458/1263 464/430/427 465/431/428
f 5669/3459/3513 464/430/427 5668/3458/1263
f 464/430/427 5669/3459/3513 5674/3464/2374
f 5669/3459/3513 5670/3460/1340 5674/3464/2374
f 5675/3465/1340 5674/3464/2374 5670/3460/1340
f 5671/3461/1873 5675/3465/1340 5670/3460/1340
f 5676/3466/279 5675/3465/1340 5671/3461/1873
f 5671/3461/1873 5673/3463/662 5676/3466/279
f 5676/3466/279 5673/3463/662 5677/3467/3515
f 5673/3463/662 5657/3447/6 5677/3467/3515
f 5677/3467/3515 5657/3447/6 5678/3468/422
f 5657/3447/6 5658/3448/442 5678/3468/422
f 5678/3468/422 5658/3448/442 5679/3469/443
f 5679/3469/443 5658/3448/442 5659/3449/1554
f 5679/3469/443 5659/3449/1554 5680/3470/2609
f 5680/3470/2609 5659/3449/1554 5662/3452/3509
f 5681/3471/1157 5680/3470/2609 5662/3452/3509
f 5677/3467/3515 5678/3468/422 5676/3466/279
f 5676/3466/279 5678/3468/422 5682/3472/3490
f 5683/3473/1414 5676/3466/279 5682/3472/3490
f 5675/3465/1340 5676/3466/279 5683/3473/1414
f 5683/3473/1414 5674/3464/2374 5675/3465/1340
f 5683/3473/1414 463/429/426 5674/3464/2374
f 5674/3464/2374 463/429/426 464/430/427
f 439/405/404 5684/3474/1866 5685/3475/298
f 5684/3474/1866 439/405/404 437/403/403
f 5684/3474/1866 437/403/403 463/429/426
f 5684/3474/1866 463/429/426 5683/3473/1414
f 5684/3474/1866 5683/3473/1414 5685/3475/298
f 5685/3475/298 5683/3473/1414 5682/3472/3490
f 5682/3472/3490 5681/3471/1157 5685/3475/298
f 5682/3472/3490 5680/3470/2609 5681/3471/1157
f 5678/3468/422 5680/3470/2609 5682/3472/3490
f 5678/3468/422 5679/3469/443 5680/3470/2609
f 441/407/406 578/544/517 443/409/407
f 443/409/407 578/544/517 445/411/409
f 578/544/517 315/281/296 313/279/294
f 315/281/296 578/544/517 441/407/406
f 441/407/406 5686/3476/1565 315/281/296
f 5686/3476/1565 441/407/406 439/405/404
f 439/405/404 5685/3475/298 5686/3476/1565
f 5686/3476/1565 5685/3475/298 5687/3477/298
f 5685/3475/298 5681/3471/1157 5687/3477/298
f 315/281/296 5686/3476/1565 317/283/298
f 5688/3478/70 5689/3479/1185 299/265/280
f 300/266/281 299/265/280 5689/3479/1185
f 5681/3471/1157 5662/3452/3509 5664/3454/3510
f 5664/3454/3510 5687/3477/298 5681/3471/1157
f 5690/3480/2403 5687/3477/298 5664/3454/3510
f 5686/3476/1565 5687/3477/298 5690/3480/2403
f 5690/3480/2403 5691/3481/1914 5686/3476/1565
f 5686/3476/1565 5691/3481/1914 317/283/298
f 317/283/298 5691/3481/1914 5692/3482/3516
f 317/283/298 5692/3482/3516 316/282/297
f 5692/3482/3516 300/266/281 316/282/297
f 300/266/281 5689/3479/1185 316/282/297
f 316/282/297 5689/3479/1185 314/280/295
f 312/278/293 314/280/295 5689/3479/1185
f 312/278/293 5689/3479/1185 5688/3478/70
f 309/275/290 312/278/293 5688/3478/70
f 5688/3478/70 307/273/288 309/275/290
f 304/270/285 307/273/288 5688/3478/70
f 302/268/283 304/270/285 5688/3478/70
f 299/265/280 302/268/283 5688/3478/70
f 5693/3483/2341 5694/3484/421 5695/3485/1165
f 5694/3484/421 5696/3486/1333 5695/3485/1165
f 5695/3485/1165 5696/3486/1333 5697/3487/956
f 5698/3488/3517 5697/3487/956 5696/3486/1333
f 5699/3489/1340 5697/3487/956 5698/3488/3517
f 5699/3489/1340 5698/3488/3517 5700/3490/3284
f 5700/3490/3284 5698/3488/3517 5701/3491/1628
f 5698/3488/3517 5702/3492/3518 5701/3491/1628
f 5702/3492/3518 5703/3493/3519 5701/3491/1628
f 5701/3491/1628 5703/3493/3519 5704/3494/1183
f 5690/3480/2403 5705/3495/3520 5691/3481/1914
f 5706/3496/997 5705/3495/3520 5690/3480/2403
f 5690/3480/2403 5664/3454/3510 5706/3496/997
f 5706/3496/997 5664/3454/3510 5707/3497/3521
f 5665/3455/3511 5707/3497/3521 5664/3454/3510
f 5708/3498/3522 5707/3497/3521 5665/3455/3511
f 5665/3455/3511 5709/3499/416 5708/3498/3522
f 5701/3491/1628 5710/3500/2167 5700/3490/3284
f 5701/3491/1628 5704/3494/1183 5710/3500/2167
f 5710/3500/2167 5704/3494/1183 5711/3501/419
f 5710/3500/2167 5711/3501/419 5709/3499/416
f 5709/3499/416 5711/3501/419 5712/3502/793
f 5708/3498/3522 5709/3499/416 5712/3502/793
f 5712/3502/793 5713/3503/2610 5708/3498/3522
f 5713/3503/2610 5707/3497/3521 5708/3498/3522
f 5714/3504/697 5707/3497/3521 5713/3503/2610
f 5707/3497/3521 5714/3504/697 5706/3496/997
f 5706/3496/997 5714/3504/697 5715/3505/3523
f 5706/3496/997 5715/3505/3523 5705/3495/3520
f 5705/3495/3520 5715/3505/3523 5716/3506/3524
f 5705/3495/3520 5716/3506/3524 5691/3481/1914
f 5691/3481/1914 5716/3506/3524 5717/3507/3525
f 5692/3482/3516 5691/3481/1914 5717/3507/3525
f 5717/3507/3525 5718/3508/1024 5692/3482/3516
f 5692/3482/3516 5718/3508/1024 300/266/281
f 5718/3508/1024 298/264/279 300/266/281
f 5719/3509/3509 5713/3503/2610 5704/3494/1183
f 5704/3494/1183 5713/3503/2610 5711/3501/419
f 5712/3502/793 5711/3501/419 5713/3503/2610
f 5720/3510/3169 5704/3494/1183 5703/3493/3519
f 5719/3509/3509 5704/3494/1183 5720/3510/3169
f 5721/3511/3526 5719/3509/3509 5720/3510/3169
f 5719/3509/3509 5721/3511/3526 5722/3512/1862
f 5713/3503/2610 5719/3509/3509 5722/3512/1862
f 5722/3512/1862 5723/3513/2167 5713/3503/2610
f 5713/3503/2610 5723/3513/2167 5714/3504/697
f 5715/3505/3523 5714/3504/697 5723/3513/2167
f 5715/3505/3523 5723/3513/2167 5724/3514/3527
f 5715/3505/3523 5724/3514/3527 5716/3506/3524
f 5716/3506/3524 5724/3514/3527 5725/3515/1225
f 5716/3506/3524 5725/3515/1225 5717/3507/3525
f 5717/3507/3525 5725/3515/1225 5718/3508/1024
f 5726/3516/3526 5718/3508/1024 5725/3515/1225
f 5727/3517/1923 5718/3508/1024 5726/3516/3526
f 5726/3516/3526 5728/3518/1413 5727/3517/1923
f 5729/3519/280 5721/3511/3526 5730/3520/1874
f 5722/3512/1862 5721/3511/3526 5729/3519/280
f 5731/3521/3528 5722/3512/1862 5729/3519/280
f 5723/3513/2167 5722/3512/1862 5731/3521/3528
f 5724/3514/3527 5723/3513/2167 5731/3521/3528
f 5732/3522/420 5733/3523/1595 5730/3520/1874
f 5730/3520/1874 5733/3523/1595 5729/3519/280
f 5733/3523/1595 5728/3518/1413 5729/3519/280
f 5729/3519/280 5728/3518/1413 5731/3521/3528
f 5728/3518/1413 5726/3516/3526 5731/3521/3528
f 5731/3521/3528 5726/3516/3526 5724/3514/3527
f 5724/3514/3527 5726/3516/3526 5725/3515/1225
f 5734/3524/2669 5735/3525/3529 5736/3526/1814
f 5727/3517/1923 5735/3525/3529 5734/3524/2669
f 5737/3527/167 5727/3517/1923 5734/3524/2669
f 5727/3517/1923 5737/3527/167 298/264/279
f 5727/3517/1923 298/264/279 5718/3508/1024
f 5738/3528/1589 5737/3527/167 5739/3529/3312
f 5737/3527/167 5734/3524/2669 5739/3529/3312
f 5739/3529/3312 5734/3524/2669 5740/3530/2164
f 5736/3526/1814 5740/3530/2164 5734/3524/2669
f 5741/3531/169 5740/3530/2164 5736/3526/1814
f 5727/3517/1923 5728/3518/1413 5735/3525/3529
f 5728/3518/1413 5733/3523/1595 5735/3525/3529
f 5735/3525/3529 5733/3523/1595 5736/3526/1814
f 5733/3523/1595 5732/3522/420 5736/3526/1814
f 5736/3526/1814 5732/3522/420 5741/3531/169
f 5741/3531/169 5732/3522/420 5742/3532/1950
f 5743/3533/3421 5741/3531/169 5742/3532/1950
f 5744/3534/3530 5741/3531/169 5743/3533/3421
f 5744/3534/3530 5740/3530/2164 5741/3531/169
f 5745/1457/2680 5740/3530/2164 5744/3534/3530
f 5745/1457/2680 5739/3529/3312 5740/3530/2164
f 5739/3529/3312 5745/1457/2680 5746/1456/3531
f 5747/1461/2681 5739/3529/3312 5746/1456/3531
f 5739/3529/3312 5747/1461/2681 5738/3528/1589
f 5747/1461/2681 303/269/284 5738/3528/1589
f 5738/3528/1589 303/269/284 301/267/282
f 301/267/282 5737/3527/167 5738/3528/1589
f 5737/3527/167 301/267/282 298/264/279
f 5744/3534/3530 5743/3533/3421 5745/1457/2680
f 5748/3535/3532 5749/3536/623 5750/3537/3533
f 5750/3537/3533 5749/3536/623 5751/3538/79
f 5752/3539/200 5720/3510/3169 5753/3540/3534
f 5721/3511/3526 5720/3510/3169 5752/3539/200
f 5752/3539/200 5754/3541/3535 5721/3511/3526
f 5721/3511/3526 5754/3541/3535 5730/3520/1874
f 5730/3520/1874 5754/3541/3535 5755/3542/3280
f 5730/3520/1874 5755/3542/3280 5732/3522/420
f 5732/3522/420 5755/3542/3280 5756/3543/1380
f 5742/3532/1950 5732/3522/420 5756/3543/1380
f 5742/3532/1950 5756/3543/1380 5750/3537/3533
f 5750/3537/3533 5743/3533/3421 5742/3532/1950
f 5751/3538/79 5743/3533/3421 5750/3537/3533
f 5745/1457/2680 5743/3533/3421 5751/3538/79
f 5751/3538/79 5749/3536/623 5745/1457/2680
f 5749/3536/623 5746/1456/3531 5745/1457/2680
f 5749/3536/623 1410/994/1182 5746/1456/3531
f 5746/1456/3531 1410/994/1182 5747/1461/2681
f 1410/994/1182 1409/993/282 5747/1461/2681
f 1409/993/282 303/269/284 5747/1461/2681
f 5757/1488/3536 5758/1485/3537 5759/3544/3538
f 5760/3545/1377 5761/3546/3539 5762/3547/945
f 5763/3548/3540 5764/3549/3541 5765/3550/3541
f 5766/3551/2072 5764/3549/3541 5763/3548/3540
f 5763/3548/3540 5759/3544/3538 5766/3551/2072
f 5766/3551/2072 5759/3544/3538 5760/3545/1377
f 5767/3552/3542 5766/3551/2072 5760/3545/1377
f 5762/3547/945 5767/3552/3542 5760/3545/1377
f 5767/3552/3542 5762/3547/945 5768/3553/3543
f 5762/3547/945 5769/3554/3544 5768/3553/3543
f 5770/3555/3545 5769/3554/3544 5762/3547/945
f 5762/3547/945 5761/3546/3539 5770/3555/3545
f 5771/3556/2072 5765/3550/3541 5772/3557/204
f 5772/3557/204 5765/3550/3541 5764/3549/3541
f 5772/3557/204 5764/3549/3541 5753/3540/3534
f 5766/3551/2072 5753/3540/3534 5764/3549/3541
f 5752/3539/200 5753/3540/3534 5766/3551/2072
f 5766/3551/2072 5767/3552/3542 5752/3539/200
f 5767/3552/3542 5754/3541/3535 5752/3539/200
f 5767/3552/3542 5768/3553/3543 5754/3541/3535
f 5754/3541/3535 5768/3553/3543 5755/3542/3280
f 5768/3553/3543 5756/3543/1380 5755/3542/3280
f 5769/3554/3544 5756/3543/1380 5768/3553/3543
f 5750/3537/3533 5756/3543/1380 5769/3554/3544
f 5770/3555/3545 5750/3537/3533 5769/3554/3544
f 5748/3535/3532 5750/3537/3533 5770/3555/3545
f 5770/3555/3545 5761/3546/3539 5748/3535/3532
f 5761/3546/3539 5758/1485/3537 5748/3535/3532
f 5761/3546/3539 5760/3545/1377 5758/1485/3537
f 5759/3544/3538 5758/1485/3537 5760/3545/1377
f 5773/3558/1607 5774/3559/3546 5775/3560/2254
f 5775/3560/2254 5774/3559/3546 5776/3561/3547
f 5774/3559/3546 5777/3562/3548 5776/3561/3547
f 5778/3563/2716 5779/3564/1734 5780/3565/3549
f 5780/3565/3549 5781/3566/2198 5778/3563/2716
f 5781/3566/2198 5773/3558/1607 5778/3563/2716
f 5778/3563/2716 5773/3558/1607 5775/3560/2254
f 5775/3560/2254 5779/3564/1734 5778/3563/2716
f 5775/3560/2254 5776/3561/3547 5779/3564/1734
f 5779/3564/1734 5776/3561/3547 5782/3567/1312
f 5776/3561/3547 5777/3562/3548 5782/3567/1312
f 5782/3567/1312 5777/3562/3548 5783/3568/1553
f 5784/3569/3550 5783/3568/1553 5777/3562/3548
f 5785/3570/3551 5784/3569/3550 5777/3562/3548
f 5785/3570/3551 5777/3562/3548 5774/3559/3546
f 5786/3571/3552 5785/3570/3551 5774/3559/3546
f 5773/3558/1607 5786/3571/3552 5774/3559/3546
f 5787/3572/1754 5786/3571/3552 5773/3558/1607
f 5781/3566/2198 5787/3572/1754 5773/3558/1607
f 5788/3573/3553 5787/3572/1754 5781/3566/2198
f 5781/3566/2198 5789/3574/1846 5788/3573/3553
f 5789/3574/1846 5781/3566/2198 5780/3565/3549
f 5790/3575/3554 5785/3570/3551 5786/3571/3552
f 5790/3575/3554 5791/3576/3555 5785/3570/3551
f 5792/3577/3556 5791/3576/3555 5790/3575/3554
f 5792/3577/3556 5771/3556/2072 5791/3576/3555
f 5791/3576/3555 5771/3556/2072 5772/3557/204
f 5785/3570/3551 5793/3578/2224 5784/3569/3550
f 5791/3576/3555 5793/3578/2224 5785/3570/3551
f 5791/3576/3555 5794/3579/3557 5793/3578/2224
f 5791/3576/3555 5772/3557/204 5794/3579/3557
f 5795/3580/750 5789/3574/1846 5780/3565/3549
f 5780/3565/3549 5779/3564/1734 5795/3580/750
f 5795/3580/750 5779/3564/1734 5796/3581/2782
f 5779/3564/1734 5782/3567/1312 5796/3581/2782
f 5796/3581/2782 5782/3567/1312 5797/3582/1021
f 5783/3568/1553 5797/3582/1021 5782/3567/1312
f 5693/3483/2341 5797/3582/1021 5783/3568/1553
f 5783/3568/1553 5694/3484/421 5693/3483/2341
f 5694/3484/421 5783/3568/1553 5784/3569/3550
f 5784/3569/3550 5696/3486/1333 5694/3484/421
f 5793/3578/2224 5696/3486/1333 5784/3569/3550
f 5793/3578/2224 5698/3488/3517 5696/3486/1333
f 5794/3579/3557 5698/3488/3517 5793/3578/2224
f 5794/3579/3557 5702/3492/3518 5698/3488/3517
f 5794/3579/3557 5772/3557/204 5702/3492/3518
f 5702/3492/3518 5772/3557/204 5703/3493/3519
f 5772/3557/204 5753/3540/3534 5703/3493/3519
f 5703/3493/3519 5753/3540/3534 5720/3510/3169
f 5798/3583/3558 5799/3584/1915 5800/3585/3559
f 5788/3573/3553 5789/3574/1846 5799/3584/1915
f 5800/3585/3559 5799/3584/1915 5789/3574/1846
f 5800/3585/3559 5789/3574/1846 5795/3580/750
f 5801/3586/3508 5802/3587/1628 5803/3588/3560
f 5803/3588/3560 5802/3587/1628 5804/3589/1734
f 5803/3588/3560 5804/3589/1734 5805/3590/2525
f 5806/3591/739 5807/3592/3561 5808/3593/1211
f 5807/3592/3561 5802/3587/1628 5808/3593/1211
f 5809/3594/293 5802/3587/1628 5807/3592/3561
f 5802/3587/1628 5809/3594/293 5804/3589/1734
f 5804/3589/1734 5809/3594/293 5810/3595/3562
f 5804/3589/1734 5810/3595/3562 5811/3596/1902
f 5805/3590/2525 5804/3589/1734 5811/3596/1902
f 5805/3590/2525 5811/3596/1902 5812/3597/1902
f 5805/3590/2525 5812/3597/1902 5813/3598/3563
f 5813/3598/3563 5812/3597/1902 5814/3599/3564
f 5814/3599/3564 5815/3600/2942 5813/3598/3563
f 5814/3599/3564 5812/3597/1902 5815/3600/2942
f 5815/3600/2942 5812/3597/1902 5816/3601/168
f 5811/3596/1902 5816/3601/168 5812/3597/1902
f 5817/3602/3565 5816/3601/168 5811/3596/1902
f 5811/3596/1902 5810/3595/3562 5817/3602/3565
f 5810/3595/3562 5818/3603/1089 5817/3602/3565
f 5809/3594/293 5818/3603/1089 5810/3595/3562
f 5818/3603/1089 5809/3594/293 5819/3604/2474
f 5819/3604/2474 5809/3594/293 5807/3592/3561
f 5807/3592/3561 200/179/186 5819/3604/2474
f 5806/3591/739 200/179/186 5807/3592/3561
f 198/177/184 200/179/186 5806/3591/739
f 5820/3605/3566 5821/3606/1044 5822/3607/3567
f 5821/3606/1044 5823/3608/619 5822/3607/3567
f 5824/3609/175 5823/3608/619 5821/3606/1044
f 5824/3609/175 5825/3610/3568 5823/3608/619
f 5824/3609/175 5821/3606/1044 5826/3611/3087
f 5826/3611/3087 5821/3606/1044 5827/3612/3089
f 5828/3613/918 5826/3611/3087 5827/3612/3089
f 5829/3614/351 5830/3615/3569 5831/3616/307
f 5831/3616/307 5830/3615/3569 5832/3617/3570
f 5832/3617/3570 5833/3618/2779 5831/3616/307
f 5825/3610/3568 5833/3618/2779 5832/3617/3570
f 5833/3618/2779 5825/3610/3568 5824/3609/175
f 5833/3618/2779 5824/3609/175 5834/3619/195
f 5834/3619/195 5824/3609/175 5826/3611/3087
f 5826/3611/3087 5835/3620/2488 5834/3619/195
f 5828/3613/918 5835/3620/2488 5826/3611/3087
f 5836/3621/1547 5835/3620/2488 5828/3613/918
f 5828/3613/918 5818/3603/1089 5836/3621/1547
f 5817/3602/3565 5818/3603/1089 5828/3613/918
f 5828/3613/918 5827/3612/3089 5817/3602/3565
f 5817/3602/3565 5827/3612/3089 5816/3601/168
f 5827/3612/3089 5821/3606/1044 5816/3601/168
f 5816/3601/168 5821/3606/1044 5815/3600/2942
f 5815/3600/2942 5821/3606/1044 5820/3605/3566
f 5813/3598/3563 5815/3600/2942 5820/3605/3566
f 5830/3615/3569 5837/3622/3571 5838/3623/2788
f 5837/3622/3571 320/286/301 5838/3623/2788
f 320/286/301 5839/3624/1137 5838/3623/2788
f 5830/3615/3569 5838/3623/2788 5839/3624/1137
f 5832/3617/3570 5830/3615/3569 5839/3624/1137
f 5834/3619/195 5835/3620/2488 5840/3625/2242
f 5840/3625/2242 5833/3618/2779 5834/3619/195
f 5831/3616/307 5833/3618/2779 5840/3625/2242
f 5831/3616/307 5840/3625/2242 5829/3614/351
f 5841/3626/3146 200/179/186 199/178/185
f 5841/3626/3146 5819/3604/2474 200/179/186
f 5841/3626/3146 5842/3627/72 5819/3604/2474
f 5819/3604/2474 5842/3627/72 5818/3603/1089
f 5843/3628/3460 5818/3603/1089 5842/3627/72
f 5836/3621/1547 5818/3603/1089 5843/3628/3460
f 5843/3628/3460 5844/3629/1001 5836/3621/1547
f 5844/3629/1001 5835/3620/2488 5836/3621/1547
f 5835/3620/2488 5844/3629/1001 5845/3630/3572
f 5840/3625/2242 5835/3620/2488 5845/3630/3572
f 5846/3631/319 5840/3625/2242 5845/3630/3572
f 5829/3614/351 5840/3625/2242 5846/3631/319
f 5829/3614/351 5846/3631/319 5847/3632/1144
f 5830/3615/3569 5829/3614/351 5847/3632/1144
f 5830/3615/3569 5847/3632/1144 5848/3633/3573
f 5848/3633/3573 5837/3622/3571 5830/3615/3569
f 5848/3633/3573 318/284/299 5837/3622/3571
f 318/284/299 320/286/301 5837/3622/3571
f 5847/3632/1144 5849/3634/3574 5848/3633/3573
f 5848/3633/3573 5849/3634/3574 318/284/299
f 318/284/299 5849/3634/3574 319/285/300
f 319/285/300 5849/3634/3574 322/288/303
f 325/291/306 5850/3635/1124 5851/3636/3014
f 322/288/303 5850/3635/1124 325/291/306
f 322/288/303 5849/3634/3574 5850/3635/1124
f 5849/3634/3574 5852/3637/3575 5850/3635/1124
f 5852/3637/3575 5849/3634/3574 5847/3632/1144
f 5853/3638/3576 5852/3637/3575 5847/3632/1144
f 5847/3632/1144 5846/3631/319 5853/3638/3576
f 5846/3631/319 5854/3639/2511 5853/3638/3576
f 5845/3630/3572 5854/3639/2511 5846/3631/319
f 5855/3640/1217 5854/3639/2511 5845/3630/3572
f 5845/3630/3572 5844/3629/1001 5855/3640/1217
f 5844/3629/1001 5856/3641/1563 5855/3640/1217
f 5856/3641/1563 5844/3629/1001 5843/3628/3460
f 5843/3628/3460 5842/3627/72 5856/3641/1563
f 5856/3641/1563 5842/3627/72 5841/3626/3146
f 5856/3641/1563 5841/3626/3146 199/178/185
f 5855/3640/1217 5856/3641/1563 199/178/185
f 199/178/185 5575/3365/3468 5855/3640/1217
f 5853/3638/3576 5854/3639/2511 5852/3637/3575
f 5851/3636/3014 5857/3642/2173 5858/3643/68
f 5851/3636/3014 5859/3644/2311 5857/3642/2173
f 5850/3635/1124 5859/3644/2311 5851/3636/3014
f 5850/3635/1124 5860/3645/2498 5859/3644/2311
f 5852/3637/3575 5860/3645/2498 5850/3635/1124
f 5852/3637/3575 5854/3639/2511 5860/3645/2498
f 5860/3645/2498 5861/3646/3470 5859/3644/2311
f 5861/3646/3470 5860/3645/2498 5862/3647/3577
f 5862/3647/3577 5860/3645/2498 5854/3639/2511
f 5862/3647/3577 5854/3639/2511 5855/3640/1217
f 5855/3640/1217 5575/3365/3468 5862/3647/3577
f 5863/3648/3578 5862/3647/3577 5575/3365/3468
f 5861/3646/3470 5862/3647/3577 5863/3648/3578
f 5863/3648/3578 5864/3649/3191 5861/3646/3470
f 5861/3646/3470 5864/3649/3191 5865/3650/3579
f 5859/3644/2311 5861/3646/3470 5865/3650/3579
f 5866/3651/3146 5859/3644/2311 5865/3650/3579
f 5859/3644/2311 5866/3651/3146 5857/3642/2173
f 5857/3642/2173 5866/3651/3146 5867/3652/2516
f 5868/3653/518 5857/3642/2173 5867/3652/2516
f 5869/3654/1527 5857/3642/2173 5868/3653/518
f 5858/3643/68 5857/3642/2173 5869/3654/1527
f 5869/3654/1527 381/347/352 5858/3643/68
f 5858/3643/68 381/347/352 370/336/345
f 5851/3636/3014 5858/3643/68 370/336/345
f 5851/3636/3014 370/336/345 325/291/306
f 5525/3315/1493 5526/3316/1042 5539/3329/179
f 5864/3649/3191 5866/3651/3146 5865/3650/3579
f 5539/3329/179 5575/3365/3468 5568/3358/2770
f 5863/3648/3578 5575/3365/3468 5539/3329/179
f 5539/3329/179 5526/3316/1042 5863/3648/3578
f 5526/3316/1042 5864/3649/3191 5863/3648/3578
f 5526/3316/1042 5527/3317/3476 5864/3649/3191
f 5527/3317/3476 5866/3651/3146 5864/3649/3191
f 5528/3318/3477 5866/3651/3146 5527/3317/3476
f 5866/3651/3146 5528/3318/3477 5867/3652/2516
f 5867/3652/2516 5528/3318/3477 5517/3307/1807
f 5517/3307/1807 5868/3653/518 5867/3652/2516
f 5518/3308/3474 5868/3653/518 5517/3307/1807
f 5518/3308/3474 5870/3655/62 5868/3653/518
f 5518/3308/3474 5519/3309/2772 5870/3655/62
f 5870/3655/62 5519/3309/2772 5871/3656/3468
f 5514/3304/952 5871/3656/3468 5519/3309/2772
f 5872/3657/1427 5871/3656/3468 5514/3304/952
f 5873/3658/460 5872/3657/1427 5514/3304/952
f 5872/3657/1427 5873/3658/460 5874/3659/2359
f 475/441/435 5873/3658/460 469/435/436
f 469/435/436 5873/3658/460 467/433/712
f 5873/3658/460 5514/3304/952 467/433/712
f 514/480/333 527/493/472 512/478/436
f 512/478/436 527/493/472 5875/3660/2722
f 5875/3660/2722 527/493/472 529/495/195
f 5874/3659/2359 5873/3658/460 475/441/435
f 5876/3661/2664 5874/3659/2359 475/441/435
f 473/439/433 5876/3661/2664 475/441/435
f 473/439/433 5877/3662/1428 5876/3661/2664
f 510/476/461 5877/3662/1428 473/439/433
f 5878/3663/462 5877/3662/1428 510/476/461
f 510/476/461 512/478/436 5878/3663/462
f 5878/3663/462 512/478/436 5879/3664/2662
f 5879/3664/2662 512/478/436 5875/3660/2722
f 5879/3664/2662 5875/3660/2722 5880/3665/3580
f 5880/3665/3580 5875/3660/2722 529/495/195
f 5880/3665/3580 529/495/195 5881/3666/50
f 529/495/195 530/496/474 5881/3666/50
f 530/496/474 5882/3667/2460 5881/3666/50
f 530/496/474 532/498/475 5882/3667/2460
f 5882/3667/2460 532/498/475 5883/3668/347
f 5883/3668/347 532/498/475 5884/3669/3477
f 5883/3668/347 5884/3669/3477 5885/3670/310
f 5868/3653/518 5870/3655/62 5886/3671/3102
f 5871/3656/3468 5886/3671/3102 5870/3655/62
f 5887/3672/186 5886/3671/3102 5871/3656/3468
f 5871/3656/3468 5872/3657/1427 5887/3672/186
f 5887/3672/186 5872/3657/1427 5888/3673/1569
f 5874/3659/2359 5888/3673/1569 5872/3657/1427
f 5889/3674/3581 5888/3673/1569 5874/3659/2359
f 5874/3659/2359 5876/3661/2664 5889/3674/3581
f 5889/3674/3581 5876/3661/2664 5877/3662/1428
f 5889/3674/3581 5877/3662/1428 5880/3665/3580
f 5880/3665/3580 5877/3662/1428 5879/3664/2662
f 5879/3664/2662 5877/3662/1428 5878/3663/462
f 5881/3666/50 5882/3667/2460 5883/3668/347
f 5883/3668/347 5880/3665/3580 5881/3666/50
f 5885/3670/310 5880/3665/3580 5883/3668/347
f 5889/3674/3581 5880/3665/3580 5885/3670/310
f 5885/3670/310 5887/3672/186 5889/3674/3581
f 5889/3674/3581 5887/3672/186 5888/3673/1569
f 5885/3670/310 5884/3669/3477 5890/3675/2275
f 5885/3670/310 5890/3675/2275 5887/3672/186
f 5891/3676/2241 5887/3672/186 5890/3675/2275
f 5891/3676/2241 5886/3671/3102 5887/3672/186
f 5892/3677/3582 5886/3671/3102 5891/3676/2241
f 5886/3671/3102 5892/3677/3582 5868/3653/518
f 5892/3677/3582 5893/3678/2311 5868/3653/518
f 5869/3654/1527 5868/3653/518 5893/3678/2311
f 5869/3654/1527 5893/3678/2311 5891/3676/2241
f 5891/3676/2241 381/347/352 5869/3654/1527
f 5891/3676/2241 5894/3679/319 381/347/352
f 381/347/352 5894/3679/319 380/346/346
f 5894/3679/319 5895/3680/1108 380/346/346
f 380/346/346 5895/3680/1108 379/345/351
f 379/345/351 5895/3680/1108 347/313/327
f 347/313/327 378/344/188 379/345/351
f 378/344/188 347/313/327 345/311/325
f 355/321/333 378/344/188 345/311/325
f 5893/3678/2311 5892/3677/3582 5891/3676/2241
f 5896/3681/1527 5894/3679/319 5897/3682/2493
f 5897/3682/2493 5894/3679/319 5891/3676/2241
f 5890/3675/2275 5897/3682/2493 5891/3676/2241
f 5884/3669/3477 5897/3682/2493 5890/3675/2275
f 5884/3669/3477 532/498/475 5897/3682/2493
f 5897/3682/2493 532/498/475 5896/3681/1527
f 532/498/475 531/497/310 5896/3681/1527
f 5896/3681/1527 531/497/310 5898/3683/3583
f 531/497/310 5899/3684/1149 5898/3683/3583
f 5899/3684/1149 531/497/310 528/494/473
f 528/494/473 5900/3685/3269 5899/3684/1149
f 5900/3685/3269 528/494/473 526/492/471
f 5901/3686/2519 5900/3685/3269 526/492/471
f 5901/3686/2519 526/492/471 525/491/470
f 5902/3687/3584 5901/3686/2519 525/491/470
f 525/491/470 524/490/469 5902/3687/3584
f 524/490/469 5903/3688/521 5902/3687/3584
f 1374/958/1156 5903/3688/521 524/490/469
f 524/490/469 523/489/433 1374/958/1156
f 1374/958/1156 523/489/433 534/500/477
f 534/500/477 523/489/433 522/488/468
f 348/314/328 347/313/327 5895/3680/1108
f 348/314/328 5895/3680/1108 354/320/332
f 354/320/332 5895/3680/1108 5904/3689/2586
f 5904/3689/2586 5895/3680/1108 5894/3679/319
f 5904/3689/2586 5894/3679/319 5896/3681/1527
f 5905/3690/1637 5904/3689/2586 5896/3681/1527
f 5896/3681/1527 5898/3683/3583 5905/3690/1637
f 5906/3691/333 5905/3690/1637 5898/3683/3583
f 5898/3683/3583 5899/3684/1149 5906/3691/333
f 5899/3684/1149 5907/3692/1118 5906/3691/333
f 5899/3684/1149 5900/3685/3269 5907/3692/1118
f 5908/3693/1031 5907/3692/1118 5900/3685/3269
f 5908/3693/1031 5900/3685/3269 5901/3686/2519
f 5901/3686/2519 5909/3694/3585 5908/3693/1031
f 5909/3694/3585 5901/3686/2519 5902/3687/3584
f 1363/947/1149 5909/3694/3585 5902/3687/3584
f 5902/3687/3584 5903/3688/521 1363/947/1149
f 1364/948/1150 1363/947/1149 5903/3688/521
f 1364/948/1150 5903/3688/521 1374/958/1156
f 5908/3693/1031 5909/3694/3585 5910/3695/317
f 5910/3695/317 5911/3696/313 5908/3693/1031
f 5908/3693/1031 5911/3696/313 5912/3697/3586
f 5912/3697/3586 5907/3692/1118 5908/3693/1031
f 1362/946/39 5909/3694/3585 1363/947/1149
f 5909/3694/3585 1362/946/39 5910/3695/317
f 5910/3695/317 1362/946/39 1361/945/150
f 1361/945/150 5911/3696/313 5910/3695/317
f 1361/945/150 5913/3698/1018 5911/3696/313
f 5911/3696/313 5913/3698/1018 5914/3699/994
f 5915/3700/1155 5911/3696/313 5914/3699/994
f 5912/3697/3586 5911/3696/313 5915/3700/1155
f 5915/3700/1155 5916/3701/518 5912/3697/3586
f 5916/3701/518 5907/3692/1118 5912/3697/3586
f 5917/3702/2722 5907/3692/1118 5916/3701/518
f 5906/3691/333 5907/3692/1118 5917/3702/2722
f 354/320/332 5904/3689/2586 5905/3690/1637
f 353/319/331 354/320/332 5918/3703/2770
f 5918/3703/2770 354/320/332 5905/3690/1637
f 5918/3703/2770 5905/3690/1637 5906/3691/333
f 5917/3702/2722 5916/3701/518 5919/3704/3587
f 5906/3691/333 5917/3702/2722 5918/3703/2770
f 5918/3703/2770 5917/3702/2722 5919/3704/3587
f 353/319/331 5918/3703/2770 5919/3704/3587
f 5920/3705/3190 353/319/331 5919/3704/3587
f 5920/3705/3190 352/318/330 353/319/331
f 5920/3705/3190 360/326/131 352/318/330
f 5921/3706/706 360/326/131 5920/3705/3190
f 5920/3705/3190 5919/3704/3587 5921/3706/706
f 5919/3704/3587 5922/3707/1131 5921/3706/706
f 5919/3704/3587 5916/3701/518 5922/3707/1131
f 5922/3707/1131 5916/3701/518 5923/3708/2725
f 5923/3708/2725 5916/3701/518 5915/3700/1155
f 5923/3708/2725 5915/3700/1155 5924/3709/3588
f 5924/3709/3588 5915/3700/1155 5914/3699/994
f 5924/3709/3588 5914/3699/994 410/376/379
f 410/376/379 5914/3699/994 5913/3698/1018
f 410/376/379 5913/3698/1018 411/377/380
f 5913/3698/1018 1361/945/150 411/377/380
f 5921/3706/706 5922/3707/1131 5925/3710/2272
f 5925/3710/2272 5922/3707/1131 5923/3708/2725
f 5923/3708/2725 5924/3709/3588 5925/3710/2272
f 1327/911/1122 5926/3711/336 1328/912/352
f 1330/914/358 1328/912/352 5926/3711/336
f 5926/3711/336 5927/3712/3589 1330/914/358
f 1330/914/358 5927/3712/3589 431/397/399
f 431/397/399 5927/3712/3589 5928/3713/2797
f 430/396/398 431/397/399 5928/3713/2797
f 368/334/344 430/396/398 5928/3713/2797
f 366/332/343 430/396/398 368/334/344
f 430/396/398 366/332/343 364/330/341
f 428/394/397 430/396/398 364/330/341
f 428/394/397 364/330/341 362/328/339
f 362/328/339 360/326/131 428/394/397
f 428/394/397 360/326/131 5921/3706/706
f 5921/3706/706 426/392/395 428/394/397
f 5925/3710/2272 426/392/395 5921/3706/706
f 5925/3710/2272 409/375/378 426/392/395
f 5925/3710/2272 5924/3709/3588 409/375/378
f 410/376/379 409/375/378 5924/3709/3588
f 1209/793/1121 1208/792/1030 1212/796/1121
f 5927/3712/3589 5929/3714/3590 5928/3713/2797
f 5928/3713/2797 5929/3714/3590 368/334/344
f 5929/3714/3590 369/335/196 368/334/344
f 369/335/196 5929/3714/3590 5930/3715/3591
f 5929/3714/3590 5927/3712/3589 5930/3715/3591
f 5930/3715/3591 5927/3712/3589 5931/3716/3592
f 5931/3716/3592 5927/3712/3589 5926/3711/336
f 5931/3716/3592 5926/3711/336 5932/3717/3351
f 5932/3717/3351 5926/3711/336 1327/911/1122
f 1327/911/1122 5933/3718/32 5932/3717/3351
f 1327/911/1122 1212/796/1035 5933/3718/32
f 1212/796/1035 5934/1306/2584 5933/3718/32
f 1208/792/1030 5934/1306/2584 1212/796/1035
f 1207/791/1029 5934/1306/2584 1208/792/1030
f 1207/791/1029 5935/1294/2989 5934/1306/2584
f 5936/3719/3593 5935/1294/2989 1207/791/1029
f 5936/3719/3593 5937/1296/889 5935/1294/2989
f 5938/3720/3029 5937/1296/889 5936/3719/3593
f 5938/3720/3029 5939/3721/3594 5937/1296/889
f 5938/3720/3029 230/209/214 5939/3721/3594
f 367/333/313 392/358/362 365/331/342
f 367/333/313 394/360/364 392/358/362
f 367/333/313 369/335/196 394/360/364
f 394/360/364 369/335/196 5940/3722/329
f 5930/3715/3591 5940/3722/329 369/335/196
f 5941/3723/2062 5940/3722/329 5930/3715/3591
f 5930/3715/3591 5931/3716/3592 5941/3723/2062
f 394/360/364 5940/3722/329 395/361/300
f 395/361/300 5940/3722/329 5942/3724/352
f 5941/3723/2062 5942/3724/352 5940/3722/329
f 5943/3725/2278 5942/3724/352 5941/3723/2062
f 5944/3726/2471 5943/3725/2278 5941/3723/2062
f 5941/3723/2062 5931/3716/3592 5944/3726/2471
f 5945/3727/910 5944/3726/2471 5931/3716/3592
f 5932/3717/3351 5945/3727/910 5931/3716/3592
f 5932/3717/3351 5946/3728/1439 5945/3727/910
f 5932/3717/3351 5933/3718/32 5946/3728/1439
f 5946/3728/1439 5933/3718/32 5934/1306/2584
f 5934/1306/2584 5935/1294/2989 5946/3728/1439
f 5946/3728/1439 5935/1294/2989 5937/1296/889
f 5937/1296/889 5947/3729/317 5946/3728/1439
f 5945/3727/910 5946/3728/1439 5947/3729/317
f 5947/3729/317 5948/3730/3080 5945/3727/910
f 5948/3730/3080 5944/3726/2471 5945/3727/910
f 5948/3730/3080 5943/3725/2278 5944/3726/2471
f 5949/3731/2231 393/359/363 5950/3732/1106
f 5949/3731/2231 5951/3733/3595 393/359/363
f 5951/3733/3595 391/357/361 393/359/363
f 390/356/360 391/357/361 5951/3733/3595
f 390/356/360 5951/3733/3595 5952/3734/332
f 5953/3735/30 5954/3736/345 5955/3737/1532
f 5955/3737/1532 5939/3721/3594 5953/3735/30
f 5956/3738/2735 5939/3721/3594 5955/3737/1532
f 5937/1296/889 5939/3721/3594 5956/3738/2735
f 5956/3738/2735 5947/3729/317 5937/1296/889
f 5955/3737/1532 5947/3729/317 5956/3738/2735
f 5955/3737/1532 5948/3730/3080 5947/3729/317
f 5954/3736/345 5948/3730/3080 5955/3737/1532
f 5943/3725/2278 5948/3730/3080 5954/3736/345
f 5957/3739/305 5943/3725/2278 5954/3736/345
f 5942/3724/352 5943/3725/2278 5957/3739/305
f 5958/3740/3596 5942/3724/352 5957/3739/305
f 395/361/300 5942/3724/352 5958/3740/3596
f 5959/3741/358 395/361/300 5958/3740/3596
f 393/359/363 395/361/300 5959/3741/358
f 5959/3741/358 211/190/196 393/359/363
f 393/359/363 211/190/196 5950/3732/1106
f 5950/3732/1106 211/190/196 210/189/195
f 5952/3734/332 5950/3732/1106 210/189/195
f 5949/3731/2231 5950/3732/1106 5952/3734/332
f 5952/3734/332 5951/3733/3595 5949/3731/2231
f 229/208/207 230/209/214 5936/3719/3593
f 5936/3719/3593 230/209/214 5938/3720/3029
f 5958/3740/3596 5960/3742/3597 5959/3741/358
f 5960/3742/3597 211/190/196 5959/3741/358
f 5961/3743/14 211/190/196 5960/3742/3597
f 211/190/196 5961/3743/14 209/188/194
f 209/188/194 5961/3743/14 5962/3744/3598
f 209/188/194 5962/3744/3598 206/185/191
f 5939/3721/3594 230/209/214 5953/3735/30
f 230/209/214 231/210/215 5953/3735/30
f 231/210/215 5954/3736/345 5953/3735/30
f 232/211/216 5954/3736/345 231/210/215
f 5957/3739/305 5954/3736/345 232/211/216
f 233/212/217 5957/3739/305 232/211/216
f 5958/3740/3596 5957/3739/305 233/212/217
f 5958/3740/3596 233/212/217 219/198/204
f 219/198/204 5960/3742/3597 5958/3740/3596
f 216/195/201 5960/3742/3597 219/198/204
f 5960/3742/3597 216/195/201 5961/3743/14
f 5961/3743/14 216/195/201 215/194/200
f 5962/3744/3598 5961/3743/14 215/194/200
f 215/194/200 5963/3745/3599 5962/3744/3598
f 206/185/191 5962/3744/3598 5963/3745/3599
f 5963/3745/3599 5964/3746/2792 206/185/191
f 206/185/191 5964/3746/2792 204/183/189
f 5965/3747/3600 204/183/189 5964/3746/2792
f 5966/3748/3601 5967/3749/3602 5968/3750/3603
f 5968/3750/3603 5969/3751/3604 5966/3748/3601
f 5966/3748/3601 5969/3751/3604 5970/3752/3605
f 5970/3752/3605 5969/3751/3604 5971/3753/974
f 5971/3753/974 5969/3751/3604 215/194/200
f 215/194/200 224/203/209 5971/3753/974
f 5972/3754/2035 5973/3755/2806 5974/3756/2032
f 5973/3755/2806 5975/3757/906 5974/3756/2032
f 5975/3757/906 5973/3755/2806 5976/3758/1473
f 5976/3758/1473 5973/3755/2806 5977/3759/2188
f 5977/3759/2188 5973/3755/2806 5972/3754/2035
f 5972/3754/2035 5978/3760/978 5977/3759/2188
f 5979/3761/1524 5978/3760/978 5972/3754/2035
f 5979/3761/1524 5980/3762/1748 5978/3760/978
f 5981/3763/314 5980/3762/1748 5979/3761/1524
f 5981/3763/314 5965/3747/3600 5980/3762/1748
f 5968/3750/3603 5980/3762/1748 5965/3747/3600
f 5965/3747/3600 5964/3746/2792 5968/3750/3603
f 5968/3750/3603 5964/3746/2792 5969/3751/3604
f 5969/3751/3604 5964/3746/2792 5963/3745/3599
f 5969/3751/3604 5963/3745/3599 215/194/200
f 5978/3760/978 5980/3762/1748 5982/3764/979
f 5978/3760/978 5982/3764/979 5977/3759/2188
f 5977/3759/2188 5982/3764/979 5976/3758/1473
f 201/180/187 204/183/189 5965/3747/3600
f 201/180/187 5965/3747/3600 5981/3763/314
f 5981/3763/314 202/181/188 201/180/187
f 5981/3763/314 5983/3765/965 202/181/188
f 5979/3761/1524 5983/3765/965 5981/3763/314
f 5983/3765/965 5979/3761/1524 5984/3766/3606
f 5984/3766/3606 5979/3761/1524 5972/3754/2035
f 5984/3766/3606 5972/3754/2035 5985/3767/144
f 5985/3767/144 5972/3754/2035 5974/3756/2032
f 5974/3756/2032 5986/3768/2942 5985/3767/144
f 5974/3756/2032 5975/3757/906 5986/3768/2942
f 5975/3757/906 5987/3769/2550 5986/3768/2942
f 5987/3769/2550 5975/3757/906 5988/3770/2552
f 5988/3770/2552 5975/3757/906 5976/3758/1473
f 5988/3770/2552 5976/3758/1473 5967/3749/3602
f 5967/3749/3602 5976/3758/1473 5982/3764/979
f 5968/3750/3603 5967/3749/3602 5982/3764/979
f 5982/3764/979 5980/3762/1748 5968/3750/3603
f 5989/3771/2025 5990/3772/3144 5991/3773/2101
f 5985/3767/144 5986/3768/2942 5990/3772/3144
f 5991/3773/2101 5990/3772/3144 5986/3768/2942
f 5986/3768/2942 5987/3769/2550 5991/3773/2101
f 5992/3774/1163 5993/3775/489 5994/3776/3607
f 5994/3776/3607 5995/3777/1578 5992/3774/1163
f 5996/3778/459 5995/3777/1578 5994/3776/3607
f 5997/3779/3608 5995/3777/1578 5996/3778/459
f 5997/3779/3608 5996/3778/459 5998/3780/459
f 5998/3780/459 5996/3778/459 5999/3781/460
f 5996/3778/459 6000/3782/460 5999/3781/460
f 5999/3781/460 6000/3782/460 6001/3783/1161
f 6001/3783/1161 6000/3782/460 6002/3784/1161
f 6001/3783/1161 6002/3784/1161 6003/3785/712
f 6003/3785/712 6002/3784/1161 6004/3786/521
f 6003/3785/712 6004/3786/521 6005/3787/3609
f 6005/3787/3609 6004/3786/521 6006/3788/3610
f 6006/3788/3610 6007/3789/2552 6005/3787/3609
f 6008/3790/3611 6007/3789/2552 6006/3788/3610
f 6008/3790/3611 6009/3791/2466 6007/3789/2552
f 6010/3792/3612 6009/3791/2466 6008/3790/3611
f 6010/3792/3612 6011/3793/3552 6009/3791/2466
f 6003/3785/712 5999/3781/460 6001/3783/1161
f 6012/3794/456 5999/3781/460 6003/3785/712
f 6005/3787/3609 6012/3794/456 6003/3785/712
f 6013/3795/3613 6012/3794/456 6005/3787/3609
f 6007/3789/1754 6013/3795/3613 6005/3787/3609
f 6014/3796/462 5998/3780/459 5999/3781/460
f 5999/3781/460 6012/3794/456 6014/3796/462
f 6014/3796/462 6012/3794/456 6015/3797/3614
f 6016/3798/3615 6015/3797/3614 6012/3794/456
f 6013/3795/3613 6016/3798/3615 6012/3794/456
f 6017/3799/1863 6016/3798/3615 6013/3795/3613
f 5995/3777/1578 6018/3800/1460 6019/3801/489
f 5997/3779/3608 6018/3800/1460 5995/3777/1578
f 6018/3800/1460 5997/3779/3608 6020/3802/3608
f 6020/3802/3608 5997/3779/3608 5998/3780/459
f 6020/3802/3608 5998/3780/459 6021/3803/1091
f 6021/3803/1091 5998/3780/459 6014/3796/462
f 6022/3804/1427 6021/3803/1091 6014/3796/462
f 6015/3797/3614 6022/3804/1427 6014/3796/462
f 6023/3805/3616 6022/3804/1427 6015/3797/3614
f 6016/3798/3615 6023/3805/3616 6015/3797/3614
f 6024/3806/1294 6023/3805/3616 6016/3798/3615
f 6017/3799/1863 6024/3806/1294 6016/3798/3615
f 6025/3807/3617 6024/3806/1294 6017/3799/1863
f 6026/3808/3617 6025/3807/3617 6017/3799/1863
f 6027/3809/3618 6025/3807/3617 6026/3808/3617
f 6028/3810/496 6027/3809/3618 6026/3808/3617
f 6029/3811/3619 6027/3809/3618 6028/3810/496
f 6030/3812/3620 6029/3811/3619 6028/3810/496
f 6031/3813/3621 6017/3799/496 6013/3795/496
f 6032/3814/944 6028/3810/496 6033/3815/974
f 6033/3815/974 6028/3810/496 6031/3813/3621
f 6028/3810/496 6026/3808/3617 6031/3813/3621
f 6026/3808/3617 6017/3799/1863 6031/3813/3621
f 6034/3816/3622 6035/3817/3622 6036/3818/2642
f 6034/3816/3622 6036/3818/2642 6037/3819/3623
f 6037/3819/3623 6033/3815/974 6034/3816/3622
f 6032/3814/944 6033/3815/974 6037/3819/3623
f 6038/3820/3624 6032/3814/944 6037/3819/3623
f 6039/3821/1438 6032/3814/944 6038/3820/3624
f 6039/3821/1438 6040/3822/3625 6032/3814/944
f 6032/3814/944 6040/3822/3625 6028/3810/496
f 6040/3822/3625 6030/3812/3620 6028/3810/496
f 6041/3823/3626 6029/3811/3619 6030/3812/3620
f 6030/3812/3620 6042/3824/3627 6041/3823/3626
f 6040/3822/3625 6042/3824/3627 6030/3812/3620
f 6042/3824/3627 6040/3822/3625 6043/3825/3628
f 6043/3825/3628 6040/3822/3625 6039/3821/1438
f 6039/3821/1438 6044/3826/981 6043/3825/3628
f 6038/3820/3624 6044/3826/981 6039/3821/1438
f 6045/3827/1389 6044/3826/981 6038/3820/3624
f 6037/3819/3623 6045/3827/1389 6038/3820/3624
f 6046/3828/3629 6045/3827/1389 6037/3819/3623
f 6037/3819/3623 6036/3818/2642 6046/3828/3629
f 6046/3828/3629 6036/3818/2642 6047/3829/3630
f 6047/3829/3630 6036/3818/2642 6048/3830/3631
f 6048/3830/3631 6036/3818/2642 6035/3817/3622
f 6035/3817/3622 6049/3831/2088 6048/3830/3631
f 6050/3832/3632 6049/3831/2088 6035/3817/3622
f 6035/3817/3622 6051/3833/3632 6050/3832/3632
f 6050/3832/3632 6051/3833/3632 6052/3834/211
f 6051/3833/3632 6053/3835/3612 6052/3834/211
f 6053/3835/3612 6054/3836/674 6052/3834/211
f 6053/3835/3612 6055/3837/3633 6054/3836/674
f 6056/3838/1470 6055/3837/3633 6053/3835/3612
f 6057/3839/1796 6055/3837/3633 6056/3838/1470
f 6057/3839/1796 6056/3838/1470 6058/3840/367
f 6058/3840/367 6059/3841/3634 6057/3839/1796
f 6060/3842/3612 6059/3841/3634 6058/3840/367
f 6061/3843/982 6059/3841/3634 6060/3842/3612
f 6060/3842/3612 6062/3844/3635 6061/3843/982
f 6061/3843/982 6062/3844/3635 6063/3845/3124
f 6063/3845/3124 6062/3844/3635 6064/3846/3636
f 6064/3846/3636 6062/3844/3635 6065/3847/200
f 6065/3847/200 6066/3848/3540 6064/3846/3636
f 6067/3849/3548 6066/3848/3540 6065/3847/200
f 6067/3849/3548 6065/3847/200 6068/3850/3637
f 6065/3847/200 6062/3844/3635 6068/3850/3637
f 6068/3850/3637 6062/3844/3635 6069/3851/3638
f 6070/3852/3639 6053/3835/3612 6051/3833/3632
f 6056/3838/1470 6053/3835/3612 6070/3852/3639
f 6071/3853/3640 6056/3838/1470 6070/3852/3639
f 6058/3840/367 6056/3838/1470 6071/3853/3640
f 6071/3853/3640 6060/3842/3612 6058/3840/367
f 6069/3851/3638 6060/3842/3612 6071/3853/3640
f 6069/3851/3638 6062/3844/3635 6060/3842/3612
f 6031/3813/3621 6013/3795/3613 6007/3789/1754
f 6007/3789/1754 6009/3791/2466 6031/3813/3621
f 6031/3813/3621 6009/3791/2466 6033/3815/974
f 6009/3791/2466 6011/3793/3552 6033/3815/974
f 6033/3815/974 6011/3793/3552 6034/3816/3622
f 6011/3793/3552 6072/3854/3641 6034/3816/3622
f 6034/3816/3622 6072/3854/3641 6035/3817/3622
f 6072/3854/3641 6073/3855/3642 6035/3817/3622
f 6035/3817/3622 6073/3855/3642 6051/3833/3632
f 6073/3855/3642 6070/3852/3639 6051/3833/3632
f 6073/3855/3642 6074/3856/3642 6070/3852/3639
f 6070/3852/3639 6074/3856/3642 6071/3853/3640
f 6075/3857/3643 6071/3853/3640 6074/3856/3642
f 6069/3851/3638 6071/3853/3640 6075/3857/3643
f 6075/3857/3643 6076/3858/2810 6069/3851/3638
f 6069/3851/3638 6076/3858/2810 6068/3850/3637
f 6077/3859/3644 6068/3850/3637 6076/3858/2810
f 6067/3849/3548 6068/3850/3637 6077/3859/3644
f 6078/3860/3645 6011/3793/3552 6010/3792/3612
f 6078/3860/3645 6072/3854/3641 6011/3793/3552
f 6079/3861/3645 6072/3854/3641 6078/3860/3645
f 6072/3854/3641 6079/3861/3645 6073/3855/3642
f 6073/3855/3642 6079/3861/3645 6080/3862/3646
f 6073/3855/3642 6080/3862/3646 6081/3863/3647
f 6073/3855/3642 6081/3863/3647 6074/3856/3642
f 6074/3856/3642 6081/3863/3647 6082/3864/3648
f 6074/3856/3642 6082/3864/3648 6075/3857/3643
f 6075/3857/3643 6082/3864/3648 6083/3865/3649
f 6083/3865/3649 6084/3866/1746 6075/3857/3643
f 6085/3867/3650 6084/3866/1746 6083/3865/3649
f 6085/3867/3650 6086/3868/3651 6084/3866/1746
f 6087/3869/1748 6086/3868/3651 6085/3867/3650
f 6087/3869/1748 6085/3867/3650 6088/3870/204
f 6087/3869/1748 6088/3870/204 6089/3871/210
f 6089/3871/210 6088/3870/204 6090/3872/1009
f 6088/3870/204 6091/3873/3652 6090/3872/1009
f 6081/3863/3647 6080/3862/3646 6092/3874/3546
f 6093/3875/1613 6081/3863/3647 6092/3874/3546
f 6093/3875/1613 6082/3864/3648 6081/3863/3647
f 6094/3876/1158 6082/3864/3648 6093/3875/1613
f 6094/3876/1158 6095/3877/974 6082/3864/3648
f 6082/3864/3648 6095/3877/974 6083/3865/3649
f 6083/3865/3649 6095/3877/974 6091/3873/3652
f 6083/3865/3649 6091/3873/3652 6085/3867/3650
f 6085/3867/3650 6091/3873/3652 6088/3870/204
f 6090/3872/1009 6091/3873/3652 6096/3878/2571
f 6091/3873/3652 6097/3879/3653 6096/3878/2571
f 6095/3877/974 6097/3879/3653 6091/3873/3652
f 6097/3879/3653 6095/3877/974 6098/3880/3619
f 6094/3876/1158 6098/3880/3619 6095/3877/974
f 6099/3881/2200 6098/3880/3619 6094/3876/1158
f 6099/3881/2200 6094/3876/1158 6093/3875/1613
f 6099/3881/2200 6093/3875/1613 6100/3882/1786
f 6093/3875/1613 6092/3874/3546 6100/3882/1786
f 6100/3882/1786 6092/3874/3546 6101/3883/1420
f 6092/3874/3546 6102/3884/3538 6101/3883/1420
f 6092/3874/3546 6080/3862/3646 6102/3884/3538
f 6080/3862/3646 6103/3885/3646 6102/3884/3538
f 6079/3861/3645 6103/3885/3646 6080/3862/3646
f 6103/3885/3646 6079/3861/3645 6104/3886/1006
f 6104/3886/1006 6079/3861/3645 6105/3887/1235
f 6106/3888/3654 6105/3887/1235 6079/3861/3645
f 6107/3889/2980 6105/3887/1235 6106/3888/3654
f 6078/3860/3645 6106/3888/3654 6079/3861/3645
f 6078/3860/3645 6108/3890/3612 6106/3888/3654
f 6078/3860/3645 6010/3792/3612 6108/3890/3612
f 6106/3888/3654 6109/3891/3655 6107/3889/2980
f 6108/3890/3612 6109/3891/3655 6106/3888/3654
f 6109/3891/3655 6108/3890/3612 6110/3892/1785
f 6110/3892/1785 6108/3890/3612 6111/3893/3656
f 6110/3892/1785 6111/3893/3656 6112/3894/3657
f 6113/3895/3658 6112/3894/3657 6111/3893/3656
f 6114/3896/3659 6112/3894/3657 6113/3895/3658
f 6113/3895/3658 6115/3897/2083 6114/3896/3659
f 6114/3896/3659 6115/3897/2083 6116/3898/2087
f 6117/3899/367 6116/3898/2087 6115/3897/2083
f 6118/3900/3660 6116/3898/2087 6117/3899/367
f 6118/3900/3660 6117/3899/367 6119/3901/3634
f 6117/3899/367 6120/3902/966 6119/3901/3634
f 6119/3901/3634 6120/3902/966 6121/3903/344
f 6121/3903/344 6120/3902/966 6122/3904/3661
f 6122/3904/3661 6123/3905/3661 6121/3903/344
f 6124/3906/2700 6123/3905/3661 6122/3904/3661
f 6124/3906/2700 6125/3907/1506 6123/3905/3661
f 6115/3897/2083 6120/3902/966 6117/3899/367
f 6120/3902/966 6115/3897/2083 6126/3908/3662
f 6126/3908/3662 6115/3897/2083 6113/3895/3658
f 6111/3893/3656 6126/3908/3662 6113/3895/3658
f 6108/3890/3612 6126/3908/3662 6111/3893/3656
f 6108/3890/3612 6010/3792/3612 6126/3908/3662
f 6010/3792/3612 6120/3902/966 6126/3908/3662
f 6008/3790/3611 6120/3902/966 6010/3792/3612
f 6120/3902/966 6008/3790/3611 6122/3904/3661
f 6122/3904/3661 6008/3790/3611 6124/3906/2700
f 6124/3906/2700 6008/3790/3611 6006/3788/3610
f 6006/3788/3610 6127/3909/670 6124/3906/2700
f 6004/3786/521 6127/3909/670 6006/3788/3610
f 6127/3909/670 6004/3786/521 6128/3910/3232
f 6004/3786/521 6129/3911/460 6128/3910/3232
f 6002/3784/1161 6129/3911/460 6004/3786/521
f 6129/3911/460 6002/3784/1161 6130/3912/462
f 6127/3909/670 6125/3907/1506 6124/3906/2700
f 6127/3909/670 6131/3913/3663 6125/3907/1506
f 6128/3910/3232 6131/3913/3663 6127/3909/670
f 6128/3910/3232 6132/3914/413 6131/3913/3663
f 6129/3911/460 6132/3914/413 6128/3910/3232
f 6132/3914/413 6129/3911/460 6133/3915/1570
f 6129/3911/460 6130/3912/462 6133/3915/1570
f 6133/3915/1570 6130/3912/462 6134/3916/1155
f 6130/3912/462 6135/3917/1594 6134/3916/1155
f 6134/3916/1155 6135/3917/1594 6136/3918/3664
f 6135/3917/1594 6137/3919/822 6136/3918/3664
f 6136/3918/3664 6137/3919/822 6138/3920/3665
f 6137/3919/822 6139/3921/1094 6138/3920/3665
f 6138/3920/3665 6139/3921/1094 6140/3922/949
f 6141/3923/3588 6140/3922/949 6139/3921/1094
f 6142/3924/812 6140/3922/949 6141/3923/3588
f 6143/3925/2497 6142/3924/812 6141/3923/3588
f 6144/3926/3666 6142/3924/812 6143/3925/2497
f 6143/3925/2497 6145/3927/1521 6144/3926/3666
f 6144/3926/3666 6145/3927/1521 6146/3928/2514
f 6145/3927/1521 6147/3929/1516 6146/3928/2514
f 6146/3928/2514 6147/3929/1516 6148/3930/1516
f 6149/3931/3667 6148/3930/1516 6147/3929/1516
f 6150/3932/3668 6148/3930/1516 6149/3931/3667
f 6149/3931/3667 6151/3933/268 6150/3932/3668
f 6152/3934/268 6151/3933/268 6149/3931/3667
f 6152/3934/268 6153/3935/681 6151/3933/268
f 6154/3936/3669 6153/3935/681 6152/3934/268
f 6153/3935/681 6154/3936/3669 6155/3937/3670
f 6155/3937/3670 6154/3936/3669 6156/3938/3671
f 6156/3938/3671 6157/3939/1581 6155/3937/3670
f 5993/3775/489 6157/3939/1581 6156/3938/3671
f 5993/3775/489 6158/3940/1084 6157/3939/1581
f 5992/3774/1163 6158/3940/1084 5993/3775/489
f 6158/3940/1084 5992/3774/1163 6019/3801/489
f 6019/3801/489 5992/3774/1163 5995/3777/1578
f 6002/3784/1161 6159/3941/462 6130/3912/462
f 6130/3912/462 6159/3941/462 6135/3917/1594
f 6135/3917/1594 6159/3941/462 6137/3919/822
f 6159/3941/462 6160/3942/1155 6137/3919/822
f 6137/3919/822 6160/3942/1155 6139/3921/1094
f 6139/3921/1094 6160/3942/1155 6141/3923/3588
f 6160/3942/1155 6161/3943/3672 6141/3923/3588
f 6141/3923/3588 6161/3943/3672 6143/3925/2497
f 6161/3943/3672 6145/3927/1521 6143/3925/2497
f 6147/3929/1516 6145/3927/1521 6161/3943/3672
f 6162/3944/1519 6147/3929/1516 6161/3943/3672
f 6149/3931/3667 6147/3929/1516 6162/3944/1519
f 6162/3944/1519 6152/3934/268 6149/3931/3667
f 6163/3945/1173 6152/3934/268 6162/3944/1519
f 6163/3945/1173 6154/3936/3669 6152/3934/268
f 6156/3938/3671 6154/3936/3669 6163/3945/1173
f 6156/3938/3671 6163/3945/1173 5993/3775/489
f 5993/3775/489 6163/3945/1173 5994/3776/3607
f 6163/3945/1173 6162/3944/1519 5994/3776/3607
f 5994/3776/3607 6162/3944/1519 6164/3946/1091
f 6164/3946/1091 5996/3778/459 5994/3776/3607
f 6000/3782/460 5996/3778/459 6164/3946/1091
f 6002/3784/1161 6000/3782/460 6159/3941/462
f 6000/3782/460 6164/3946/1091 6159/3941/462
f 6159/3941/462 6164/3946/1091 6160/3942/1155
f 6164/3946/1091 6162/3944/1519 6160/3942/1155
f 6160/3942/1155 6162/3944/1519 6161/3943/3672
f 6165/214/3673 6166/127/3674 6167/215/3675
f 6167/215/3675 6166/127/3674 6168/126/3676
f 6169/3947/624 6170/613/666 6171/219/3677
f 6172/159/457 6173/606/457 6174/607/3678
f 6175/639/1832 6176/59/2231 6177/638/337
f 6176/59/2231 6178/48/3679 6177/638/337
f 6177/638/337 6178/48/3679 6179/636/2143
f 6180/609/3680 6179/636/2143 6181/610/893
f 6177/638/337 6179/636/2143 6180/609/3680
f 6182/611/883 6177/638/337 6180/609/3680
f 6175/639/1832 6177/638/337 6182/611/883
f 6182/611/883 6183/640/3681 6175/639/1832
f 6184/57/697 6175/639/1832 6183/640/3681
f 6185/58/791 6175/639/1832 6184/57/697
f 6185/58/791 6176/59/2231 6175/639/1832
f 6185/58/791 6186/50/3682 6176/59/2231
f 6176/59/2231 6186/50/3682 6178/48/3679
f 6178/48/3679 6186/50/3682 6187/45/3683
f 6178/48/3679 6187/45/3683 6179/636/2143
f 6179/636/2143 6187/45/3683 6188/641/1958
f 6179/636/2143 6188/641/1958 6181/610/893
f 6181/610/893 6188/641/1958 6170/613/666
f 6181/610/893 6170/613/666 6169/3947/624
f 6169/3947/624 6180/609/3680 6181/610/893
f 6189/222/3684 6180/609/3680 6169/3947/624
f 6189/222/3684 6182/611/883 6180/609/3680
f 6174/607/3678 6182/611/883 6189/222/3684
f 6174/607/3678 6173/606/457 6182/611/883
f 6173/606/457 6183/640/3681 6182/611/883
f 6184/57/697 6186/50/3682 6185/58/791
f 6190/4/3685 6191/129/289 6192/128/496
f 6192/128/496 6191/129/289 6193/137/1633
f 6191/129/289 6194/554/3216 6193/137/1633
f 6195/144/2298 6196/138/2727 6197/131/3686
f 6198/145/726 6196/138/2727 6195/144/2298
f 6192/128/496 6196/138/2727 6198/145/726
f 6192/128/496 6193/137/1633 6196/138/2727
f 6196/138/2727 6193/137/1633 6197/131/3686
f 6193/137/1633 6194/554/3216 6197/131/3686
f 6197/131/3686 6194/554/3216 6199/149/3687
f 6200/3948/3688 6199/149/3687 6194/554/3216
f 6200/3948/3688 6201/148/3689 6199/149/3687
f 6200/3948/3688 6202/152/1687 6201/148/3689
f 6203/134/1664 6201/148/3689 6202/152/1687
f 6204/559/3051 6201/148/3689 6203/134/1664
f 6204/559/3051 6203/134/1664 6205/558/612
f 6205/558/612 6203/134/1664 6206/140/3690
f 6192/128/496 6205/558/612 6206/140/3690
f 6198/145/726 6205/558/612 6192/128/496
f 6198/145/726 6204/559/3051 6205/558/612
f 6195/144/2298 6204/559/3051 6198/145/726
f 6195/144/2298 6201/148/3689 6204/559/3051
f 6195/144/2298 6197/131/3686 6201/148/3689
f 6201/148/3689 6197/131/3686 6199/149/3687
f 6207/78/718 6208/216/3691 6209/79/3692
f 6209/79/3692 6208/216/3691 6210/217/683
f 6211/561/237 6212/134/3693 6213/560/1721
f 6214/142/3694 6215/137/3695 6216/3949/3696
f 6217/3950/3697 6218/563/3404 6219/559/24
f 6220/3951/2805 6218/563/3404 6217/3950/3697
f 6218/563/3404 6220/3951/2805 6221/565/3403
f 6221/565/3403 6220/3951/2805 6222/8/2878
f 6223/150/815 6222/8/2878 6220/3951/2805
f 6223/150/815 6220/3951/2805 6215/137/3695
f 6215/137/3695 6220/3951/2805 6217/3950/3697
f 6216/3949/3696 6215/137/3695 6217/3950/3697
f 6217/3950/3697 6219/559/24 6216/3949/3696
f 6216/3949/3696 6219/559/24 6211/561/237
f 6219/559/24 6212/134/3693 6211/561/237
f 6218/563/3404 6212/134/3693 6219/559/24
f 6224/564/3698 6212/134/3693 6218/563/3404
f 6218/563/3404 6221/565/3403 6224/564/3698
f 6224/564/3698 6221/565/3403 6225/566/3699
f 6226/151/3065 6225/566/3699 6221/565/3403
f 6221/565/3403 6222/8/2878 6226/151/3065
f 6226/151/3065 6222/8/2878 6227/14/1830
f 6227/14/1830 6222/8/2878 6223/150/815
f 6223/150/815 6228/141/423 6227/14/1830
f 6215/137/3695 6228/141/423 6223/150/815
f 6229/129/696 6228/141/423 6215/137/3695
f 6214/142/3694 6229/129/696 6215/137/3695
f 6230/4/3700 6229/129/696 6214/142/3694
f 6231/15/3701 6226/151/3065 6227/14/1830
f 6227/14/1830 6228/141/423 6231/15/3701
f 6232/61/3702 6233/60/2461 6234/49/2702
f 6234/49/2702 6235/46/3703 6232/61/3702
f 6235/46/3703 6234/49/2702 6236/48/3704
f 6233/60/2461 6236/48/3704 6234/49/2702
f 6237/59/2110 6236/48/3704 6233/60/2461
f 6238/56/862 6237/59/2110 6233/60/2461
f 6239/64/3705 6238/56/862 6233/60/2461
f 6240/54/750 6238/56/862 6239/64/3705
f 6241/52/1158 6240/54/750 6239/64/3705
f 6242/159/3706 6240/54/750 6241/52/1158
f 6242/159/3706 6243/55/1813 6240/54/750
f 6240/54/750 6243/55/1813 6238/56/862
f 6244/57/2159 6238/56/862 6243/55/1813
f 6245/58/3707 6238/56/862 6244/57/2159
f 6245/58/3707 6237/59/2110 6238/56/862
f 6245/58/3707 6246/50/3607 6237/59/2110
f 6237/59/2110 6246/50/3607 6236/48/3704
f 6236/48/3704 6246/50/3607 6247/45/3708
f 6236/48/3704 6247/45/3708 6235/46/3703
f 6235/46/3703 6247/45/3708 6248/47/1958
f 6249/3952/1348 6235/46/3703 6248/47/1958
f 6232/61/3702 6235/46/3703 6249/3952/1348
f 6241/52/1158 6232/61/3702 6249/3952/1348
f 6239/64/3705 6232/61/3702 6241/52/1158
f 6239/64/3705 6233/60/2461 6232/61/3702
f 6244/57/2159 6246/50/3607 6245/58/3707
f 6250/3953/3709 6251/593/3710 6252/594/1208
f 6253/145/1373 6254/590/2147 6255/558/3711
f 6256/588/2428 6254/590/2147 6253/145/1373
f 6256/588/2428 6257/587/3712 6254/590/2147
f 6258/586/3713 6257/587/3712 6256/588/2428
f 6253/145/1373 6258/586/3713 6256/588/2428
f 6259/3954/1785 6258/586/3713 6253/145/1373
f 6253/145/1373 6255/558/3711 6259/3954/1785
f 6259/3954/1785 6255/558/3711 6260/140/3714
f 6255/558/3711 6261/595/2133 6260/140/3714
f 6254/590/2147 6261/595/2133 6255/558/3711
f 6254/590/2147 6262/3955/3715 6261/595/2133
f 6254/590/2147 6257/587/3712 6262/3955/3715
f 6250/3953/3709 6262/3955/3715 6257/587/3712
f 6250/3953/3709 6257/587/3712 6263/592/3716
f 6250/3953/3709 6263/592/3716 6251/593/3710
f 6251/593/3710 6263/592/3716 6264/585/692
f 6264/585/692 6252/594/1208 6251/593/3710
f 6265/583/559 6252/594/1208 6264/585/692
f 6266/4/3717 6265/583/559 6259/3954/1785
f 6259/3954/1785 6265/583/559 6264/585/692
f 6259/3954/1785 6264/585/692 6258/586/3713
f 6264/585/692 6263/592/3716 6258/586/3713
f 6263/592/3716 6257/587/3712 6258/586/3713
f 6267/630/3718 6268/151/430 6269/629/3694
f 6268/151/430 6270/3956/307 6269/629/3694
f 6271/135/3046 6270/3956/307 6268/151/430
f 6272/147/3719 6270/3956/307 6271/135/3046
f 6273/4/714 6274/129/3720 6275/142/3721
f 6275/142/3721 6274/129/3720 6276/137/298
f 6275/142/3721 6276/137/298 6277/143/2095
f 6277/143/2095 6276/137/298 6278/131/2326
f 6276/137/298 6279/149/3722 6278/131/2326
f 6279/149/3722 6280/144/346 6278/131/2326
f 6280/144/346 6277/143/2095 6278/131/2326
f 6281/145/3723 6277/143/2095 6280/144/346
f 6281/145/3723 6282/146/2420 6277/143/2095
f 6281/145/3723 6272/147/3719 6282/146/2420
f 6280/144/346 6272/147/3719 6281/145/3723
f 6280/144/346 6270/3956/307 6272/147/3719
f 6270/3956/307 6280/144/346 6279/149/3722
f 6269/629/3694 6270/3956/307 6279/149/3722
f 6269/629/3694 6279/149/3722 6276/137/298
f 6276/137/298 6267/630/3718 6269/629/3694
f 6274/129/3720 6267/630/3718 6276/137/298
f 6283/3957/714 6284/3958/1701 6285/3959/8
f 6285/3959/8 6284/3958/1701 6286/3960/3215
f 6284/3958/1701 6287/153/3724 6286/3960/3215
f 6288/621/3725 6289/3961/2594 6290/3962/3726
f 6291/3963/1148 6289/3961/2594 6288/621/3725
f 6288/621/3725 6286/3960/3215 6291/3963/1148
f 6285/3959/8 6286/3960/3215 6288/621/3725
f 6288/621/3725 6290/3962/3726 6285/3959/8
f 6285/3959/8 6290/3962/3726 6292/3964/2842
f 6290/3962/3726 6293/3965/237 6292/3964/2842
f 6289/3961/2594 6293/3965/237 6290/3962/3726
f 6293/3965/237 6289/3961/2594 6294/161/925
f 6294/161/925 6289/3961/2594 6295/156/2447
f 6295/156/2447 6296/50/952 6294/161/925
f 6297/157/119 6296/50/952 6295/156/2447
f 6298/154/178 6296/50/952 6297/157/119
f 6287/153/3724 6296/50/952 6298/154/178
f 6286/3960/3215 6287/153/3724 6298/154/178
f 6298/154/178 6297/157/119 6286/3960/3215
f 6286/3960/3215 6297/157/119 6291/3963/1148
f 6297/157/119 6295/156/2447 6291/3963/1148
f 6291/3963/1148 6295/156/2447 6289/3961/2594
f 6299/4/3727 6300/6/3728 6301/5/450
f 6302/8/1056 6303/3244/3408 6304/3245/2718
f 6305/14/3729 6304/3245/2718 6306/13/3298
f 6302/8/1056 6304/3245/2718 6305/14/3729
f 6307/16/1002 6302/8/1056 6305/14/3729
f 6308/7/21 6302/8/1056 6307/16/1002
f 6308/7/21 6303/3244/3408 6302/8/1056
f 6309/3246/3042 6303/3244/3408 6308/7/21
f 6303/3244/3408 6309/3246/3042 6310/139/1029
f 6310/139/1029 6304/3245/2718 6303/3244/3408
f 6311/3247/3117 6304/3245/2718 6310/139/1029
f 6311/3247/3117 6306/13/3298 6304/3245/2718
f 6301/5/450 6306/13/3298 6311/3247/3117
f 6301/5/450 6300/6/3728 6306/13/3298
f 6306/13/3298 6300/6/3728 6305/14/3729
f 6305/14/3729 6300/6/3728 6312/15/2654
f 6312/15/2654 6307/16/1002 6305/14/3729
f 6311/3247/3117 6310/139/1029 6313/560/3245
f 6310/139/1029 6309/3246/3042 6313/560/3245
f 6314/78/3730 6315/80/3730 6316/79/3730
f 6317/4/1689 6318/129/634 6319/142/2403
f 6319/142/2403 6318/129/634 6320/137/3300
f 6318/129/634 6321/630/1573 6320/137/3300
f 6320/137/3300 6321/630/1573 6322/629/3731
f 6321/630/1573 6323/652/3732 6322/629/3731
f 6323/652/3732 6324/3966/1130 6322/629/3731
f 6325/135/2115 6324/3966/1130 6323/652/3732
f 6324/3966/1130 6325/135/2115 6326/3950/331
f 6326/3950/331 6325/135/2115 6327/3967/3733
f 6326/3950/331 6327/3967/3733 6328/3968/398
f 6328/3968/398 6327/3967/3733 6329/3969/3376
f 6329/3969/3376 6319/142/2403 6328/3968/398
f 6319/142/2403 6320/137/3300 6328/3968/398
f 6328/3968/398 6320/137/3300 6326/3950/331
f 6320/137/3300 6322/629/3731 6326/3950/331
f 6326/3950/331 6322/629/3731 6324/3966/1130
f 6330/3970/3734 6331/163/3735 6332/63/3736
f 6333/153/3737 6334/50/1618 6335/154/2799
f 6336/155/1054 6337/156/928 6338/162/2143
f 6339/157/3738 6337/156/928 6336/155/1054
f 6340/158/1457 6339/157/3738 6336/155/1054
f 6341/578/3112 6340/158/1457 6336/155/1054
f 6342/54/281 6340/158/1457 6341/578/3112
f 6343/51/1225 6342/54/281 6341/578/3112
f 6344/53/1601 6342/54/281 6343/51/1225
f 6344/53/1601 6345/160/3739 6342/54/281
f 6342/54/281 6345/160/3739 6340/158/1457
f 6345/160/3739 6333/153/3737 6340/158/1457
f 6340/158/1457 6333/153/3737 6335/154/2799
f 6335/154/2799 6339/157/3738 6340/158/1457
f 6335/154/2799 6334/50/1618 6339/157/3738
f 6339/157/3738 6334/50/1618 6337/156/928
f 6337/156/928 6334/50/1618 6346/161/3740
f 6346/161/3740 6338/162/2143 6337/156/928
f 6331/163/3735 6338/162/2143 6346/161/3740
f 6338/162/2143 6331/163/3735 6330/3970/3734
f 6330/3970/3734 6336/155/1054 6338/162/2143
f 6341/578/3112 6336/155/1054 6330/3970/3734
f 6347/3243/3741 6348/22/3741 6349/24/3741
f 6350/215/2990 6351/126/3401 6352/214/3401
f 6352/214/3401 6351/126/3401 6353/127/978
f 6354/219/3041 6355/613/3051 6356/218/3742
f 6355/613/3051 6357/641/2120 6358/3971/3703
f 6356/218/3742 6355/613/3051 6358/3971/3703
f 6358/3971/3703 6359/61/2752 6356/218/3742
f 6359/61/2752 6360/168/974 6356/218/3742
f 6361/64/1897 6360/168/974 6359/61/2752
f 6360/168/974 6361/64/1897 6362/607/3743
f 6363/57/2918 6364/58/3744 6365/50/3362
f 6366/606/2216 6367/611/626 6368/640/730
f 6368/640/730 6367/611/626 6369/639/3271
f 6369/639/3271 6363/57/2918 6368/640/730
f 6364/58/3744 6363/57/2918 6369/639/3271
f 6369/639/3271 6370/59/3745 6364/58/3744
f 6364/58/3744 6370/59/3745 6365/50/3362
f 6370/59/3745 6371/48/3044 6365/50/3362
f 6371/48/3044 6372/45/2130 6365/50/3362
f 6371/48/3044 6373/3972/3746 6372/45/2130
f 6372/45/2130 6373/3972/3746 6357/641/2120
f 6358/3971/3703 6357/641/2120 6373/3972/3746
f 6358/3971/3703 6373/3972/3746 6374/3973/3747
f 6374/3973/3747 6359/61/2752 6358/3971/3703
f 6375/609/3137 6359/61/2752 6374/3973/3747
f 6361/64/1897 6359/61/2752 6375/609/3137
f 6367/611/626 6361/64/1897 6375/609/3137
f 6362/607/3743 6361/64/1897 6367/611/626
f 6366/606/2216 6362/607/3743 6367/611/626
f 6376/159/3192 6362/607/3743 6366/606/2216
f 6371/48/3044 6377/638/2008 6378/3974/3748
f 6370/59/3745 6377/638/2008 6371/48/3044
f 6377/638/2008 6370/59/3745 6369/639/3271
f 6367/611/626 6377/638/2008 6369/639/3271
f 6375/609/3137 6377/638/2008 6367/611/626
f 6375/609/3137 6378/3974/3748 6377/638/2008
f 6374/3973/3747 6378/3974/3748 6375/609/3137
f 6374/3973/3747 6373/3972/3746 6378/3974/3748
f 6373/3972/3746 6371/48/3044 6378/3974/3748
f 6379/153/3749 6380/154/2312 6381/50/1616
f 6382/162/3038 6383/156/80 6384/155/1383
f 6384/155/1383 6383/156/80 6385/157/3750
f 6384/155/1383 6385/157/3750 6386/158/3751
f 6386/158/3751 6387/578/2549 6384/155/1383
f 6388/54/3752 6387/578/2549 6386/158/3751
f 6387/578/2549 6388/54/3752 6389/51/3590
f 6389/51/3590 6388/54/3752 6390/53/67
f 6390/53/67 6388/54/3752 6391/160/954
f 6391/160/954 6388/54/3752 6386/158/3751
f 6391/160/954 6386/158/3751 6379/153/3749
f 6379/153/3749 6386/158/3751 6380/154/2312
f 6386/158/3751 6385/157/3750 6380/154/2312
f 6380/154/2312 6385/157/3750 6381/50/1616
f 6385/157/3750 6383/156/80 6381/50/1616
f 6383/156/80 6392/161/3753 6381/50/1616
f 6383/156/80 6382/162/3038 6392/161/3753
f 6392/161/3753 6382/162/3038 6393/163/1963
f 6394/3970/95 6393/163/1963 6382/162/3038
f 6384/155/1383 6394/3970/95 6382/162/3038
f 6387/578/2549 6394/3970/95 6384/155/1383
f 6395/63/58 6393/163/1963 6394/3970/95
f 6396/3948/3754 6397/148/3755 6398/152/3756
f 6397/148/3755 6399/134/2116 6398/152/3756
f 6400/133/3757 6399/134/2116 6397/148/3755
f 6401/139/255 6399/134/2116 6400/133/3757
f 6402/140/817 6399/134/2116 6401/139/255
f 6401/139/255 6403/3975/1775 6402/140/817
f 6401/139/255 6400/133/3757 6403/3975/1775
f 6403/3975/1775 6400/133/3757 6404/131/581
f 6397/148/3755 6404/131/581 6400/133/3757
f 6405/149/1838 6404/131/581 6397/148/3755
f 6396/3948/3754 6405/149/1838 6397/148/3755
f 6396/3948/3754 6406/554/3758 6405/149/1838
f 6407/4/1044 6403/3975/1775 6408/3976/555
f 6403/3975/1775 6404/131/581 6408/3976/555
f 6408/3976/555 6404/131/581 6406/554/3758
f 6406/554/3758 6404/131/581 6405/149/1838
f 6409/630/180 6410/629/1146 6411/151/1004
f 6412/3950/3759 6413/626/3316 6414/3966/298
f 6415/559/81 6413/626/3316 6412/3950/3759
f 6416/3968/1905 6415/559/81 6412/3950/3759
f 6417/137/672 6416/3968/1905 6412/3950/3759
f 6412/3950/3759 6414/3966/298 6417/137/672
f 6417/137/672 6414/3966/298 6410/629/1146
f 6411/151/1004 6410/629/1146 6414/3966/298
f 6413/626/3316 6411/151/1004 6414/3966/298
f 6411/151/1004 6413/626/3316 6418/627/3760
f 6418/627/3760 6413/626/3316 6419/134/3761
f 6419/134/3761 6413/626/3316 6415/559/81
f 6420/558/3762 6419/134/3761 6415/559/81
f 6420/558/3762 6415/559/81 6416/3968/1905
f 6416/3968/1905 6421/3977/3763 6420/558/3762
f 6421/3977/3763 6416/3968/1905 6417/137/672
f 6422/129/1033 6421/3977/3763 6417/137/672
f 6417/137/672 6410/629/1146 6422/129/1033
f 6422/129/1033 6410/629/1146 6409/630/180
f 6423/4/4 6421/3977/3763 6422/129/1033
f 6420/558/3762 6421/3977/3763 6424/140/3764
f 6424/140/3764 6419/134/3761 6420/558/3762
f 6425/23/3765 6426/24/3765 6427/3978/3765
# Vertices: 6427, normals: 3765, texture coordinates: 3978, faces: 10964

