# Blender 4.2.1 LTS
# www.blender.org
mtllib mothman_psx.mtl
o male_player.004
v -0.247871 0.871608 0.098760
v -0.290124 0.862328 0.003672
v -0.248427 0.893082 0.094052
v -0.281956 0.875129 0.113885
v -0.241335 0.775523 0.097594
v -0.271178 0.779006 0.030925
v -0.259529 0.767908 0.106624
v -0.289375 0.771399 0.039951
v -0.324243 0.865984 0.018785
v -0.311486 0.964670 0.022404
v -0.281756 0.897720 0.108547
v -0.236559 0.907769 0.130482
v -0.283929 0.971807 0.084955
v -0.254131 0.891720 0.109615
v -0.232506 0.844147 0.120189
v -0.234771 0.901933 0.086512
v -0.247420 0.967300 0.070728
v -0.220461 0.848301 0.105368
v -0.217215 0.918027 0.107367
v -0.206161 0.851466 0.117982
v -0.218204 0.847306 0.132805
v -0.274557 0.962160 0.005624
v -0.247420 0.967300 0.070728
v -0.274557 0.962160 0.005624
v -0.283929 0.971807 0.084955
v -0.247743 1.041686 0.038696
v -0.285986 1.049669 0.062084
v -0.263803 1.040149 -0.006814
v -0.218650 1.126841 0.015819
v -0.291920 1.132909 0.053489
v -0.229298 1.214570 0.001499
v -0.231464 1.124787 -0.042882
v -0.297905 1.133814 -0.054676
v -0.237971 1.205207 -0.058803
v -0.295872 1.211529 -0.071720
v -0.229340 1.242643 -0.070996
v -0.206972 1.272112 -0.008622
v -0.213215 1.280952 -0.070516
v -0.291397 1.275096 -0.096360
v -0.266664 1.312506 -0.085514
v -0.307426 1.273386 -0.038552
v -0.272685 1.232108 0.026637
v -0.244961 1.281550 0.012507
v -0.282785 1.310818 -0.024718
v -0.318040 1.221642 -0.012692
v -0.332014 1.135920 -0.002068
v -0.316188 1.051626 0.018447
v -0.311486 0.964670 0.022404
v -0.294854 1.044143 -0.009500
v -0.272216 1.385018 -0.013246
v -0.250841 1.380289 -0.081063
v -0.256961 1.425444 -0.012760
v -0.226418 1.353553 0.023199
v -0.169628 1.329096 -0.010816
v -0.202814 1.405749 0.029210
v -0.155410 1.379539 -0.001336
v -0.203718 1.402197 0.034570
v -0.262563 1.424143 -0.011792
v -0.230266 1.504493 -0.008313
v -0.164715 1.483313 0.058082
v -0.150229 1.374904 0.000618
v -0.158572 1.395638 -0.071315
v -0.105298 1.464097 0.018450
v -0.116095 1.544204 0.023042
v -0.139584 1.489342 -0.064604
v -0.177952 1.508282 -0.128368
v -0.141022 1.577616 -0.027949
v -0.167932 1.588105 -0.090523
v -0.183139 1.575759 0.006668
v -0.150685 1.546708 0.039060
v -0.204950 1.579029 -0.053851
v -0.237138 1.525148 -0.088845
v -0.239856 1.425184 -0.081441
v -0.236549 1.427561 -0.074959
v -0.162342 1.399363 -0.065635
v -0.174584 1.342570 -0.074364
v 0.247871 0.871608 0.098760
v 0.248427 0.893082 0.094052
v 0.290124 0.862328 0.003672
v 0.281956 0.875129 0.113885
v 0.241335 0.775523 0.097594
v 0.259529 0.767908 0.106624
v 0.271178 0.779006 0.030925
v 0.289375 0.771399 0.039951
v 0.324243 0.865984 0.018785
v 0.311486 0.964670 0.022404
v 0.281756 0.897720 0.108547
v 0.283929 0.971807 0.084956
v 0.236559 0.907769 0.130482
v 0.254131 0.891720 0.109615
v 0.232506 0.844147 0.120189
v 0.234771 0.901933 0.086512
v 0.247420 0.967300 0.070728
v 0.220461 0.848301 0.105368
v 0.217215 0.918027 0.107367
v 0.206161 0.851466 0.117982
v 0.218204 0.847306 0.132805
v 0.274557 0.962160 0.005624
v 0.247420 0.967300 0.070728
v 0.283929 0.971807 0.084956
v 0.274557 0.962160 0.005624
v 0.247743 1.041686 0.038696
v 0.285986 1.049669 0.062084
v 0.218650 1.126841 0.015819
v 0.263803 1.040149 -0.006814
v 0.231464 1.124787 -0.042882
v 0.294854 1.044143 -0.009500
v 0.311486 0.964670 0.022404
v 0.297905 1.133814 -0.054676
v 0.316188 1.051626 0.018447
v 0.332014 1.135920 -0.002068
v 0.318040 1.221642 -0.012692
v 0.291920 1.132909 0.053489
v 0.272685 1.232108 0.026637
v 0.244961 1.281550 0.012507
v 0.307426 1.273386 -0.038552
v 0.229298 1.214570 0.001499
v 0.206972 1.272112 -0.008622
v 0.229340 1.242643 -0.070996
v 0.237971 1.205207 -0.058803
v 0.295872 1.211529 -0.071720
v 0.291397 1.275096 -0.096360
v 0.266664 1.312505 -0.085514
v 0.213215 1.280952 -0.070516
v 0.282785 1.310818 -0.024718
v 0.250841 1.380289 -0.081063
v 0.236549 1.427561 -0.074959
v 0.272216 1.385018 -0.013246
v 0.174584 1.342570 -0.074364
v 0.162342 1.399363 -0.065635
v 0.169628 1.329096 -0.010816
v 0.155410 1.379539 -0.001335
v 0.226418 1.353553 0.023199
v 0.202814 1.405749 0.029210
v 0.256961 1.425444 -0.012760
v 0.203718 1.402197 0.034570
v 0.230266 1.504493 -0.008313
v 0.262563 1.424143 -0.011792
v 0.164715 1.483313 0.058082
v 0.150229 1.374904 0.000618
v 0.105298 1.464097 0.018450
v 0.158572 1.395638 -0.071315
v 0.139584 1.489342 -0.064604
v 0.239856 1.425184 -0.081441
v 0.237138 1.525148 -0.088845
v 0.177952 1.508282 -0.128368
v 0.167932 1.588105 -0.090523
v 0.141022 1.577616 -0.027949
v 0.204950 1.579029 -0.053851
v 0.183139 1.575759 0.006668
v 0.150685 1.546708 0.039060
v 0.116095 1.544204 0.023042
v -0.120369 0.909492 0.171717
v -0.163705 0.903924 0.126775
v -0.121648 0.922377 0.169177
v -0.136483 0.911605 0.187239
v -0.116923 0.851841 0.169718
v -0.147430 0.853931 0.138253
v -0.125328 0.847272 0.178543
v -0.155838 0.849367 0.147077
v -0.179841 0.906118 0.142298
v -0.171905 0.965330 0.141721
v -0.137466 0.925159 0.184189
v -0.107481 0.931189 0.187281
v -0.143532 0.969612 0.171333
v -0.121671 0.921560 0.179122
v -0.107309 0.893016 0.180646
v -0.115496 0.927688 0.162123
v -0.125867 0.966908 0.155820
v -0.103559 0.895508 0.169818
v -0.101318 0.937344 0.170278
v -0.092907 0.897407 0.173995
v -0.096656 0.894911 0.184824
v -0.154528 0.963823 0.124682
v -0.125867 0.966908 0.155820
v -0.154528 0.963823 0.124682
v -0.143532 0.969612 0.171333
v -0.132622 1.011539 0.137826
v -0.149385 1.016329 0.158860
v -0.151017 1.010617 0.115462
v -0.120914 1.062632 0.118957
v -0.154494 1.066273 0.155232
v -0.129856 1.115270 0.113068
v -0.140185 1.061400 0.088490
v -0.180066 1.066816 0.095475
v -0.147121 1.109652 0.080849
v -0.182417 1.113445 0.085448
v -0.144757 1.132114 0.072203
v -0.119345 1.149795 0.102781
v -0.135567 1.155099 0.069164
v -0.184951 1.151585 0.070637
v -0.168780 1.174031 0.071677
v -0.182125 1.150560 0.106520
v -0.149160 1.125793 0.136145
v -0.136428 1.155458 0.122489
v -0.165393 1.173019 0.109263
v -0.182803 1.119513 0.123278
v -0.188501 1.068079 0.132136
v -0.175369 1.017503 0.140455
v -0.171905 0.965330 0.141721
v -0.169075 1.013014 0.120320
v -0.157080 1.217538 0.113562
v -0.158945 1.214701 0.070940
v -0.148379 1.241794 0.110705
v -0.123779 1.198659 0.124712
v -0.098740 1.183985 0.093880
v -0.109238 1.229977 0.123257
v -0.088779 1.214251 0.096308
v -0.108647 1.227846 0.126465
v -0.151339 1.241013 0.112401
v -0.132416 1.289223 0.107735
v -0.081832 1.276515 0.131718
v -0.085457 1.211470 0.096345
v -0.104922 1.223910 0.057501
v -0.056464 1.264986 0.097179
v -0.061610 1.313050 0.101984
v -0.092839 1.280133 0.057388
v -0.127557 1.291497 0.029310
v -0.086128 1.333097 0.078349
v -0.114141 1.339391 0.048592
v -0.102770 1.331983 0.106510
v -0.077825 1.314552 0.118113
v -0.127487 1.333945 0.076864
v -0.152816 1.301617 0.063740
v -0.152829 1.241638 0.068472
v -0.149634 1.243064 0.071448
v -0.105882 1.226146 0.061477
v -0.114576 1.192070 0.059068
v 0.120369 0.909492 0.171717
v 0.121648 0.922377 0.169177
v 0.163705 0.903924 0.126775
v 0.136483 0.911605 0.187239
v 0.116923 0.851841 0.169718
v 0.125328 0.847272 0.178543
v 0.147430 0.853931 0.138253
v 0.155838 0.849367 0.147077
v 0.179841 0.906118 0.142298
v 0.171905 0.965330 0.141721
v 0.137466 0.925159 0.184189
v 0.143532 0.969612 0.171333
v 0.107481 0.931189 0.187281
v 0.121671 0.921560 0.179122
v 0.107309 0.893016 0.180646
v 0.115496 0.927688 0.162123
v 0.125867 0.966907 0.155820
v 0.103559 0.895508 0.169818
v 0.101318 0.937344 0.170278
v 0.092907 0.897407 0.173995
v 0.096656 0.894911 0.184824
v 0.154528 0.963823 0.124682
v 0.125867 0.966907 0.155820
v 0.143532 0.969612 0.171333
v 0.154528 0.963823 0.124682
v 0.132622 1.011539 0.137826
v 0.149385 1.016329 0.158860
v 0.120914 1.062632 0.118957
v 0.151017 1.010617 0.115462
v 0.140185 1.061400 0.088490
v 0.169075 1.013014 0.120320
v 0.171905 0.965330 0.141721
v 0.180066 1.066816 0.095475
v 0.175369 1.017503 0.140455
v 0.188501 1.068079 0.132136
v 0.182803 1.119513 0.123278
v 0.154494 1.066273 0.155232
v 0.149160 1.125793 0.136145
v 0.136428 1.155458 0.122489
v 0.182125 1.150560 0.106520
v 0.129856 1.115270 0.113068
v 0.119345 1.149795 0.102781
v 0.144757 1.132114 0.072203
v 0.147121 1.109652 0.080849
v 0.182417 1.113445 0.085448
v 0.184951 1.151585 0.070637
v 0.168780 1.174031 0.071677
v 0.135567 1.155099 0.069164
v 0.165393 1.173019 0.109263
v 0.158945 1.214701 0.070940
v 0.149634 1.243064 0.071448
v 0.157080 1.217538 0.113562
v 0.114576 1.192070 0.059068
v 0.105882 1.226146 0.061477
v 0.098740 1.183985 0.093880
v 0.088779 1.214251 0.096308
v 0.123779 1.198659 0.124712
v 0.109238 1.229977 0.123257
v 0.148379 1.241794 0.110705
v 0.108647 1.227846 0.126465
v 0.132416 1.289223 0.107735
v 0.151339 1.241013 0.112401
v 0.081832 1.276515 0.131718
v 0.085457 1.211470 0.096345
v 0.056464 1.264986 0.097179
v 0.104922 1.223910 0.057501
v 0.092839 1.280133 0.057388
v 0.152829 1.241638 0.068472
v 0.152816 1.301617 0.063740
v 0.127557 1.291497 0.029310
v 0.114141 1.339391 0.048592
v 0.086128 1.333097 0.078349
v 0.127487 1.333945 0.076864
v 0.102770 1.331983 0.106510
v 0.077825 1.314552 0.118113
v 0.061610 1.313050 0.101984
vn 0.9152 0.0828 0.3945
vn 0.8579 -0.4470 0.2534
vn 0.4320 -0.5251 -0.7333
vn 0.2772 -0.1303 -0.9519
vn 0.7657 -0.6206 -0.1691
vn -0.3714 0.0395 0.9276
vn -0.5694 0.0320 0.8214
vn -0.1173 -0.7233 0.6805
vn -0.5685 -0.7862 -0.2424
vn -0.9218 -0.1192 -0.3688
vn -0.7175 0.6212 -0.3153
vn 0.3720 0.5045 -0.7792
vn -0.3948 0.7739 0.4952
vn 0.1828 -0.2961 -0.9375
vn -0.4609 -0.8521 0.2482
vn 0.0617 0.2355 0.9699
vn 0.1659 -0.6576 -0.7348
vn -0.5805 -0.8092 0.0909
vn 0.1955 -0.5590 0.8058
vn 0.7195 0.6932 -0.0426
vn 0.9057 0.4156 0.0834
vn 0.9269 -0.3742 0.0278
vn 0.7456 -0.5092 0.4300
vn 0.2790 -0.7212 -0.6341
vn 0.5769 -0.3579 -0.7342
vn 0.9305 -0.0533 0.3623
vn -0.2244 -0.4198 0.8794
vn -0.7626 -0.6279 -0.1558
vn -0.2580 0.1497 0.9545
vn 0.9291 -0.0506 0.3662
vn -0.2346 0.1598 0.9589
vn 0.6815 -0.2734 -0.6789
vn 0.8816 -0.0305 0.4711
vn -0.1637 0.3081 0.9372
vn 0.6917 -0.2348 -0.6829
vn -0.4320 -0.2918 -0.8534
vn -0.4340 -0.2518 -0.8650
vn -0.5063 -0.1796 -0.8435
vn 0.6573 -0.3231 -0.6809
vn -0.4855 0.1293 -0.8646
vn 0.8180 -0.3726 0.4382
vn 0.6576 -0.3018 -0.6902
vn -0.4194 0.2385 -0.8759
vn -0.9293 0.3500 0.1182
vn -0.8991 0.2610 0.3516
vn -0.9538 0.2265 0.1975
vn -0.0720 0.0558 0.9958
vn -0.9986 -0.0075 0.0521
vn -0.9949 -0.0989 0.0200
vn -0.1445 -0.0944 0.9850
vn -0.9199 0.2275 0.3193
vn -0.5140 0.1959 -0.8351
vn -0.4513 -0.8905 -0.0578
vn -0.3259 -0.9046 -0.2747
vn -0.3274 -0.9305 0.1645
vn 0.8301 -0.4034 0.3849
vn -0.1454 -0.9884 0.0443
vn -0.3863 -0.7060 0.5936
vn 0.3029 -0.9466 0.1100
vn -0.7874 -0.5515 0.2753
vn -0.8067 0.3314 0.4893
vn -0.0709 0.0268 0.9971
vn 0.9265 -0.1790 0.3310
vn -0.1630 -0.9226 -0.3498
vn 0.3263 -0.8140 -0.4805
vn 0.8354 -0.0934 -0.5417
vn 0.8259 0.4330 0.3612
vn 0.0472 0.5118 0.8578
vn 0.6427 0.7641 -0.0559
vn -0.4897 -0.7013 -0.5180
vn 0.1521 0.0907 -0.9842
vn 0.2714 0.7627 -0.5870
vn -0.5809 0.8107 -0.0725
vn -0.3419 0.7679 0.5417
vn -0.8309 0.3336 -0.4454
vn 0.6734 -0.2236 -0.7047
vn 0.3714 0.0395 0.9276
vn 0.5694 0.0320 0.8214
vn -0.7657 -0.6206 -0.1691
vn -0.9152 0.0828 0.3945
vn -0.2772 -0.1303 -0.9519
vn -0.4320 -0.5251 -0.7333
vn -0.8579 -0.4470 0.2534
vn 0.1173 -0.7233 0.6805
vn 0.5685 -0.7862 -0.2424
vn 0.9218 -0.1192 -0.3688
vn 0.7175 0.6212 -0.3153
vn 0.3948 0.7739 0.4952
vn -0.3720 0.5045 -0.7792
vn 0.4609 -0.8521 0.2482
vn -0.1828 -0.2961 -0.9375
vn -0.0617 0.2355 0.9699
vn -0.1955 -0.5590 0.8058
vn 0.5805 -0.8092 0.0909
vn -0.1659 -0.6576 -0.7348
vn -0.7195 0.6932 -0.0426
vn -0.9057 0.4156 0.0834
vn -0.9269 -0.3742 0.0278
vn 0.2244 -0.4198 0.8794
vn 0.2580 0.1497 0.9545
vn -0.9305 -0.0533 0.3623
vn -0.7456 -0.5092 0.4300
vn -0.2790 -0.7212 -0.6341
vn 0.7626 -0.6279 -0.1558
vn -0.5769 -0.3579 -0.7342
vn 0.2346 0.1598 0.9589
vn -0.9291 -0.0506 0.3662
vn -0.6815 -0.2734 -0.6789
vn 0.4340 -0.2518 -0.8650
vn 0.4320 -0.2918 -0.8534
vn 0.9949 -0.0989 0.0200
vn 0.9986 -0.0075 0.0521
vn 0.9538 0.2265 0.1975
vn 0.1637 0.3081 0.9372
vn 0.5063 -0.1796 -0.8435
vn -0.8816 -0.0305 0.4711
vn 0.0720 0.0558 0.9958
vn -0.8180 -0.3726 0.4382
vn 0.9293 0.3500 0.1182
vn -0.6917 -0.2348 -0.6829
vn -0.6573 -0.3231 -0.6809
vn 0.4855 0.1293 -0.8646
vn 0.4194 0.2385 -0.8759
vn 0.8991 0.2610 0.3516
vn -0.6576 -0.3018 -0.6902
vn -0.6734 -0.2236 -0.7047
vn 0.5140 0.1959 -0.8351
vn 0.9199 0.2275 0.3193
vn 0.1630 -0.9226 -0.3498
vn 0.3259 -0.9046 -0.2747
vn 0.4513 -0.8905 -0.0578
vn -0.8301 -0.4034 0.3849
vn 0.1454 -0.9884 0.0443
vn 0.1445 -0.0944 0.9850
vn 0.3274 -0.9305 0.1645
vn 0.3863 -0.7060 0.5936
vn -0.3029 -0.9466 0.1100
vn 0.7874 -0.5515 0.2753
vn 0.8067 0.3314 0.4893
vn 0.0709 0.0268 0.9971
vn -0.9265 -0.1790 0.3310
vn -0.8354 -0.0934 -0.5417
vn -0.3263 -0.8140 -0.4805
vn -0.1521 0.0907 -0.9842
vn 0.4897 -0.7013 -0.5180
vn 0.8309 0.3336 -0.4454
vn -0.2714 0.7627 -0.5870
vn 0.5809 0.8107 -0.0725
vn -0.6427 0.7641 -0.0559
vn 0.3419 0.7679 0.5417
vn -0.0472 0.5118 0.8578
vn -0.8259 0.4330 0.3612
vn 0.9949 0.0828 0.0577
vn 0.8928 -0.4470 -0.0553
vn 0.1551 -0.5251 -0.8368
vn -0.0651 -0.1303 -0.9893
vn 0.6617 -0.6206 -0.4208
vn -0.0317 0.0395 0.9987
vn -0.2541 0.0320 0.9666
vn 0.1225 -0.7233 0.6796
vn -0.6171 -0.7862 -0.0333
vn -0.9924 -0.1192 -0.0313
vn -0.7820 0.6212 -0.0509
vn 0.0831 0.5045 -0.8594
vn -0.2016 0.7739 0.6003
vn -0.1488 -0.2961 -0.9435
vn -0.3482 -0.8521 0.3909
vn 0.3897 0.2355 0.8903
vn -0.0954 -0.6576 -0.7473
vn -0.5144 -0.8092 0.2840
vn 0.4593 -0.5590 0.6904
vn 0.6616 0.6932 -0.2861
vn 0.8796 0.4156 -0.2314
vn 0.8805 -0.3742 -0.2909
vn 0.8477 -0.5092 0.1490
vn 0.0453 -0.7212 -0.6912
vn 0.2910 -0.3579 -0.8873
vn 0.9983 -0.0533 0.0222
vn 0.0899 -0.4198 0.9032
vn -0.7699 -0.6279 0.1144
vn 0.0840 0.1497 0.9852
vn 0.9984 -0.0506 0.0264
vn 0.1075 0.1598 0.9813
vn 0.4082 -0.2734 -0.8710
vn 0.9895 -0.0305 0.1411
vn 0.1667 0.3081 0.9366
vn 0.4164 -0.2348 -0.8783
vn -0.6978 -0.2918 -0.6542
vn -0.7037 -0.2518 -0.6644
vn -0.7642 -0.1796 -0.6194
vn 0.3848 -0.3231 -0.8646
vn -0.7519 0.1293 -0.6464
vn 0.9186 -0.3726 0.1320
vn 0.3819 -0.3018 -0.8735
vn -0.6937 0.2385 -0.6796
vn -0.8328 0.3500 0.4289
vn -0.7246 0.2610 0.6379
vn -0.8287 0.2265 0.5118
vn 0.2729 0.0558 0.9604
vn -0.9206 -0.0075 0.3905
vn -0.9281 -0.0989 0.3591
vn 0.2011 -0.0944 0.9750
vn -0.7552 0.2275 0.6147
vn -0.7687 0.1959 -0.6089
vn -0.4439 -0.8905 0.1000
vn -0.4002 -0.9046 -0.1467
vn -0.2514 -0.9305 0.2665
vn 0.9117 -0.4034 0.0778
vn -0.1215 -0.9884 0.0914
vn -0.1600 -0.7060 0.6899
vn 0.3223 -0.9466 -0.0002
vn -0.6458 -0.5515 0.5280
vn -0.5907 0.3314 0.7357
vn 0.2744 0.0268 0.9612
vn 0.9838 -0.1790 -0.0058
vn -0.2728 -0.9225 -0.2730
vn 0.1423 -0.8140 -0.5632
vn 0.5997 -0.0934 -0.7947
vn 0.8996 0.4330 0.0569
vn 0.3378 0.5118 0.7899
vn 0.5848 0.7641 -0.2723
vn -0.6373 -0.7013 -0.3193
vn -0.1936 0.0907 -0.9769
vn 0.0543 0.7627 -0.6445
vn -0.5707 0.8107 0.1305
vn -0.1360 0.7679 0.6260
vn -0.9331 0.3336 -0.1344
vn 0.3917 -0.2236 -0.8925
vn 0.0317 0.0395 0.9987
vn 0.2541 0.0320 0.9666
vn -0.6617 -0.6206 -0.4208
vn -0.9949 0.0828 0.0577
vn 0.0651 -0.1303 -0.9893
vn -0.1551 -0.5251 -0.8368
vn -0.8928 -0.4470 -0.0553
vn -0.1225 -0.7233 0.6796
vn 0.6171 -0.7862 -0.0333
vn 0.9924 -0.1192 -0.0313
vn 0.7820 0.6212 -0.0509
vn 0.2016 0.7739 0.6003
vn -0.0831 0.5045 -0.8594
vn 0.3482 -0.8521 0.3909
vn 0.1488 -0.2961 -0.9435
vn -0.3897 0.2355 0.8903
vn -0.4593 -0.5590 0.6904
vn 0.5144 -0.8092 0.2840
vn 0.0954 -0.6576 -0.7473
vn -0.6616 0.6932 -0.2861
vn -0.8796 0.4156 -0.2314
vn -0.8805 -0.3742 -0.2909
vn -0.0899 -0.4198 0.9032
vn -0.0840 0.1497 0.9852
vn -0.9983 -0.0533 0.0222
vn -0.8477 -0.5092 0.1490
vn -0.0453 -0.7212 -0.6912
vn 0.7699 -0.6279 0.1144
vn -0.2910 -0.3579 -0.8873
vn -0.1075 0.1598 0.9813
vn -0.9984 -0.0506 0.0264
vn -0.4082 -0.2734 -0.8710
vn 0.7037 -0.2518 -0.6644
vn 0.6978 -0.2918 -0.6542
vn 0.9281 -0.0989 0.3591
vn 0.9206 -0.0075 0.3905
vn 0.8287 0.2265 0.5118
vn -0.1667 0.3081 0.9366
vn 0.7642 -0.1796 -0.6194
vn -0.9895 -0.0305 0.1411
vn -0.2729 0.0558 0.9604
vn -0.9186 -0.3726 0.1320
vn 0.8328 0.3500 0.4289
vn -0.4164 -0.2348 -0.8783
vn -0.3848 -0.3231 -0.8646
vn 0.7519 0.1293 -0.6464
vn 0.6937 0.2385 -0.6796
vn 0.7246 0.2610 0.6379
vn -0.3819 -0.3018 -0.8735
vn -0.3917 -0.2236 -0.8925
vn 0.7687 0.1959 -0.6089
vn 0.7552 0.2275 0.6147
vn 0.2728 -0.9225 -0.2730
vn 0.4002 -0.9046 -0.1467
vn 0.4439 -0.8905 0.1000
vn -0.9117 -0.4034 0.0778
vn 0.1215 -0.9884 0.0914
vn -0.2011 -0.0944 0.9750
vn 0.2514 -0.9305 0.2666
vn 0.1600 -0.7060 0.6899
vn -0.3223 -0.9466 -0.0002
vn 0.6458 -0.5515 0.5280
vn 0.5907 0.3314 0.7357
vn -0.2744 0.0268 0.9612
vn -0.9838 -0.1790 -0.0058
vn -0.5997 -0.0934 -0.7947
vn -0.1423 -0.8140 -0.5632
vn 0.1936 0.0907 -0.9769
vn 0.6373 -0.7013 -0.3193
vn 0.9331 0.3336 -0.1344
vn -0.0543 0.7627 -0.6445
vn 0.5707 0.8107 0.1305
vn -0.5848 0.7641 -0.2723
vn 0.1360 0.7679 0.6260
vn -0.3378 0.5118 0.7899
vn -0.8996 0.4330 0.0569
vt 0.893731 0.152239
vt 0.886659 0.114905
vt 0.860574 0.113546
vt 0.855442 0.144779
vt 0.893805 0.160427
vt 0.815620 0.163545
vt 0.804898 0.160252
vt 0.803842 0.170568
vt 0.815318 0.173517
vt 0.816581 0.117561
vt 0.810052 0.118652
vt 0.841127 0.112985
vt 0.818025 0.107734
vt 0.839685 0.122811
vt 0.842482 0.165268
vt 0.852700 0.161910
vt 0.846319 0.123235
vt 0.841958 0.204545
vt 0.852700 0.204870
vt 0.821224 0.206482
vt 0.836258 0.214421
vt 0.827458 0.212716
vt 0.842959 0.222572
vt 0.858130 0.211733
vt 0.849371 0.240366
vt 0.902864 0.224298
vt 0.812967 0.236647
vt 0.818094 0.242977
vt 0.820924 0.250740
vt 0.892215 0.188509
vt 0.899202 0.166040
vt 0.908056 0.175541
vt 0.919608 0.158213
vt 0.912952 0.153023
vt 0.918673 0.182732
vt 0.926713 0.162639
vt 0.897212 0.200717
vt 0.806237 0.241725
vt 0.811364 0.248057
vt 0.902719 0.097087
vt 0.903332 0.143147
vt 0.920063 0.143712
vt 0.920063 0.096304
vt 0.866356 0.183933
vt 0.492024 0.029916
vt 0.461054 0.022027
vt 0.451406 0.062123
vt 0.478186 0.070717
vt 0.554713 0.102048
vt 0.570014 0.044944
vt 0.551248 0.040644
vt 0.535702 0.095943
vt 0.506553 0.033719
vt 0.499869 0.075132
vt 0.462354 0.111355
vt 0.496448 0.111950
vt 0.435752 0.106680
vt 0.454495 0.149845
vt 0.481421 0.160646
vt 0.429860 0.141674
vt 0.602815 0.102395
vt 0.585744 0.098068
vt 0.573763 0.144235
vt 0.607207 0.153160
vt 0.563396 0.180149
vt 0.594739 0.190862
vt 0.589617 0.209466
vt 0.556096 0.207315
vt 0.425802 0.158467
vt 0.445622 0.184076
vt 0.419809 0.174563
vt 0.584549 0.229011
vt 0.550770 0.227522
vt 0.527369 0.201556
vt 0.518505 0.220667
vt 0.532967 0.172286
vt 0.505356 0.188676
vt 0.510797 0.161148
vt 0.470975 0.193283
vt 0.494936 0.205893
vt 0.526951 0.120910
vt 0.546128 0.127961
vt 0.569494 0.091354
vt 0.529162 0.080431
vt 0.538438 0.038163
vt 0.593270 0.051856
vt 0.608477 0.057634
vt 0.465377 0.227814
vt 0.492462 0.236659
vt 0.505264 0.250510
vt 0.543250 0.260502
vt 0.501926 0.281918
vt 0.535786 0.293616
vt 0.450871 0.261040
vt 0.484441 0.264770
vt 0.432356 0.212914
vt 0.423616 0.247078
vt 0.450871 0.261040
vt 0.450342 0.262129
vt 0.423286 0.248194
vt 0.484209 0.266158
vt 0.450359 0.262309
vt 0.475880 0.311510
vt 0.450410 0.262153
vt 0.438217 0.295137
vt 0.410385 0.283212
vt 0.423616 0.247078
vt 0.390441 0.237863
vt 0.389980 0.238992
vt 0.373871 0.277308
vt 0.404168 0.315991
vt 0.434954 0.324401
vt 0.374088 0.322403
vt 0.573532 0.303783
vt 0.535586 0.294831
vt 0.543490 0.338168
vt 0.573318 0.344636
vt 0.532726 0.370246
vt 0.561736 0.387788
vt 0.501577 0.363444
vt 0.486338 0.386646
vt 0.516819 0.404680
vt 0.431683 0.352434
vt 0.396092 0.347739
vt 0.452909 0.345003
vt 0.479716 0.326760
vt 0.475595 0.367736
vt 0.516349 0.334060
vt 0.535514 0.294885
vt 0.501706 0.283338
vt 0.501770 0.283223
vt 0.535524 0.294879
vt 0.573705 0.302533
vt 0.535786 0.293616
vt 0.582263 0.262593
vt 0.404292 0.202909
s 1
usemtl moth
f 1/1/1 5/2/2 6/3/3 2/4/4
f 1/1/1 2/4/4 3/5/5
f 4/6/6 1/7/1 3/8/5 11/9/7
f 4/6/6 7/10/8 5/11/2 1/7/1
f 6/12/3 5/13/2 7/10/8 8/14/9
f 9/15/10 8/14/9 7/10/8 4/6/6
f 2/16/4 6/17/3 8/14/9 9/15/10
f 2/16/4 9/15/10 10/18/11 22/19/12
f 11/9/7 13/20/13 10/18/11 9/15/10
f 9/15/10 4/6/6 11/9/7
f 3/21/5 16/22/14 14/23/15 11/24/7
f 14/23/15 12/25/16 11/24/7
f 11/24/7 12/25/16 13/26/13
f 16/22/14 18/27/17 15/28/18 14/23/15
f 14/23/15 15/28/18 21/29/19 12/25/16
f 17/30/20 16/31/14 3/5/5
f 19/32/21 16/31/14 17/30/20
f 19/32/21 20/33/22 18/34/17 16/31/14
f 12/35/16 21/36/19 20/33/22 19/32/21
f 13/37/13 12/35/16 19/32/21 17/30/20
f 18/27/17 20/38/22 21/39/19 15/28/18
f 10/40/11 13/41/13 17/42/20 22/43/12
f 2/4/4 22/44/12 17/30/20 3/5/5
f 23/45/23 24/46/24 28/47/25 26/48/26
f 24/49/24 23/50/23 25/51/27 48/52/28
f 25/53/27 23/45/23 26/48/26 27/54/29
f 27/54/29 26/48/26 29/55/30 30/56/31
f 26/48/26 28/47/25 32/57/32 29/55/30
f 30/56/31 29/55/30 31/58/33 42/59/34
f 29/55/30 32/57/32 34/60/35 31/58/33
f 28/61/25 49/62/36 33/63/37 32/64/32
f 32/64/32 33/63/37 35/65/38 34/66/35
f 36/67/39 34/66/35 35/65/38 39/68/40
f 31/58/33 34/60/35 36/69/39
f 31/58/33 36/69/39 37/70/41
f 37/70/41 36/69/39 38/71/42
f 38/72/42 36/67/39 39/68/40 40/73/43
f 40/73/43 39/68/40 41/74/44 44/75/45
f 39/68/40 35/65/38 45/76/46 41/74/44
f 41/77/44 45/78/46 42/59/34
f 41/77/44 42/59/34 43/79/47
f 44/80/45 41/77/44 43/79/47
f 46/81/48 30/56/31 42/59/34 45/78/46
f 33/63/37 46/82/48 45/76/46 35/65/38
f 49/62/36 47/83/49 46/82/48 33/63/37
f 47/84/49 27/54/29 30/56/31 46/81/48
f 48/85/28 25/53/27 27/54/29 47/84/49
f 49/62/36 48/86/28 47/83/49
f 24/87/24 49/62/36 28/61/25
f 49/62/36 24/87/24 48/86/28
f 44/80/45 43/79/47 53/88/50 50/89/51
f 40/73/43 44/75/45 50/90/51 51/91/52
f 51/91/52 50/90/51 52/92/53 74/93/54
f 50/89/51 53/88/50 55/94/55 52/95/53
f 43/79/47 37/70/41 54/96/56 53/88/50
f 53/88/50 54/96/56 56/97/57 55/98/55
f 57/99/58 55/98/55 56/97/57 61/100/59
f 58/101/60 52/95/53 55/94/55 57/102/58
f 58/101/60 57/102/58 59/103/61
f 59/103/61 57/104/58 60/105/62
f 57/99/58 61/100/59 63/106/63 60/105/62
f 61/100/59 56/107/57 75/108/64 62/109/65
f 61/100/59 62/109/65 65/110/66 63/106/63
f 60/105/62 63/106/63 64/111/67 70/112/68
f 63/106/63 65/110/66 67/113/69 64/111/67
f 62/114/65 73/115/70 66/116/71 65/117/66
f 65/117/66 66/116/71 68/118/72 67/119/69
f 71/120/73 69/121/74 67/122/69 68/118/72
f 69/123/74 70/112/68 64/111/67 67/124/69
f 59/103/61 70/112/68 69/125/74
f 71/120/73 59/126/61 69/127/74
f 72/128/75 59/126/61 71/120/73
f 66/116/71 72/128/75 71/120/73 68/118/72
f 73/129/70 72/128/75 66/116/71
f 59/126/61 72/128/75 58/130/60
f 58/131/60 72/128/75 73/132/70
f 73/132/70 74/93/54 52/92/53 58/131/60
f 62/114/65 75/133/64 74/134/54 73/115/70
f 76/135/76 51/91/52 74/134/54 75/133/64
f 54/96/56 76/136/76 75/108/64 56/107/57
f 37/70/41 38/71/42 76/136/76 54/96/56
f 38/72/42 40/73/43 51/91/52 76/135/76
f 60/105/62 70/112/68 59/103/61
f 43/79/47 42/59/34 31/58/33 37/70/41
f 80/6/77 87/9/78 78/8/79 77/7/80
f 77/1/80 78/5/79 79/4/81
f 77/1/80 79/4/81 83/3/82 81/2/83
f 80/6/77 77/7/80 81/11/83 82/10/84
f 83/12/82 84/14/85 82/10/84 81/13/83
f 79/16/81 85/15/86 84/14/85 83/17/82
f 85/15/86 80/6/77 82/10/84 84/14/85
f 87/9/78 85/15/86 86/18/87 88/20/88
f 79/16/81 98/19/89 86/18/87 85/15/86
f 85/15/86 87/9/78 80/6/77
f 78/21/79 87/24/78 90/23/90 92/22/91
f 87/24/78 88/26/88 89/25/92
f 90/23/90 87/24/78 89/25/92
f 90/23/90 89/25/92 97/29/93 91/28/94
f 92/22/91 90/23/90 91/28/94 94/27/95
f 93/30/96 78/5/79 92/31/91
f 95/32/97 93/30/96 92/31/91
f 95/32/97 92/31/91 94/34/95 96/33/98
f 88/37/88 93/30/96 95/32/97 89/35/92
f 89/35/92 95/32/97 96/33/98 97/36/93
f 94/27/95 91/28/94 97/39/93 96/38/98
f 79/4/81 78/5/79 93/30/96 98/44/89
f 86/40/87 98/43/89 93/42/96 88/41/88
f 100/53/99 103/54/100 102/48/101 99/45/102
f 101/49/103 108/52/104 100/51/99 99/50/102
f 99/45/102 102/48/101 105/47/105 101/46/103
f 103/54/100 113/56/106 104/55/107 102/48/101
f 102/48/101 104/55/107 106/57/108 105/47/105
f 105/61/105 106/64/108 109/63/109 107/62/110
f 101/87/103 105/61/105 107/62/110
f 107/62/110 110/83/111 108/86/104
f 107/62/110 108/86/104 101/87/103
f 107/62/110 109/63/109 111/82/112 110/83/111
f 108/85/104 110/84/111 103/54/100 100/53/99
f 110/84/111 111/81/112 113/56/106 103/54/100
f 111/81/112 112/78/113 114/59/114 113/56/106
f 109/63/109 121/65/115 112/76/113 111/82/112
f 113/56/106 114/59/114 117/58/116 104/55/107
f 115/79/117 118/70/118 117/58/116 114/59/114
f 116/77/119 115/79/117 114/59/114
f 116/77/119 114/59/114 112/78/113
f 104/55/107 117/58/116 120/60/120 106/57/108
f 117/58/116 118/70/118 119/69/121
f 117/58/116 119/69/121 120/60/120
f 106/64/108 120/66/120 121/65/115 109/63/109
f 119/67/121 122/68/122 121/65/115 120/66/120
f 122/68/122 116/74/119 112/76/113 121/65/115
f 123/73/123 125/75/124 116/74/119 122/68/122
f 124/72/125 123/73/123 122/68/122 119/67/121
f 124/72/125 129/135/126 126/91/127 123/73/123
f 123/73/123 126/91/127 128/90/128 125/75/124
f 129/135/126 130/133/129 127/134/130 126/91/127
f 126/91/127 127/93/130 135/92/131 128/90/128
f 131/96/132 132/107/133 130/108/129 129/136/126
f 118/70/118 131/96/132 129/136/126 124/71/125
f 133/88/134 134/98/135 132/97/133 131/96/132
f 115/79/117 133/88/134 131/96/132 118/70/118
f 128/89/128 135/95/131 134/94/135 133/88/134
f 125/80/124 128/89/128 133/88/134 115/79/117
f 136/99/136 140/100/137 132/97/133 134/98/135
f 138/101/138 136/102/136 134/94/135 135/95/131
f 137/103/139 139/105/140 136/104/136
f 138/101/138 137/103/139 136/102/136
f 136/99/136 139/105/140 141/106/141 140/100/137
f 140/100/137 141/106/141 143/110/142 142/109/143
f 140/100/137 142/109/143 130/108/129 132/107/133
f 142/114/143 143/117/142 146/116/144 144/115/145
f 142/114/143 144/115/145 127/134/130 130/133/129
f 144/132/145 138/131/138 135/92/131 127/93/130
f 138/131/138 144/132/145 145/128/146
f 144/129/145 146/116/144 145/128/146
f 146/116/144 147/118/147 149/120/148 145/128/146
f 143/117/142 148/119/149 147/118/147 146/116/144
f 149/120/148 147/118/147 148/122/149 150/121/150
f 145/128/146 149/120/148 137/126/139
f 149/120/148 150/127/150 137/126/139
f 137/103/139 150/125/150 151/112/151
f 150/123/150 148/124/149 152/111/152 151/112/151
f 139/105/140 137/103/139 151/112/151
f 139/105/140 151/112/151 152/111/152 141/106/141
f 141/106/141 152/111/152 148/113/149 143/110/142
f 137/126/139 138/130/138 145/128/146
f 125/80/124 115/79/117 116/77/119
f 118/70/118 124/71/125 119/69/121
f 153/1/153 157/2/154 158/3/155 154/4/156
f 153/1/153 154/4/156 155/5/157
f 156/6/158 153/7/153 155/8/157 163/9/159
f 156/6/158 159/10/160 157/11/154 153/7/153
f 158/12/155 157/13/154 159/10/160 160/14/161
f 161/15/162 160/14/161 159/10/160 156/6/158
f 154/16/156 158/17/155 160/14/161 161/15/162
f 154/16/156 161/15/162 162/18/163 174/19/164
f 163/9/159 165/20/165 162/18/163 161/15/162
f 161/15/162 156/6/158 163/9/159
f 155/21/157 168/22/166 166/23/167 163/24/159
f 166/23/167 164/25/168 163/24/159
f 163/24/159 164/25/168 165/26/165
f 168/22/166 170/27/169 167/28/170 166/23/167
f 166/23/167 167/28/170 173/29/171 164/25/168
f 169/30/172 168/31/166 155/5/157
f 171/32/173 168/31/166 169/30/172
f 171/32/173 172/33/174 170/34/169 168/31/166
f 164/35/168 173/36/171 172/33/174 171/32/173
f 165/37/165 164/35/168 171/32/173 169/30/172
f 170/27/169 172/38/174 173/39/171 167/28/170
f 162/40/163 165/41/165 169/42/172 174/43/164
f 154/4/156 174/44/164 169/30/172 155/5/157
f 175/45/175 176/46/176 180/47/177 178/48/178
f 176/49/176 175/50/175 177/51/179 200/52/180
f 177/53/179 175/45/175 178/48/178 179/54/181
f 179/54/181 178/48/178 181/55/182 182/56/183
f 178/48/178 180/47/177 184/57/184 181/55/182
f 182/56/183 181/55/182 183/58/185 194/59/186
f 181/55/182 184/57/184 186/60/187 183/58/185
f 180/61/177 201/62/188 185/63/189 184/64/184
f 184/64/184 185/63/189 187/65/190 186/66/187
f 188/67/191 186/66/187 187/65/190 191/68/192
f 183/58/185 186/60/187 188/69/191
f 183/58/185 188/69/191 189/70/193
f 189/70/193 188/69/191 190/71/194
f 190/72/194 188/67/191 191/68/192 192/73/195
f 192/73/195 191/68/192 193/74/196 196/75/197
f 191/68/192 187/65/190 197/76/198 193/74/196
f 193/77/196 197/78/198 194/59/186
f 193/77/196 194/59/186 195/79/199
f 196/80/197 193/77/196 195/79/199
f 198/81/200 182/56/183 194/59/186 197/78/198
f 185/63/189 198/82/200 197/76/198 187/65/190
f 201/62/188 199/83/201 198/82/200 185/63/189
f 199/84/201 179/54/181 182/56/183 198/81/200
f 200/85/180 177/53/179 179/54/181 199/84/201
f 201/62/188 200/86/180 199/83/201
f 176/87/176 201/62/188 180/61/177
f 201/62/188 176/87/176 200/86/180
f 196/80/197 195/79/199 205/88/202 202/89/203
f 192/73/195 196/75/197 202/90/203 203/91/204
f 203/91/204 202/90/203 204/92/205 226/93/206
f 202/89/203 205/88/202 207/94/207 204/95/205
f 195/79/199 189/70/193 206/96/208 205/88/202
f 205/88/202 206/96/208 208/97/209 207/98/207
f 209/99/210 207/98/207 208/97/209 213/100/211
f 210/101/212 204/95/205 207/94/207 209/102/210
f 210/101/212 209/102/210 211/103/213
f 211/103/213 209/104/210 212/105/214
f 209/99/210 213/100/211 215/106/215 212/105/214
f 213/100/211 208/107/209 227/108/216 214/109/217
f 213/100/211 214/109/217 217/110/218 215/106/215
f 212/105/214 215/106/215 216/111/219 222/112/220
f 215/106/215 217/110/218 219/113/221 216/111/219
f 214/114/217 225/115/222 218/116/223 217/117/218
f 217/117/218 218/116/223 220/118/224 219/119/221
f 223/120/225 221/121/226 219/122/221 220/118/224
f 221/123/226 222/112/220 216/111/219 219/124/221
f 211/103/213 222/112/220 221/125/226
f 223/120/225 211/126/213 221/127/226
f 224/128/227 211/126/213 223/120/225
f 218/116/223 224/128/227 223/120/225 220/118/224
f 225/129/222 224/128/227 218/116/223
f 211/126/213 224/128/227 210/130/212
f 210/131/212 224/128/227 225/132/222
f 225/132/222 226/93/206 204/92/205 210/131/212
f 214/114/217 227/133/216 226/134/206 225/115/222
f 228/135/228 203/91/204 226/134/206 227/133/216
f 206/96/208 228/136/228 227/108/216 208/107/209
f 189/70/193 190/71/194 228/136/228 206/96/208
f 190/72/194 192/73/195 203/91/204 228/135/228
f 212/105/214 222/112/220 211/103/213
f 195/79/199 194/59/186 183/58/185 189/70/193
f 232/6/229 239/9/230 230/8/231 229/7/232
f 229/1/232 230/5/231 231/4/233
f 229/1/232 231/4/233 235/3/234 233/2/235
f 232/6/229 229/7/232 233/11/235 234/10/236
f 235/12/234 236/14/237 234/10/236 233/13/235
f 231/16/233 237/15/238 236/14/237 235/17/234
f 237/15/238 232/6/229 234/10/236 236/14/237
f 239/9/230 237/15/238 238/18/239 240/20/240
f 231/16/233 250/19/241 238/18/239 237/15/238
f 237/15/238 239/9/230 232/6/229
f 230/21/231 239/24/230 242/23/242 244/22/243
f 239/24/230 240/26/240 241/25/244
f 242/23/242 239/24/230 241/25/244
f 242/23/242 241/25/244 249/29/245 243/28/246
f 244/22/243 242/23/242 243/28/246 246/27/247
f 245/30/248 230/5/231 244/31/243
f 247/32/249 245/30/248 244/31/243
f 247/32/249 244/31/243 246/34/247 248/33/250
f 240/37/240 245/30/248 247/32/249 241/35/244
f 241/35/244 247/32/249 248/33/250 249/36/245
f 246/27/247 243/28/246 249/39/245 248/38/250
f 231/4/233 230/5/231 245/30/248 250/44/241
f 238/40/239 250/43/241 245/42/248 240/41/240
f 252/53/251 255/54/252 254/48/253 251/45/254
f 253/49/255 260/52/256 252/51/251 251/50/254
f 251/45/254 254/48/253 257/47/257 253/46/255
f 255/54/252 265/56/258 256/55/259 254/48/253
f 254/48/253 256/55/259 258/57/260 257/47/257
f 257/61/257 258/64/260 261/63/261 259/62/262
f 253/87/255 257/61/257 259/62/262
f 259/62/262 262/83/263 260/86/256
f 259/62/262 260/86/256 253/87/255
f 259/62/262 261/63/261 263/82/264 262/83/263
f 260/85/256 262/84/263 255/54/252 252/53/251
f 262/84/263 263/81/264 265/56/258 255/54/252
f 263/81/264 264/78/265 266/59/266 265/56/258
f 261/63/261 273/65/267 264/76/265 263/82/264
f 265/56/258 266/59/266 269/58/268 256/55/259
f 267/79/269 270/70/270 269/58/268 266/59/266
f 268/77/271 267/79/269 266/59/266
f 268/77/271 266/59/266 264/78/265
f 256/55/259 269/58/268 272/60/272 258/57/260
f 269/58/268 270/70/270 271/69/273
f 269/58/268 271/69/273 272/60/272
f 258/64/260 272/66/272 273/65/267 261/63/261
f 271/67/273 274/68/274 273/65/267 272/66/272
f 274/68/274 268/74/271 264/76/265 273/65/267
f 275/73/275 277/75/276 268/74/271 274/68/274
f 276/72/277 275/73/275 274/68/274 271/67/273
f 276/72/277 281/135/278 278/91/279 275/73/275
f 275/73/275 278/91/279 280/90/280 277/75/276
f 281/135/278 282/133/281 279/134/282 278/91/279
f 278/91/279 279/93/282 287/92/283 280/90/280
f 283/96/284 284/107/285 282/108/281 281/136/278
f 270/70/270 283/96/284 281/136/278 276/71/277
f 285/88/286 286/98/287 284/97/285 283/96/284
f 267/79/269 285/88/286 283/96/284 270/70/270
f 280/89/280 287/95/283 286/94/287 285/88/286
f 277/80/276 280/89/280 285/88/286 267/79/269
f 288/99/288 292/100/289 284/97/285 286/98/287
f 290/101/290 288/102/288 286/94/287 287/95/283
f 289/103/291 291/105/292 288/104/288
f 290/101/290 289/103/291 288/102/288
f 288/99/288 291/105/292 293/106/293 292/100/289
f 292/100/289 293/106/293 295/110/294 294/109/295
f 292/100/289 294/109/295 282/108/281 284/107/285
f 294/114/295 295/117/294 298/116/296 296/115/297
f 294/114/295 296/115/297 279/134/282 282/133/281
f 296/132/297 290/131/290 287/92/283 279/93/282
f 290/131/290 296/132/297 297/128/298
f 296/129/297 298/116/296 297/128/298
f 298/116/296 299/118/299 301/120/300 297/128/298
f 295/117/294 300/119/301 299/118/299 298/116/296
f 301/120/300 299/118/299 300/122/301 302/121/302
f 297/128/298 301/120/300 289/126/291
f 301/120/300 302/127/302 289/126/291
f 289/103/291 302/125/302 303/112/303
f 302/123/302 300/124/301 304/111/304 303/112/303
f 291/105/292 289/103/291 303/112/303
f 291/105/292 303/112/303 304/111/304 293/106/293
f 293/106/293 304/111/304 300/113/301 295/110/294
f 289/126/291 290/130/290 297/128/298
f 277/80/276 267/79/269 268/77/271
f 270/70/270 276/71/277 271/69/273
o male_player
v 0.161155 0.092180 0.009411
v 0.085051 0.071810 -0.075681
v 0.206336 0.066065 -0.162975
v 0.257605 0.076195 -0.075724
v 0.147892 0.470165 0.086935
v 0.092316 0.458800 0.047061
v 0.119632 0.362902 -0.066163
v 0.186425 0.371054 -0.064270
v 0.213704 0.479313 0.045425
v 0.091961 0.956894 0.089594
v 0.022209 0.902991 0.004416
v 0.056983 0.931650 -0.128360
v 0.164903 0.957745 -0.137943
v 0.196804 0.957132 -0.024975
v 0.204653 0.310897 -0.140180
v 0.225519 0.279095 -0.063269
v 0.089981 0.269748 -0.067874
v 0.111986 0.304757 -0.143230
v 0.164259 0.262591 -0.032174
v 0.205304 0.772047 0.024219
v 0.130760 0.775043 0.106524
v 0.085605 0.760269 -0.069023
v 0.175915 0.771565 -0.070236
v 0.057698 0.757136 0.037473
v 0.094578 0.337655 0.016411
v 0.220458 0.351535 0.019479
v 0.157089 0.339484 0.056263
v 0.138424 0.603890 0.080259
v 0.194454 0.605687 -0.046298
v 0.077752 0.590279 0.033007
v 0.214460 0.611670 0.030950
v 0.105646 0.593772 -0.045162
v 0.038539 0.962540 0.094074
v 0.051674 1.106501 0.104491
v 0.097025 1.128951 0.051266
v 0.157593 1.149592 -0.037904
v 0.125597 1.146733 -0.132163
v 0.055840 1.148345 -0.163269
v 0.051800 1.030270 0.081562
v 0.101124 1.047698 0.062296
v 0.180560 1.063304 -0.029344
v 0.150043 1.061028 -0.134051
v 0.082411 1.038924 -0.175349
v 0.050452 1.376491 0.098520
v 0.112876 1.376566 0.045382
v 0.171895 1.440988 -0.003793
v 0.124177 1.357181 -0.101682
v 0.068399 1.351977 -0.130695
v 0.045092 1.245587 0.092450
v 0.109794 1.219744 0.048871
v 0.148230 1.245924 -0.035127
v 0.132462 1.249084 -0.091105
v 0.052676 1.248135 -0.121259
v 0.177983 1.566561 0.018662
v 0.197531 1.595623 -0.017945
v 0.183078 1.600058 -0.095750
v 0.049101 1.646883 -0.106892
v 0.065482 1.640231 -0.028265
v 0.056063 1.597334 0.047107
v 0.149525 1.471321 -0.103578
v 0.154416 1.335720 -0.030722
v 0.130099 1.414224 0.078633
v 0.034114 1.411703 0.119462
v 0.089885 1.503307 -0.177758
v 0.026651 1.511629 0.109530
v 0.131740 1.489685 0.075855
v 0.130713 1.616110 -0.028279
v 0.125303 1.617622 -0.107050
v 0.127496 1.485060 -0.142358
v 0.165791 1.366477 -0.034181
v 0.147776 1.404922 -0.102412
v 0.098956 0.205111 -0.072994
v 0.174361 0.205719 -0.156489
v 0.165246 0.207439 -0.034625
v 0.116687 0.201584 -0.156878
v 0.230807 0.211820 -0.072363
v -0.161155 0.092180 0.009411
v -0.085051 0.071810 -0.075681
v -0.110843 0.067201 -0.164387
v -0.206336 0.066065 -0.162975
v -0.257605 0.076195 -0.075724
v -0.147892 0.470165 0.086935
v -0.092316 0.458800 0.047061
v -0.119632 0.362902 -0.066163
v -0.186425 0.371054 -0.064270
v -0.213704 0.479313 0.045425
v -0.091961 0.956894 0.089594
v -0.022209 0.902991 0.004416
v -0.056983 0.931650 -0.128360
v -0.164903 0.957745 -0.137943
v -0.196804 0.957132 -0.024975
v -0.204653 0.310897 -0.140180
v -0.225519 0.279095 -0.063269
v -0.089981 0.269748 -0.067874
v -0.111986 0.304757 -0.143230
v -0.164259 0.262591 -0.032174
v -0.205304 0.772047 0.024219
v -0.130760 0.775043 0.106524
v -0.085605 0.760269 -0.069023
v -0.175915 0.771565 -0.070236
v -0.057698 0.757136 0.037473
v -0.094578 0.337655 0.016411
v -0.220458 0.351535 0.019479
v -0.157089 0.339484 0.056263
v -0.138424 0.603890 0.080259
v -0.194454 0.605687 -0.046298
v -0.077752 0.590279 0.033007
v -0.214460 0.611670 0.030950
v -0.105646 0.593772 -0.045162
v 0.000000 0.954522 0.093740
v 0.000000 0.904337 0.005752
v 0.000000 0.929709 -0.121323
v -0.038539 0.962540 0.094074
v 0.000000 1.100309 0.112843
v -0.051674 1.106501 0.104491
v -0.097025 1.128951 0.051266
v -0.157593 1.149592 -0.037904
v -0.125597 1.146733 -0.132163
v -0.055839 1.148345 -0.163269
v 0.000000 1.145828 -0.168138
v -0.051800 1.030270 0.081562
v 0.000000 1.024604 0.090965
v -0.101124 1.047698 0.062296
v -0.180560 1.063304 -0.029344
v -0.150043 1.061028 -0.134051
v -0.082411 1.038924 -0.175349
v 0.000000 1.041407 -0.171365
v 0.000000 1.356212 0.121131
v -0.050452 1.376491 0.098520
v -0.112876 1.376566 0.045382
v -0.171895 1.440988 -0.003793
v -0.124177 1.357181 -0.101682
v -0.068399 1.351977 -0.130695
v 0.000000 1.344565 -0.105855
v -0.045092 1.245587 0.092450
v 0.000000 1.247490 0.107594
v -0.109794 1.219744 0.048871
v -0.148230 1.245924 -0.035127
v -0.132462 1.249084 -0.091105
v -0.052676 1.248135 -0.121259
v 0.000000 1.239933 -0.099394
v -0.177983 1.566561 0.018662
v -0.197531 1.595623 -0.017945
v -0.183078 1.600058 -0.095750
v 0.000000 1.594336 0.054938
v 0.000000 1.643010 -0.030492
v 0.000000 1.648578 -0.124067
v -0.049101 1.646883 -0.106892
v -0.065482 1.640231 -0.028265
v -0.056063 1.597334 0.047107
v -0.149525 1.471321 -0.103578
v -0.154416 1.335720 -0.030722
v -0.130099 1.414224 0.078633
v -0.034114 1.411703 0.119462
v 0.000000 1.442909 0.126167
v 0.000000 1.512353 -0.164626
v -0.089885 1.503307 -0.177758
v -0.026651 1.511629 0.109530
v 0.000000 1.511909 0.103753
v -0.131740 1.489685 0.075855
v -0.130713 1.616110 -0.028279
v -0.125303 1.617622 -0.107050
v -0.127496 1.485060 -0.142358
v -0.165791 1.366477 -0.034181
v -0.147776 1.404922 -0.102412
v -0.098956 0.205111 -0.072994
v -0.174361 0.205719 -0.156489
v -0.165246 0.207439 -0.034625
v -0.116687 0.201584 -0.156878
v -0.230807 0.211820 -0.072363
v 0.110843 0.067201 -0.164387
v -0.113155 0.000670 0.116549
v -0.177876 0.000670 0.121071
v -0.109688 0.000776 0.028291
v -0.126916 0.030566 0.099479
v -0.174936 0.040802 0.105721
v -0.123773 0.055797 0.015661
v -0.109047 0.033894 0.019459
v -0.107508 0.044132 -0.040946
v -0.126415 0.096193 -0.096360
v -0.118167 0.046689 -0.117110
v -0.118305 0.000670 -0.046860
v -0.230427 0.000670 -0.046860
v -0.115730 0.000670 -0.108861
v -0.233002 0.000670 -0.108861
v -0.139776 0.000670 -0.154578
v -0.208957 0.000670 -0.154578
v -0.139776 0.055876 -0.154578
v -0.140336 0.098624 -0.153362
v -0.210167 0.055822 -0.154513
v -0.198368 0.097070 -0.151916
v -0.217001 0.037416 -0.122019
v -0.232093 0.042814 -0.035531
v -0.220167 0.100147 -0.095648
v -0.213070 0.051639 0.018962
v -0.173198 0.061861 0.019977
v -0.214216 0.035829 0.087007
v -0.242163 0.002615 0.031133
v -0.172539 0.102436 -0.039247
v -0.242597 0.000670 0.089036
v 0.140336 0.098624 -0.153362
v 0.198368 0.097070 -0.151916
v 0.139776 0.055876 -0.154578
v 0.118167 0.046689 -0.117110
v 0.126415 0.096193 -0.096360
v 0.123773 0.055797 0.015661
v 0.107508 0.044132 -0.040946
v 0.172539 0.102436 -0.039247
v 0.220167 0.100147 -0.095648
v 0.213070 0.051639 0.018962
v 0.173198 0.061861 0.019977
v 0.174936 0.040802 0.105721
v 0.177876 0.000670 0.121071
v 0.126916 0.030566 0.099479
v 0.214216 0.035829 0.087007
v 0.242597 0.000670 0.089036
v 0.242163 0.002615 0.031133
v 0.109688 0.000776 0.028291
v 0.230427 0.000670 -0.046860
v 0.118305 0.000670 -0.046860
v 0.233002 0.000670 -0.108861
v 0.232093 0.042814 -0.035531
v 0.217001 0.037416 -0.122019
v 0.210167 0.055822 -0.154513
v 0.208957 0.000670 -0.154578
v 0.139776 0.000670 -0.154578
v 0.115730 0.000670 -0.108861
v 0.113155 0.000670 0.116549
v 0.109052 0.033905 0.019456
vn 0.9030 -0.1955 0.3826
vn 0.6193 0.4272 -0.6588
vn 0.9090 -0.0124 0.4167
vn -0.6906 0.3927 -0.6074
vn -0.8623 -0.3113 0.3993
vn -0.9080 -0.1001 0.4069
vn 0.0270 -0.4809 0.8764
vn -0.0218 -0.0780 0.9967
vn 0.9510 0.0267 0.3081
vn 0.6472 -0.0122 -0.7623
vn 0.0447 0.0211 0.9988
vn 0.9568 0.0716 0.2819
vn 0.9759 0.1172 0.1838
vn 0.2567 -0.0350 0.9659
vn 0.6178 -0.1468 -0.7725
vn -0.5834 -0.2757 -0.7639
vn -0.1908 -0.5421 -0.8184
vn 0.6330 -0.1331 -0.7626
vn -0.9387 -0.1630 0.3036
vn -0.5451 -0.7974 0.2590
vn -0.9373 0.0321 0.3471
vn -0.0026 0.0692 0.9976
vn 0.0516 -0.4650 0.8838
vn -0.9661 -0.1045 0.2362
vn 0.4334 0.1041 -0.8952
vn -0.5890 0.0746 -0.8047
vn -0.5718 0.3940 -0.7196
vn 0.5530 0.4099 -0.7254
vn 0.9722 0.0894 0.2163
vn 0.9808 -0.0636 0.1845
vn -0.6075 -0.0891 -0.7893
vn -0.9574 -0.1173 0.2639
vn -0.0228 -0.0170 0.9996
vn -0.0000 -0.9831 0.1832
vn -0.0000 -0.7962 -0.6050
vn 0.0708 -0.3724 0.9254
vn -0.0000 -0.0802 0.9968
vn 0.2834 0.0158 0.9589
vn 0.4312 -0.0595 0.9003
vn -0.0000 -0.1220 0.9925
vn -0.0000 -0.5020 0.8649
vn 0.6433 0.1173 0.7566
vn 0.9569 0.2011 0.2095
vn 0.7728 0.1751 -0.6100
vn 0.1874 -0.0843 -0.9787
vn -0.0000 -0.1644 -0.9864
vn -0.0000 0.2788 -0.9603
vn 0.1337 0.2854 -0.9490
vn 0.6845 0.2450 -0.6867
vn 0.9819 0.1384 0.1294
vn 0.7336 0.0555 0.6773
vn -0.0000 -0.0132 0.9999
vn 0.4737 -0.0058 0.8807
vn 0.4911 -0.2763 0.8261
vn -0.0000 -0.1326 0.9912
vn 0.7754 -0.0094 0.6314
vn 0.9968 0.0067 0.0790
vn 0.7716 0.0818 -0.6308
vn 0.0370 0.1895 -0.9812
vn -0.0000 0.2449 -0.9695
vn -0.0000 -0.1643 -0.9864
vn 0.1079 -0.1984 -0.9742
vn 0.6661 -0.2132 -0.7148
vn 0.6823 -0.3318 0.6514
vn 0.9701 -0.2306 0.0755
vn 0.9369 -0.3495 -0.0062
vn 0.6547 -0.2317 0.7195
vn 0.9795 -0.1322 0.1522
vn 0.8140 -0.1170 -0.5690
vn 0.7824 0.4312 -0.4493
vn 0.8299 0.5133 0.2187
vn 0.6062 0.1556 0.7800
vn 0.1962 0.9424 0.2708
vn 0.1591 0.8802 -0.4472
vn -0.0000 0.7910 -0.6118
vn -0.0000 0.9591 0.2832
vn 0.1737 0.7022 0.6904
vn -0.0000 0.7159 0.6982
vn 0.6624 0.3305 0.6723
vn 0.3123 0.9106 0.2706
vn 0.4391 0.7216 -0.5352
vn 0.3134 -0.1137 0.9428
vn 0.1945 0.3395 0.9203
vn -0.0000 0.3910 0.9204
vn -0.0000 0.1253 0.9921
vn 0.8035 -0.1975 -0.5615
vn -0.0000 0.0653 -0.9979
vn 0.2927 0.0286 -0.9558
vn 0.6198 -0.0786 -0.7808
vn -0.0329 -0.3701 0.9284
vn 0.8571 -0.4882 0.1645
vn -0.7749 -0.5714 0.2703
vn -0.5065 -0.5779 -0.6399
vn 0.4469 -0.5892 -0.6732
vn -0.9030 -0.1955 0.3826
vn -0.9090 -0.0124 0.4167
vn -0.6193 0.4272 -0.6588
vn 0.6906 0.3927 -0.6074
vn 0.9080 -0.1001 0.4069
vn 0.8623 -0.3113 0.3993
vn -0.0270 -0.4809 0.8764
vn 0.0218 -0.0780 0.9967
vn -0.9510 0.0267 0.3081
vn -0.6472 -0.0122 -0.7623
vn -0.0447 0.0211 0.9988
vn -0.2567 -0.0350 0.9659
vn -0.9759 0.1172 0.1838
vn -0.9568 0.0716 0.2819
vn -0.6178 -0.1468 -0.7725
vn -0.6330 -0.1331 -0.7626
vn 0.1908 -0.5421 -0.8184
vn 0.5834 -0.2757 -0.7639
vn 0.9387 -0.1630 0.3036
vn 0.5451 -0.7974 0.2590
vn 0.9373 0.0321 0.3471
vn 0.9661 -0.1045 0.2362
vn -0.0516 -0.4650 0.8838
vn 0.0026 0.0692 0.9976
vn -0.4334 0.1041 -0.8952
vn -0.5530 0.4099 -0.7254
vn 0.5718 0.3940 -0.7196
vn 0.5890 0.0746 -0.8047
vn -0.9808 -0.0636 0.1845
vn -0.9722 0.0894 0.2163
vn 0.6075 -0.0891 -0.7893
vn 0.9574 -0.1173 0.2639
vn 0.0228 -0.0170 0.9996
vn -0.0708 -0.3724 0.9254
vn -0.4312 -0.0595 0.9003
vn -0.2834 0.0158 0.9589
vn -0.6433 0.1173 0.7566
vn -0.9569 0.2011 0.2095
vn -0.7728 0.1751 -0.6100
vn -0.1874 -0.0843 -0.9787
vn -0.1337 0.2854 -0.9490
vn -0.6845 0.2450 -0.6867
vn -0.9819 0.1384 0.1294
vn -0.7336 0.0555 0.6773
vn -0.4911 -0.2763 0.8261
vn -0.4737 -0.0058 0.8807
vn -0.7754 -0.0094 0.6314
vn -0.9968 0.0067 0.0790
vn -0.7716 0.0818 -0.6308
vn -0.0370 0.1895 -0.9812
vn -0.1079 -0.1984 -0.9742
vn -0.6661 -0.2132 -0.7148
vn -0.6823 -0.3318 0.6514
vn -0.6547 -0.2317 0.7195
vn -0.9369 -0.3495 -0.0062
vn -0.9701 -0.2306 0.0755
vn -0.9795 -0.1322 0.1522
vn -0.8299 0.5133 0.2187
vn -0.7824 0.4312 -0.4493
vn -0.8140 -0.1170 -0.5690
vn -0.6062 0.1556 0.7800
vn -0.1962 0.9424 0.2708
vn -0.1591 0.8802 -0.4472
vn -0.1737 0.7022 0.6904
vn -0.6624 0.3305 0.6723
vn -0.3123 0.9106 0.2706
vn -0.4391 0.7216 -0.5352
vn -0.3134 -0.1137 0.9428
vn -0.1945 0.3395 0.9203
vn -0.8035 -0.1975 -0.5615
vn -0.2927 0.0286 -0.9558
vn -0.6198 -0.0786 -0.7808
vn 0.0329 -0.3701 0.9284
vn -0.8571 -0.4882 0.1645
vn 0.7749 -0.5714 0.2703
vn 0.5065 -0.5779 -0.6399
vn -0.4469 -0.5892 -0.6732
vn 0.6286 -0.4532 0.6321
vn 0.5548 0.6420 0.5292
vn -0.0945 0.7495 0.6552
vn -0.1544 -0.4898 0.8580
vn -0.8069 -0.3919 0.4419
vn -0.8653 -0.4985 0.0515
vn 0.7442 -0.6670 0.0368
vn 0.9530 0.2898 0.0885
vn 0.5738 0.7707 0.2772
vn -0.0340 0.9082 0.4172
vn 0.9844 0.1757 0.0104
vn 0.6404 -0.7672 -0.0350
vn 0.9560 0.0604 -0.2870
vn 0.5700 0.1167 -0.8133
vn 0.9057 0.4227 -0.0311
vn 0.7119 -0.6769 -0.1870
vn -0.7541 -0.6563 -0.0256
vn -0.7871 -0.5982 -0.1502
vn -0.4547 -0.5922 -0.6652
vn 0.4027 -0.6102 -0.6823
vn 0.5020 0.0175 -0.8647
vn -0.6617 0.1638 -0.7317
vn -0.5825 0.1083 -0.8056
vn -0.9637 0.1195 -0.2386
vn -0.9562 0.2900 0.0398
vn -0.9531 0.2947 -0.0683
vn -0.6553 0.7164 0.2393
vn -0.0169 0.9042 0.4267
vn -0.5427 0.7037 0.4585
vn -0.5577 0.1218 -0.8211
vn 0.5495 0.1245 -0.8262
vn 0.6617 0.1638 -0.7317
vn -0.5020 0.0175 -0.8647
vn -0.9559 0.0606 -0.2873
vn -0.9047 0.4246 -0.0365
vn -0.5737 0.7707 0.2771
vn 0.0169 0.9042 0.4267
vn -0.9847 0.1737 0.0152
vn 0.6553 0.7164 0.2393
vn 0.9511 0.2985 -0.0796
vn 0.0340 0.9082 0.4172
vn 0.0945 0.7495 0.6552
vn -0.5548 0.6420 0.5292
vn 0.5427 0.7037 0.4585
vn 0.1544 -0.4898 0.8580
vn 0.8069 -0.3919 0.4419
vn -0.6286 -0.4532 0.6321
vn 0.8653 -0.4985 0.0515
vn -0.7442 -0.6670 0.0369
vn -0.6404 -0.7672 -0.0350
vn 0.7541 -0.6563 -0.0256
vn 0.9572 0.2848 0.0506
vn -0.7120 -0.6769 -0.1870
vn 0.7871 -0.5982 -0.1502
vn 0.9630 0.1206 -0.2412
vn 0.4547 -0.5922 -0.6652
vn -0.4027 -0.6102 -0.6823
vn -0.9530 0.2899 0.0886
vt 0.327200 0.250120
vt 0.283832 0.247196
vt 0.330796 0.286812
vt 0.243955 0.242583
vt 0.199276 0.234175
vt 0.194790 0.265859
vt 0.106611 0.253563
vt 0.148572 0.257576
vt 0.137911 0.292741
vt 0.100719 0.287940
vt 0.330008 0.319794
vt 0.282274 0.318199
vt 0.060249 0.245387
vt 0.057633 0.278700
vt 0.088214 0.413446
vt 0.157431 0.410249
vt 0.161594 0.541993
vt 0.077296 0.539200
vt 0.293643 0.417421
vt 0.240005 0.408098
vt 0.243727 0.536538
vt 0.301754 0.539159
vt 0.026689 0.396031
vt 0.007247 0.505147
vt 0.345730 0.405063
vt 0.362357 0.537458
vt 0.179577 0.383877
vt 0.176226 0.491561
vt 0.071305 0.085262
vt 0.107936 0.087985
vt 0.111613 0.179762
vt 0.054893 0.174151
vt 0.274358 0.092005
vt 0.240185 0.089596
vt 0.240797 0.178996
vt 0.282603 0.186114
vt 0.142128 0.089469
vt 0.160728 0.183163
vt 0.212743 0.083299
vt 0.196860 0.164038
vt 0.313835 0.087629
vt 0.325027 0.178554
vt 0.242778 0.310626
vt 0.193944 0.298614
vt 0.043609 0.307684
vt 0.095143 0.322422
vt 0.141768 0.325881
vt 0.447808 0.595283
vt 0.431192 0.525128
vt 0.420773 0.524619
vt 0.420773 0.591970
vt 0.156673 0.545343
vt 0.195699 0.593598
vt 0.165516 0.596589
vt 0.143966 0.634854
vt 0.174297 0.636985
vt 0.175365 0.676230
vt 0.143965 0.673647
vt 0.143966 0.546178
vt 0.143966 0.593585
vt 0.205718 0.644376
vt 0.273227 0.650479
vt 0.275591 0.598837
vt 0.492618 0.652060
vt 0.542873 0.660753
vt 0.553082 0.604900
vt 0.499301 0.599302
vt 0.458582 0.640289
vt 0.420773 0.641057
vt 0.420773 0.695219
vt 0.448466 0.696051
vt 0.481905 0.697688
vt 0.528286 0.707623
vt 0.268866 0.694470
vt 0.210306 0.684158
vt 0.143965 0.743538
vt 0.173303 0.741897
vt 0.175972 0.806487
vt 0.143965 0.797337
vt 0.214549 0.729906
vt 0.266621 0.742219
vt 0.492525 0.760871
vt 0.522425 0.761247
vt 0.450601 0.758204
vt 0.420773 0.756992
vt 0.420773 0.813364
vt 0.457815 0.821263
vt 0.490798 0.826251
vt 0.222056 0.806687
vt 0.270632 0.787600
vt 0.278320 0.804117
vt 0.217275 0.830549
vt 0.551829 0.869826
vt 0.505189 0.889529
vt 0.516199 0.960255
vt 0.549252 0.953210
vt 0.268543 0.844854
vt 0.216072 0.862629
vt 0.193002 0.946542
vt 0.183867 0.984284
vt 0.143964 0.993469
vt 0.143964 0.949595
vt 0.182949 0.910693
vt 0.143964 0.906422
vt 0.245423 0.907259
vt 0.264619 0.928513
vt 0.225777 0.938457
vt 0.259364 0.963527
vt 0.230802 0.976430
vt 0.162361 0.823748
vt 0.157165 0.866642
vt 0.143964 0.867693
vt 0.143964 0.837175
vt 0.532166 0.830970
vt 0.502555 0.855260
vt 0.420773 0.909948
vt 0.420773 0.985395
vt 0.454431 0.988284
vt 0.460334 0.905834
vt 0.483475 0.896972
vt 0.491031 0.968066
vt 0.527979 0.811905
vt 0.271870 0.921191
vt 0.107059 0.004208
vt 0.139979 0.004566
vt 0.073514 0.003727
vt 0.236064 0.006640
vt 0.206961 0.004193
vt 0.269468 0.005029
vt 0.309915 0.001801
vt 0.393737 0.595283
vt 0.410353 0.525128
vt 0.131259 0.545343
vt 0.122416 0.596589
vt 0.092233 0.593598
vt 0.112566 0.676230
vt 0.113635 0.636985
vt 0.082213 0.644375
vt 0.014704 0.650477
vt 0.012341 0.598836
vt 0.348927 0.652060
vt 0.342245 0.599302
vt 0.288464 0.604900
vt 0.298673 0.660753
vt 0.382963 0.640289
vt 0.393080 0.696051
vt 0.359641 0.697688
vt 0.313260 0.707623
vt 0.019064 0.694469
vt 0.077625 0.684158
vt 0.111957 0.806486
vt 0.114627 0.741897
vt 0.073381 0.729905
vt 0.021309 0.742218
vt 0.349021 0.760871
vt 0.319121 0.761247
vt 0.390944 0.758204
vt 0.383731 0.821263
vt 0.350748 0.826251
vt 0.065873 0.806686
vt 0.070654 0.830548
vt 0.009609 0.804116
vt 0.017297 0.787599
vt 0.289716 0.869826
vt 0.292294 0.953210
vt 0.325347 0.960255
vt 0.336357 0.889529
vt 0.071857 0.862628
vt 0.019386 0.844853
vt 0.094926 0.946541
vt 0.104061 0.984284
vt 0.104980 0.910693
vt 0.042505 0.907259
vt 0.062150 0.938457
vt 0.023309 0.928512
vt 0.057126 0.976429
vt 0.028564 0.963526
vt 0.125568 0.823748
vt 0.130764 0.866642
vt 0.309379 0.830970
vt 0.338991 0.855260
vt 0.381212 0.905834
vt 0.387114 0.988284
vt 0.350515 0.968066
vt 0.358070 0.896972
vt 0.313567 0.811905
vt 0.016058 0.921190
vt 0.322216 0.008384
vt 0.371251 0.007634
vt 0.371251 0.051501
vt 0.341772 0.070350
vt 0.314933 0.046161
vt 0.314899 0.046225
vt 0.371217 0.051565
vt 0.322182 0.008448
vt 0.341738 0.070414
vt 0.371217 0.007698
vt 0.794009 0.011435
vt 0.800717 0.021612
vt 0.831418 0.019982
vt 0.832037 0.009470
vt 0.952044 0.163595
vt 0.967359 0.165286
vt 0.982736 0.154575
vt 0.982736 0.133968
vt 0.951380 0.133647
vt 0.957082 0.051496
vt 0.951446 0.059646
vt 0.979004 0.062785
vt 0.987500 0.056479
vt 0.801608 0.055914
vt 0.828469 0.054171
vt 0.947646 0.065142
vt 0.928629 0.062889
vt 0.930645 0.048997
vt 0.903752 0.062177
vt 0.891893 0.079224
vt 0.912772 0.080040
vt 0.908329 0.046915
vt 0.953539 0.108175
vt 0.980084 0.108447
vt 0.980799 0.087421
vt 0.953035 0.087136
vt 0.975184 0.071854
vt 0.958805 0.071686
vt 0.888689 0.047141
vt 0.889171 0.065089
vt 0.862930 0.050888
vt 0.864873 0.069662
vt 0.870847 0.084850
vt 0.971223 0.021647
vt 0.979264 0.042096
vt 0.987589 0.028075
vt 0.962910 0.008455
vt 0.987857 0.009409
vt 0.929174 0.023183
vt 0.952394 0.041745
vt 0.932809 0.009225
vt 0.900516 0.029721
vt 0.895877 0.009744
vt 0.829898 0.086744
vt 0.850139 0.052764
vt 0.856369 0.024742
vt 0.866479 0.009455
vt 0.867835 0.020454
vt 0.859929 0.096175
vt 0.800468 0.099157
vt 0.863322 0.014257
vt 0.800468 0.099157
vt 0.801608 0.055914
vt 0.829898 0.086744
vt 0.859928 0.096175
vt 0.831418 0.019982
vt 0.856369 0.024742
vt 0.863322 0.014257
vt 0.794009 0.011435
vt 0.951444 0.059649
s 1
usemtl moth
f 330/137/305 312/138/306 313/139/307
f 311/140/308 329/141/309 310/142/310
f 331/143/311 330/144/305 313/145/307 309/146/312
f 335/147/313 313/139/307 333/148/314
f 329/149/309 331/143/311 309/146/312 310/150/310
f 325/151/315 324/152/316 318/153/317 314/154/318
f 327/155/319 326/156/320 316/157/321 317/158/322
f 328/159/323 325/151/315 314/154/318 315/160/324
f 324/161/316 327/155/319 317/158/322 318/162/317
f 326/156/320 328/163/323 315/164/324 316/157/321
f 376/165/325 378/166/326 323/167/327 321/168/328
f 377/169/329 379/170/330 322/171/331 319/172/332
f 378/166/326 380/173/333 320/174/334 323/167/327
f 379/170/330 376/175/325 321/176/328 322/171/331
f 380/177/333 377/169/329 319/172/332 320/178/334
f 336/179/335 334/180/336 328/163/323 326/156/320
f 335/147/313 333/148/314 327/155/319 324/161/316
f 334/181/336 332/182/337 325/151/315 328/159/323
f 333/148/314 336/179/335 326/156/320 327/155/319
f 332/182/337 335/183/313 324/152/316 325/151/315
f 321/168/328 323/167/327 331/143/311 329/149/309
f 319/172/332 322/171/331 311/140/308 312/138/306
f 323/167/327 320/174/334 330/144/305 331/143/311
f 322/171/331 321/176/328 329/141/309 311/140/308
f 320/178/334 319/172/332 312/138/306 330/137/305
f 309/146/312 313/145/307 335/183/313 332/182/337
f 312/138/306 311/140/308 336/179/335 333/148/314
f 310/150/310 309/146/312 332/182/337 334/181/336
f 313/139/307 312/138/306 333/148/314
f 310/142/310 334/180/336 336/179/335
f 311/140/308 310/142/310 336/179/335
f 316/184/321 315/185/324 415/186/338 416/187/339
f 315/188/324 314/189/318 337/190/340
f 426/191/341 343/192/342 338/193/343 418/194/344
f 415/195/338 315/188/324 337/190/340 414/196/345
f 344/197/346 343/192/342 314/189/318
f 345/198/347 344/197/346 314/189/318 318/199/317
f 346/200/348 345/201/347 318/202/317 317/203/322
f 347/204/349 346/200/348 317/203/322
f 431/205/350 347/204/349 316/184/321 416/187/339
f 424/206/351 342/207/352 347/204/349 431/205/350
f 341/208/353 346/200/348 347/204/349
f 341/208/353 340/209/354 345/201/347 346/200/348
f 340/210/354 339/211/355 344/197/346 345/198/347
f 339/211/355 338/193/343 343/192/342 344/197/346
f 337/190/340 314/189/318 343/192/342
f 316/184/321 347/204/349 317/203/322
f 342/207/352 341/208/353 347/204/349
f 440/212/356 353/213/357 348/214/358 432/215/359
f 354/216/360 353/213/357 338/193/343 339/211/355
f 355/217/361 354/216/360 339/211/355 340/210/354
f 356/218/362 355/219/361 340/209/354 341/208/353
f 357/220/363 356/218/362 341/208/353 342/207/352
f 445/221/364 357/220/363 342/207/352 424/206/351
f 438/222/365 352/223/366 357/220/363 445/221/364
f 352/223/366 351/224/367 356/218/362 357/220/363
f 349/225/368 365/226/369 374/227/370 366/228/371
f 349/225/368 354/216/360 355/217/361 365/226/369
f 349/225/368 348/214/358 353/213/357 354/216/360
f 418/194/344 338/193/343 353/213/357 440/212/356
f 350/229/372 364/230/373 360/231/374 359/232/375
f 366/228/371 350/233/372 370/234/376
f 362/235/377 361/236/378 451/237/379 450/238/380
f 363/239/381 362/235/377 450/238/380 449/240/382
f 358/241/383 359/242/375 371/243/384 363/239/381
f 359/242/375 360/244/374 372/245/385 371/243/384
f 367/246/386 369/247/387 463/248/388 459/249/389
f 366/228/371 370/234/376 369/247/387 367/246/386
f 348/214/358 367/246/386 432/215/359
f 367/246/386 459/249/389 432/215/359
f 366/228/371 367/246/386 348/214/358 349/225/368
f 374/250/370 375/251/390 364/230/373 350/229/372
f 460/252/391 451/253/379 361/254/378 368/255/392
f 438/222/365 460/252/391 368/255/392 352/223/366
f 360/231/374 364/230/373 373/256/393 372/257/385
f 352/223/366 368/255/392 373/256/393
f 356/218/362 351/224/367 365/258/369 355/219/361
f 366/228/371 374/227/370 350/233/372
f 463/248/388 369/247/387 363/239/381 449/240/382
f 369/247/387 370/234/376 363/239/381
f 370/234/376 350/233/372 359/259/375 358/241/383
f 371/243/384 372/245/385 361/236/378 362/235/377
f 372/257/385 368/255/392 361/254/378
f 363/239/381 371/243/384 362/235/377
f 363/239/381 370/234/376 358/241/383
f 372/257/385 373/256/393 368/255/392
f 373/256/393 364/230/373 375/251/390 352/223/366
f 414/196/345 337/190/340 343/192/342 426/191/341
f 351/224/367 375/251/390 374/250/370 365/258/369
f 352/223/366 375/251/390 351/224/367
f 305/260/394 308/261/395 380/173/333 378/166/326
f 306/262/396 305/260/394 378/166/326 376/165/325
f 475/263/397 306/264/396 376/175/325 379/170/330
f 307/265/398 475/263/397 379/170/330 377/169/329
f 308/266/395 307/265/398 377/169/329 380/177/333
f 407/137/399 390/139/400 389/138/401
f 388/140/402 387/142/403 406/141/404
f 408/143/405 386/146/406 390/145/400 407/144/399
f 412/147/407 410/148/408 390/139/400
f 406/149/404 387/150/403 386/146/406 408/143/405
f 402/151/409 391/154/410 395/153/411 401/152/412
f 404/155/413 394/158/414 393/157/415 403/156/416
f 405/159/417 392/160/418 391/154/410 402/151/409
f 401/161/412 395/162/411 394/158/414 404/155/413
f 403/156/416 393/157/415 392/164/418 405/163/417
f 470/165/419 398/168/420 400/167/421 472/166/422
f 471/169/423 396/172/424 399/171/425 473/170/426
f 472/166/422 400/167/421 397/174/427 474/173/428
f 473/170/426 399/171/425 398/176/420 470/175/419
f 474/177/428 397/178/427 396/172/424 471/169/423
f 413/179/429 403/156/416 405/163/417 411/180/430
f 412/147/407 401/161/412 404/155/413 410/148/408
f 411/181/430 405/159/417 402/151/409 409/182/431
f 410/148/408 404/155/413 403/156/416 413/179/429
f 409/182/431 402/151/409 401/152/412 412/183/407
f 398/168/420 406/149/404 408/143/405 400/167/421
f 396/172/424 389/138/401 388/140/402 399/171/425
f 400/167/421 408/143/405 407/144/399 397/174/427
f 399/171/425 388/140/402 406/141/404 398/176/420
f 397/178/427 407/137/399 389/138/401 396/172/424
f 386/146/406 409/182/431 412/183/407 390/145/400
f 389/138/401 410/148/408 413/179/429 388/140/402
f 387/150/403 411/181/430 409/182/431 386/146/406
f 390/139/400 410/148/408 389/138/401
f 387/142/403 413/179/429 411/180/430
f 388/140/402 413/179/429 387/142/403
f 393/267/415 416/187/339 415/186/338 392/268/418
f 392/269/418 417/270/432 391/271/410
f 426/191/341 418/194/344 419/272/433 425/273/434
f 415/195/338 414/196/345 417/270/432 392/269/418
f 427/274/435 391/271/410 425/273/434
f 428/275/436 395/276/411 391/271/410 427/274/435
f 429/277/437 394/278/414 395/279/411 428/280/436
f 430/281/438 394/278/414 429/277/437
f 431/205/350 416/187/339 393/267/415 430/281/438
f 424/206/351 431/205/350 430/281/438 423/282/439
f 422/283/440 430/281/438 429/277/437
f 422/283/440 429/277/437 428/280/436 421/284/441
f 421/285/441 428/275/436 427/274/435 420/286/442
f 420/286/442 427/274/435 425/273/434 419/272/433
f 417/270/432 425/273/434 391/271/410
f 393/267/415 394/278/414 430/281/438
f 423/282/439 430/281/438 422/283/440
f 440/212/356 432/215/359 433/287/443 439/288/444
f 441/289/445 420/286/442 419/272/433 439/288/444
f 442/290/446 421/285/441 420/286/442 441/289/445
f 443/291/447 422/283/440 421/284/441 442/292/446
f 444/293/448 423/282/439 422/283/440 443/291/447
f 445/221/364 424/206/351 423/282/439 444/293/448
f 438/222/365 445/221/364 444/293/448 437/294/449
f 437/294/449 444/293/448 443/291/447 436/295/450
f 434/296/451 457/297/452 468/298/453 456/299/454
f 434/296/451 456/299/454 442/290/446 441/289/445
f 434/296/451 441/289/445 439/288/444 433/287/443
f 418/194/344 440/212/356 439/288/444 419/272/433
f 435/300/455 447/301/456 448/302/457 455/303/458
f 457/297/452 464/304/459 435/305/455
f 453/306/460 450/238/380 451/237/379 452/307/461
f 454/308/462 449/240/382 450/238/380 453/306/460
f 446/309/463 454/308/462 465/310/464 447/311/456
f 447/311/456 465/310/464 466/312/465 448/313/457
f 458/314/466 459/249/389 463/248/388 462/315/467
f 457/297/452 458/314/466 462/315/467 464/304/459
f 433/287/443 432/215/359 458/314/466
f 458/314/466 432/215/359 459/249/389
f 457/297/452 434/296/451 433/287/443 458/314/466
f 468/316/453 435/300/455 455/303/458 469/317/468
f 460/252/391 461/318/469 452/319/461 451/253/379
f 438/222/365 437/294/449 461/318/469 460/252/391
f 448/302/457 466/320/465 467/321/470 455/303/458
f 437/294/449 467/321/470 461/318/469
f 443/291/447 442/292/446 456/322/454 436/295/450
f 457/297/452 435/305/455 468/298/453
f 463/248/388 449/240/382 454/308/462 462/315/467
f 462/315/467 454/308/462 464/304/459
f 464/304/459 446/309/463 447/323/456 435/305/455
f 465/310/464 453/306/460 452/307/461 466/312/465
f 466/320/465 452/319/461 461/318/469
f 454/308/462 453/306/460 465/310/464
f 454/308/462 446/309/463 464/304/459
f 466/320/465 461/318/469 467/321/470
f 467/321/470 437/294/449 469/317/468 455/303/458
f 414/196/345 426/191/341 425/273/434 417/270/432
f 436/295/450 456/322/454 468/316/453 469/317/468
f 437/294/449 436/295/450 469/317/468
f 381/260/471 472/166/422 474/173/428 385/261/472
f 382/262/473 470/165/419 472/166/422 381/260/471
f 383/263/474 473/170/426 470/175/419 382/264/473
f 384/265/475 471/169/423 473/170/426 383/263/474
f 385/266/472 474/177/428 471/169/423 384/265/475
f 308/324/395 305/325/394 306/326/396
f 306/326/396 475/327/397 307/328/398
f 307/328/398 308/324/395 306/326/396
f 384/329/475 382/330/473 385/331/472
f 383/332/474 382/330/473 384/329/475
f 382/330/473 381/333/471 385/331/472
f 476/334/476 479/335/477 480/336/478 477/337/479
f 476/338/476 477/339/479 504/340/480 502/341/481 478/342/482
f 478/343/482 482/344/483 479/345/477 476/346/476
f 479/335/477 481/347/484 500/348/485 480/336/478
f 482/344/483 481/349/484 479/345/477
f 483/350/486 481/349/484 482/344/483
f 486/351/487 483/350/486 482/344/483 478/343/482
f 485/352/488 493/353/489 484/354/490 483/350/486
f 483/350/486 484/354/490 481/349/484
f 488/355/491 485/352/488 483/350/486 486/351/487
f 486/356/487 487/357/492 489/358/493 488/359/491
f 478/342/482 502/341/481 487/357/492 486/356/487
f 488/359/491 489/358/493 491/360/494 490/361/495
f 490/362/495 492/363/496 485/352/488 488/355/491
f 491/364/494 494/365/497 492/363/496 490/362/495
f 492/363/496 493/353/489 485/352/488
f 493/353/489 492/363/496 494/365/497 495/366/498
f 496/367/499 495/368/498 494/369/497
f 489/370/493 496/367/499 494/369/497 491/371/494
f 497/372/500 498/373/501 495/368/498 496/367/499
f 487/374/492 497/372/500 496/367/499 489/370/493
f 499/375/502 498/373/501 497/372/500
f 502/376/481 499/375/502 497/372/500 487/374/492
f 503/377/503 499/378/502 500/348/485
f 480/336/478 500/348/485 499/378/502
f 499/378/502 501/379/504 480/336/478
f 504/380/480 501/381/504 499/375/502 502/376/481
f 499/378/502 503/377/503 498/382/501
f 484/383/490 503/377/503 481/347/484
f 481/347/484 503/377/503 500/348/485
f 480/336/478 501/379/504 504/384/480 477/337/479
f 505/353/505 506/366/506 528/365/507 507/363/508
f 507/363/508 508/352/509 505/353/505
f 505/353/505 508/352/509 509/354/510
f 509/385/510 510/386/511 512/387/512
f 511/350/513 510/349/511 509/354/510
f 508/352/509 511/350/513 509/354/510
f 514/378/514 513/388/515 512/387/512
f 515/348/516 514/378/514 512/387/512
f 510/386/511 515/348/516 512/387/512
f 516/389/517 514/378/514 515/348/516
f 518/335/518 516/389/517 515/348/516 510/386/511
f 514/378/514 516/389/517 519/390/519
f 516/389/517 517/337/520 520/391/521 519/390/519
f 532/392/522 517/337/520 516/389/517 518/335/518
f 520/380/521 521/376/523 514/375/514 519/381/519
f 532/338/522 522/342/524 521/341/523 520/340/521 517/339/520
f 522/342/524 524/356/525 523/357/526 521/341/523
f 521/376/523 523/374/526 526/372/527 514/375/514
f 524/356/525 531/359/528 525/358/529 523/357/526
f 523/374/526 525/370/529 527/367/530 526/372/527
f 514/375/514 526/372/527 513/373/515
f 526/372/527 527/367/530 513/373/515
f 525/370/529 529/371/531 528/369/507 527/367/530
f 527/367/530 528/369/507 506/368/506
f 527/367/530 506/368/506 513/373/515
f 529/364/531 530/362/532 507/363/508 528/365/507
f 531/359/528 530/361/532 529/360/531 525/358/529
f 530/362/532 531/355/528 508/352/509 507/363/508
f 531/355/528 524/351/525 511/350/513 508/352/509
f 524/351/525 522/343/524 533/393/533 511/350/513
f 522/343/524 532/346/522 518/345/518 533/393/533
f 533/393/533 518/345/518 510/349/511
f 511/350/513 533/393/533 510/349/511
o male_player.005
v 0.020115 1.826862 0.108466
v 0.050043 1.825153 0.095021
v 0.017414 1.794306 0.120063
v -0.000073 1.824553 0.114503
v 0.025748 1.849623 0.086104
v -0.001346 1.850995 0.090953
v 0.057212 1.833031 0.075543
v 0.028308 1.878433 0.049691
v -0.000042 1.879857 0.055025
v 0.056306 1.860797 0.041361
v 0.000100 1.910187 0.010318
v 0.035588 1.902777 0.005841
v 0.069262 1.875783 0.004308
v 0.032505 1.867287 -0.049662
v 0.000089 1.869636 -0.050381
v 0.031532 1.827838 -0.098246
v 0.062426 1.857989 -0.044077
v 0.059306 1.821311 -0.073884
v 0.083132 1.845294 -0.033345
v 0.085468 1.820656 -0.041220
v 0.081067 1.825439 0.014422
v 0.081629 1.812471 0.056695
v 0.081860 1.798356 0.018623
v 0.076682 1.776523 0.033348
v 0.068887 1.730964 0.013641
v 0.076434 1.785707 0.014213
v 0.068388 1.773579 0.063641
v 0.065443 1.810961 0.064995
v 0.053643 1.792314 0.104003
v 0.067804 1.734363 0.054467
v 0.049758 1.726981 0.095035
v 0.056228 1.702211 0.057220
v 0.041790 1.699050 0.089952
v 0.026275 1.664955 0.065486
v 0.061422 1.700752 0.005172
v 0.025136 1.675220 0.026914
v 0.060318 1.613343 -0.011448
v 0.049438 1.713645 -0.055042
v 0.023147 1.758368 -0.101668
v 0.000100 1.715428 -0.079071
v 0.049438 1.759892 -0.080968
v 0.056343 1.623190 -0.077273
v 0.074213 1.736475 -0.026722
v 0.090426 1.741358 -0.018418
v 0.079700 1.787589 -0.034796
v 0.095932 1.780789 -0.024330
v 0.000100 1.626649 -0.101985
v -0.056143 1.623190 -0.077273
v -0.049238 1.713645 -0.055042
v -0.060118 1.613343 -0.011448
v -0.061223 1.700752 0.005172
v -0.033228 1.600509 0.012177
v -0.024937 1.675220 0.026914
v 0.000100 1.597016 0.022078
v 0.000100 1.668872 0.032405
v 0.033427 1.600509 0.012177
v 0.000100 1.661019 0.066526
v 0.000100 1.663594 0.088185
v -0.026076 1.664955 0.065486
v -0.056028 1.702211 0.057220
v -0.019956 1.665971 0.088347
v -0.041590 1.699050 0.089952
v 0.000100 1.669298 0.099321
v 0.000099 1.700419 0.101248
v 0.020156 1.665971 0.088347
v 0.000067 1.729407 0.107890
v 0.022391 1.729451 0.103183
v 0.000086 1.745079 0.110436
v 0.007017 1.741907 0.108832
v -0.022238 1.729192 0.103516
v -0.006853 1.741782 0.108974
v -0.005985 1.768538 0.108830
v -0.017214 1.794306 0.120063
v 0.000097 1.770482 0.112324
v 0.000100 1.792673 0.120201
v -0.053444 1.792314 0.104003
v -0.068189 1.773579 0.063641
v -0.085771 1.803885 0.067457
v -0.067604 1.734363 0.054467
v -0.076483 1.776523 0.033348
v -0.076235 1.785707 0.014213
v -0.068688 1.730964 0.013641
v -0.081662 1.798359 0.018623
v -0.080735 1.827672 0.015017
v -0.078938 1.824289 0.056981
v -0.058415 1.863787 0.047961
v -0.062053 1.834125 0.075223
v -0.029497 1.849270 0.089611
v -0.052983 1.824121 0.095610
v -0.020623 1.826359 0.109439
v -0.027976 1.879224 0.050679
v -0.035388 1.902777 0.005841
v -0.068592 1.875307 0.004998
v -0.032306 1.866563 -0.048839
v -0.031338 1.827685 -0.098086
v -0.062104 1.857430 -0.043354
v -0.059096 1.821237 -0.073795
v -0.082783 1.845475 -0.033020
v -0.085328 1.820764 -0.041305
v -0.079501 1.787589 -0.034796
v -0.095732 1.780789 -0.024330
v -0.074014 1.736475 -0.026722
v -0.049238 1.759892 -0.080968
v -0.022948 1.758368 -0.101668
v 0.000100 1.761392 -0.107648
v 0.000098 1.832502 -0.111181
v -0.090227 1.741358 -0.018418
v -0.049559 1.726981 0.095035
v 0.046320 1.852644 0.061671
v 0.045585 1.847968 0.068317
v 0.048202 1.853082 0.059232
v 0.048335 1.841738 0.073435
v 0.056277 1.850533 0.054360
v 0.056655 1.850094 0.054538
v 0.057167 1.834408 0.073848
v 0.053272 1.836387 0.075249
v 0.050458 1.853670 0.056228
v -0.063412 1.838054 0.068410
v -0.061507 1.838579 0.071130
v -0.059251 1.856966 0.054230
v -0.062604 1.849973 0.056315
v -0.064489 1.842047 0.062012
v -0.053493 1.861316 0.055050
v -0.051895 1.861850 0.055563
v -0.049941 1.861061 0.058119
v -0.047157 1.858135 0.064175
v -0.047460 1.860124 0.061281
v -0.059646 1.838026 0.073416
v -0.058009 1.858683 0.053603
v -0.046607 1.854716 0.068212
v -0.049283 1.847186 0.073517
v -0.054243 1.840957 0.075373
v 0.061737 1.831963 0.068507
v 0.058392 1.833037 0.073340
v 0.062663 1.835382 0.062368
v 0.060711 1.842394 0.056941
v 0.027412 1.796343 0.114793
v 0.025999 1.793834 0.116257
v 0.030998 1.799893 0.111989
v 0.034130 1.801470 0.110034
v 0.035787 1.801962 0.109111
v 0.044124 1.800368 0.105783
v 0.045939 1.799242 0.105311
v 0.041320 1.801523 0.106701
v 0.051238 1.792447 0.105069
v 0.049160 1.795988 0.104880
v 0.050136 1.794765 0.104826
v 0.038579 1.802017 0.107805
v 0.052585 1.790465 0.102850
v 0.053564 1.789335 0.100314
v 0.053903 1.783748 0.092846
v 0.053809 1.782884 0.091856
v 0.053664 1.789177 0.100001
v 0.052666 1.779743 0.089159
v 0.051372 1.760021 0.091541
v 0.052054 1.762692 0.090394
v 0.052271 1.764033 0.090020
v 0.052835 1.770958 0.089007
v 0.052838 1.777762 0.088907
v 0.049809 1.755010 0.094204
v 0.050701 1.757377 0.092697
v -0.005847 1.762591 0.109055
v -0.005841 1.764003 0.109024
v -0.006285 1.759289 0.108880
v -0.005998 1.768138 0.108832
v -0.019173 1.737325 0.104462
v -0.019349 1.737252 0.104377
v -0.021057 1.736625 0.103543
v -0.021117 1.736607 0.103514
v -0.018753 1.737628 0.104655
v -0.015992 1.739514 0.105641
v -0.011224 1.744871 0.107307
v -0.014595 1.740616 0.106137
v -0.008574 1.750092 0.108195
v -0.006745 1.756079 0.108765
v -0.008985 1.775631 0.111927
v -0.009253 1.776037 0.112099
v -0.006121 1.769322 0.109182
v -0.006030 1.768641 0.108875
v -0.006310 1.769988 0.109478
v -0.017717 1.789196 0.114583
v -0.016368 1.787534 0.114603
v -0.012475 1.781773 0.113738
v 0.006123 1.769321 0.109191
v 0.006075 1.768963 0.109029
v 0.009811 1.776873 0.112463
v 0.008990 1.775630 0.111935
v 0.006306 1.769966 0.109477
v 0.006035 1.768593 0.108916
v 0.005884 1.762581 0.109113
v 0.005881 1.764650 0.109077
v 0.006521 1.757688 0.108833
v 0.008550 1.750099 0.108158
v 0.006746 1.756079 0.108767
v 0.019023 1.737365 0.104359
v 0.016181 1.739319 0.105407
v 0.019126 1.737324 0.104321
v 0.014519 1.740636 0.106019
v 0.011174 1.744885 0.107230
v 0.021052 1.736604 0.103379
v 0.019421 1.737203 0.104177
v 0.021322 1.736520 0.103246
v 0.012553 1.781752 0.113859
v 0.017906 1.789310 0.114704
v 0.016447 1.787513 0.114725
v 0.030852 1.736260 0.100443
v 0.035773 1.738293 0.098906
v 0.032278 1.736768 0.100001
v 0.044447 1.745977 0.096077
v 0.048028 1.751289 0.094847
v 0.040309 1.741589 0.097448
v 0.022241 1.736264 0.102985
v 0.023577 1.735970 0.102604
v 0.025744 1.735674 0.101978
v 0.025358 1.735668 0.102091
v 0.019556 1.790625 0.115427
v 0.051776 1.791690 0.104079
v 0.022379 1.792194 0.115960
v -0.023742 1.735958 0.102767
v -0.025192 1.735712 0.102349
v -0.022323 1.736271 0.103172
v -0.026051 1.735725 0.102095
v -0.049609 1.754617 0.094216
v -0.044448 1.745977 0.096081
v -0.048021 1.751290 0.094809
v -0.035793 1.738288 0.099012
v -0.030817 1.736269 0.100627
v -0.032755 1.736958 0.100001
v -0.040319 1.741586 0.097500
v -0.051749 1.791748 0.104072
v -0.052483 1.790636 0.102956
v -0.051261 1.792435 0.104971
v -0.022323 1.792210 0.115920
v -0.019596 1.790694 0.115406
v -0.025897 1.793829 0.116214
v -0.053869 1.783757 0.092671
v -0.053794 1.783068 0.091881
v -0.053624 1.789319 0.100001
v -0.053624 1.789319 0.100001
v -0.052569 1.779702 0.088992
v -0.051359 1.760170 0.091235
v -0.051849 1.762089 0.090411
v -0.052169 1.764060 0.089862
v -0.052732 1.770986 0.088848
v -0.052735 1.777789 0.088748
v -0.050654 1.757389 0.092450
v -0.050130 1.794767 0.104858
v -0.041425 1.801319 0.107074
v -0.044344 1.800141 0.106055
v -0.045718 1.799301 0.105653
v -0.049305 1.795789 0.104960
v -0.036417 1.801793 0.109240
v -0.031227 1.799832 0.112148
v -0.027455 1.796331 0.114823
v -0.033745 1.801047 0.110666
v -0.038529 1.801831 0.108262
vn 0.2823 0.4883 0.8258
vn 0.6523 0.4009 0.6433
vn 0.7122 0.4497 0.5390
vn 0.3320 0.7003 0.6319
vn 0.3967 0.0105 0.9179
vn 0.6644 -0.1840 0.7244
vn 0.3087 -0.1369 0.9412
vn 0.4092 0.0501 0.9111
vn 0.4045 0.2792 0.8709
vn 0.0196 0.4401 0.8977
vn 0.0055 -0.0983 0.9951
vn 0.0260 0.7235 0.6898
vn 0.3617 0.7514 0.5519
vn 0.0260 0.8039 0.5942
vn 0.5460 0.6455 0.5341
vn 0.7053 0.5564 0.4393
vn 0.6949 0.5768 0.4294
vn 0.6436 0.5958 0.4805
vn 0.0001 0.9997 0.0233
vn 0.3805 0.9245 -0.0233
vn 0.3170 0.7701 -0.5535
vn -0.0085 0.8269 -0.5622
vn 0.7510 0.6589 0.0428
vn 0.6469 0.5967 -0.4748
vn 0.4469 0.3818 -0.8090
vn -0.0056 0.4439 -0.8961
vn 0.6986 0.2188 -0.6812
vn 0.9108 0.3420 -0.2310
vn 0.9398 0.0515 -0.3379
vn 0.9685 0.2156 0.1245
vn 0.9793 -0.0630 0.1921
vn 0.8497 -0.0667 0.5230
vn 0.9846 -0.1442 0.0986
vn 0.9430 -0.0368 0.3307
vn 0.9505 -0.1957 0.2412
vn 0.9414 -0.3212 0.1029
vn 0.9865 -0.1483 0.0687
vn 0.7754 -0.1133 0.6212
vn 0.4824 -0.6550 0.5816
vn 0.5719 -0.6442 0.5079
vn 0.7165 -0.4339 0.5463
vn 0.8521 0.0073 0.5233
vn 0.8861 -0.0446 0.4613
vn 0.8372 -0.0482 0.5448
vn 0.6536 -0.1667 0.7382
vn 0.8948 -0.0597 0.4424
vn 0.6470 -0.3746 0.6641
vn 0.8575 -0.4870 0.1656
vn 0.9434 -0.3209 0.0837
vn 0.4388 -0.7138 0.5459
vn 0.4994 -0.8657 0.0347
vn 0.6220 -0.6263 0.4700
vn 0.4555 -0.1370 0.8796
vn 0.9145 -0.0420 0.4023
vn 0.8058 -0.1557 -0.5714
vn 0.7766 -0.4716 -0.4176
vn 0.7990 0.1706 -0.5766
vn 0.4395 -0.2875 -0.8510
vn 0.7223 -0.2074 -0.6598
vn -0.0008 -0.2827 -0.9592
vn -0.0000 -0.2171 -0.9762
vn -0.0000 0.2608 -0.9654
vn 0.8981 -0.0289 -0.4389
vn 0.8431 -0.5013 -0.1947
vn 0.9074 0.3381 -0.2497
vn -0.7990 0.1706 -0.5766
vn -0.8058 -0.1557 -0.5714
vn -0.9145 -0.0420 0.4023
vn -0.9434 -0.3209 0.0837
vn -0.4555 -0.1370 0.8796
vn -0.6220 -0.6263 0.4700
vn -0.0000 -0.1528 0.9883
vn -0.0000 -0.8494 0.5277
vn -0.4994 -0.8657 0.0347
vn -0.0000 -0.9977 -0.0680
vn -0.0000 -0.9606 0.2780
vn -0.4388 -0.7138 0.5459
vn -0.8575 -0.4870 0.1656
vn -0.6474 -0.3762 0.6628
vn -0.0000 -0.5007 0.8656
vn 0.0018 -0.2128 0.9771
vn 0.0061 -0.2150 0.9766
vn -0.2663 -0.1308 0.9550
vn 0.2661 -0.1273 0.9555
vn 0.2766 -0.0797 0.9577
vn -0.2644 -0.0782 0.9612
vn 0.0058 -0.0779 0.9969
vn -0.3454 -0.0242 0.9381
vn 0.0016 -0.2640 0.9645
vn -0.2587 -0.1927 0.9465
vn -0.3450 -0.0260 0.9382
vn -0.3339 0.0237 0.9423
vn -0.3553 0.0206 0.9345
vn -0.1363 -0.3939 0.9090
vn -0.2983 -0.1484 0.9429
vn -0.1654 -0.4050 0.8992
vn -0.5415 -0.5895 0.5993
vn -0.6528 -0.5233 0.5478
vn 0.1658 -0.4049 0.8992
vn 0.2687 -0.1839 0.9455
vn 0.1368 -0.3938 0.9089
vn 0.3519 -0.0276 0.9356
vn 0.3516 -0.0292 0.9357
vn 0.3611 0.0150 0.9324
vn 0.3340 0.0199 0.9424
vn 0.5413 -0.5896 0.5994
vn 0.6525 -0.5235 0.5479
vn 0.2871 0.0283 0.9575
vn 0.2594 -0.6944 0.6712
vn 0.2449 -0.6448 0.7241
vn -0.2561 0.4539 0.8535
vn -0.6579 -0.1665 0.7345
vn -0.2973 0.0290 0.9543
vn -0.8379 -0.0482 0.5437
vn -0.5587 -0.2750 0.7824
vn -0.4824 -0.6549 0.5817
vn -0.2449 -0.6447 0.7242
vn -0.3900 -0.0127 0.9207
vn -0.4022 0.0244 0.9152
vn -0.2594 -0.6944 0.6712
vn -0.8973 -0.2310 0.3761
vn -0.7165 -0.4339 0.5462
vn -0.5719 -0.6442 0.5079
vn -0.8862 -0.0446 0.4612
vn -0.8521 0.0073 0.5233
vn -0.9660 0.0286 0.2571
vn -0.9839 -0.1766 0.0261
vn -0.5834 0.3332 0.7407
vn -0.9505 -0.1957 0.2412
vn -0.8949 -0.0598 0.4423
vn -0.9414 -0.3212 0.1029
vn -0.9865 -0.1486 0.0687
vn -0.9809 -0.0690 0.1819
vn -0.9739 0.2036 0.1005
vn -0.9230 0.3264 0.2038
vn -0.6678 0.6193 0.4129
vn -0.7559 0.6546 -0.0127
vn -0.7551 0.4914 0.4339
vn -0.7057 0.5359 0.4635
vn -0.6378 0.5465 0.5427
vn -0.6703 0.5642 0.4821
vn -0.4601 0.6892 0.5597
vn -0.2955 0.6880 0.6629
vn -0.2795 0.7862 0.5511
vn -0.3992 0.2455 0.8834
vn -0.3724 0.9265 -0.0538
vn -0.3258 0.7681 -0.5512
vn -0.6412 0.6036 -0.4738
vn -0.4523 0.3845 -0.8047
vn -0.6967 0.2267 -0.6806
vn -0.9383 0.0586 -0.3408
vn -0.9057 0.3554 -0.2309
vn -0.8980 -0.0292 -0.4391
vn -0.7221 -0.2069 -0.6601
vn -0.9074 0.3381 -0.2497
vn -0.7766 -0.4716 -0.4176
vn -0.8431 -0.5013 -0.1947
vn -0.4400 -0.2869 -0.8509
vn 0.7513 0.5219 0.4040
vt 0.700370 0.887367
vt 0.743573 0.892732
vt 0.741749 0.924836
vt 0.706861 0.933167
vt 0.744160 0.846348
vt 0.747380 0.846253
vt 0.698870 0.847676
vt 0.710366 0.847339
vt 0.712176 0.850608
vt 0.716888 0.855341
vt 0.721087 0.857593
vt 0.723326 0.858362
vt 0.727119 0.858652
vt 0.730847 0.858206
vt 0.734650 0.856848
vt 0.737100 0.855431
vt 0.741409 0.851132
vt 0.742705 0.849489
vt 0.675687 0.883969
vt 0.675687 0.844677
vt 0.675687 0.933026
vt 0.732934 0.965117
vt 0.675687 0.982551
vt 0.759025 0.949716
vt 0.759230 0.949329
vt 0.770196 0.964693
vt 0.743160 0.926813
vt 0.738673 0.927616
vt 0.735915 0.932583
vt 0.737543 0.939608
vt 0.743473 0.946299
vt 0.747230 0.948046
vt 0.751865 0.950315
vt 0.889909 0.965937
vt 0.789078 0.990492
vt 0.782183 0.947536
vt 0.797031 0.916867
vt 0.881092 0.933798
vt 0.942928 0.904758
vt 0.964703 0.922724
vt 0.866833 0.897595
vt 0.920907 0.886858
vt 0.963188 0.852107
vt 0.992759 0.860301
vt 0.933729 0.845347
vt 0.898522 0.867336
vt 0.898241 0.842786
vt 0.855269 0.866726
vt 0.845557 0.825544
vt 0.814802 0.866210
vt 0.829172 0.806758
vt 0.797345 0.799424
vt 0.807491 0.762281
vt 0.848636 0.759364
vt 0.849523 0.819018
vt 0.808807 0.846276
vt 0.767123 0.825038
vt 0.771194 0.886443
vt 0.788562 0.907618
vt 0.745963 0.843865
vt 0.747274 0.842596
vt 0.747408 0.842414
vt 0.747728 0.835794
vt 0.747602 0.834725
vt 0.746071 0.830746
vt 0.745252 0.810171
vt 0.744339 0.806884
vt 0.746301 0.828382
vt 0.746297 0.820198
vt 0.745543 0.811807
vt 0.742246 0.800626
vt 0.742178 0.766456
vt 0.766341 0.776340
vt 0.743344 0.803584
vt 0.731509 0.729057
vt 0.750841 0.733289
vt 0.804771 0.727708
vt 0.858451 0.728463
vt 0.702541 0.684765
vt 0.710735 0.683405
vt 0.736812 0.670137
vt 0.694466 0.669333
vt 0.703913 0.628924
vt 0.755285 0.628711
vt 0.702176 0.564668
vt 0.735265 0.565672
vt 0.925573 0.740748
vt 0.897872 0.768139
vt 0.865878 0.655696
vt 0.931980 0.658057
vt 0.973034 0.790471
vt 0.943292 0.790886
vt 0.995311 0.792371
vt 0.983298 0.742176
vt 0.995268 0.664728
vt 0.903409 0.818532
vt 0.883555 0.776615
vt 0.888795 0.815292
vt 0.588131 0.628711
vt 0.608151 0.565672
vt 0.641240 0.564668
vt 0.639503 0.628924
vt 0.671708 0.565276
vt 0.671708 0.629173
vt 0.648951 0.669333
vt 0.671708 0.668427
vt 0.640639 0.683405
vt 0.675687 0.678134
vt 0.675687 0.681582
vt 0.648833 0.684765
vt 0.606604 0.670137
vt 0.600533 0.733289
vt 0.619865 0.729057
vt 0.675687 0.689220
vt 0.675687 0.733205
vt 0.675687 0.758877
vt 0.648043 0.764540
vt 0.703331 0.764540
vt 0.687323 0.774323
vt 0.664051 0.774323
vt 0.675687 0.772880
vt 0.667391 0.803452
vt 0.675687 0.821533
vt 0.669156 0.818840
vt 0.669080 0.818174
vt 0.668656 0.811179
vt 0.668449 0.808799
vt 0.649409 0.774945
vt 0.666380 0.798240
vt 0.663503 0.789038
vt 0.660092 0.781906
vt 0.656342 0.777234
vt 0.654869 0.776367
vt 0.651977 0.775099
vt 0.651520 0.774891
vt 0.651330 0.774886
vt 0.649474 0.774938
vt 0.669089 0.818955
vt 0.652504 0.847676
vt 0.664310 0.827232
vt 0.664684 0.826772
vt 0.668574 0.820445
vt 0.668885 0.819705
vt 0.651830 0.841609
vt 0.653768 0.839803
vt 0.659472 0.833514
vt 0.687601 0.828161
vt 0.682063 0.818904
vt 0.682162 0.819290
vt 0.682268 0.819685
vt 0.682567 0.820401
vt 0.686457 0.826752
vt 0.684299 0.800694
vt 0.682738 0.808663
vt 0.682446 0.812177
vt 0.684803 0.798069
vt 0.702020 0.774527
vt 0.701726 0.774499
vt 0.699961 0.774464
vt 0.699643 0.774475
vt 0.699537 0.774479
vt 0.696560 0.775829
vt 0.694806 0.776886
vt 0.691078 0.781612
vt 0.687675 0.788809
vt 0.699529 0.841744
vt 0.691717 0.833506
vt 0.697433 0.839791
vt 0.739750 0.796024
vt 0.734716 0.789312
vt 0.728875 0.783481
vt 0.722444 0.778717
vt 0.717482 0.776227
vt 0.715458 0.775340
vt 0.708227 0.773820
vt 0.707682 0.773762
vt 0.705178 0.773972
vt 0.703305 0.774248
vt 0.701745 0.843322
vt 0.705529 0.845251
vt 0.744908 0.845340
vt 0.651004 0.887367
vt 0.609196 0.766456
vt 0.647724 0.774573
vt 0.645734 0.774273
vt 0.643699 0.774089
vt 0.642487 0.774210
vt 0.635738 0.775563
vt 0.632981 0.776735
vt 0.628663 0.778860
vt 0.622237 0.783565
vt 0.616396 0.789354
vt 0.611362 0.796041
vt 0.609129 0.800148
vt 0.603994 0.846253
vt 0.605281 0.844085
vt 0.606238 0.845424
vt 0.606917 0.846339
vt 0.640878 0.847335
vt 0.645654 0.845272
vt 0.649307 0.843408
vt 0.584251 0.825038
vt 0.605165 0.830708
vt 0.603524 0.834973
vt 0.603424 0.835825
vt 0.603752 0.842606
vt 0.603752 0.842607
vt 0.606785 0.807083
vt 0.606130 0.809444
vt 0.605701 0.811851
vt 0.604946 0.820242
vt 0.604943 0.828426
vt 0.607801 0.892732
vt 0.580180 0.886443
vt 0.585033 0.776340
vt 0.607838 0.803612
vt 0.585474 0.945495
vt 0.587720 0.955528
vt 0.581178 0.964693
vt 0.562812 0.907618
vt 0.609625 0.924836
vt 0.605353 0.930820
vt 0.599254 0.929645
vt 0.589802 0.934612
vt 0.609176 0.929126
vt 0.644513 0.933167
vt 0.618440 0.965117
vt 0.588057 0.957093
vt 0.593857 0.957342
vt 0.596005 0.957138
vt 0.600535 0.954764
vt 0.606032 0.952022
vt 0.609038 0.949072
vt 0.613326 0.944674
vt 0.616310 0.936723
vt 0.614745 0.930816
vt 0.639052 0.850649
vt 0.608658 0.849570
vt 0.609862 0.850974
vt 0.614997 0.855691
vt 0.616913 0.856759
vt 0.620924 0.858152
vt 0.624837 0.858605
vt 0.627651 0.858378
vt 0.631137 0.857175
vt 0.634373 0.855404
vt 0.745131 0.925456
vt 0.762218 0.940246
vt 0.759961 0.931073
vt 0.753492 0.925628
s 1
usemtl moth
f 534/394/534 535/395/535 540/396/536 538/397/537
f 678/398/538 562/399/539 535/395/535 534/394/534 536/400/540 671/401/541 670/402/542 672/403/542 673/404/542 674/405/542 681/406/542 677/407/542 675/408/542 676/409/542 679/410/542 680/411/542
f 536/400/540 534/394/534 537/412/543 608/413/544
f 537/412/543 534/394/534 538/397/537 539/414/545
f 539/414/545 538/397/537 541/415/546 542/416/547
f 646/417/548 647/418/549 543/419/550 541/415/546 538/397/537 540/396/536 648/420/551 649/421/548 645/422/548 643/423/548 642/424/548 644/425/548 650/426/548
f 544/427/552 542/428/547 541/429/546
f 541/429/546 543/430/550 545/431/553
f 545/431/553 544/427/552 541/429/546
f 544/427/552 545/431/553 547/432/554 548/433/555
f 545/431/553 546/434/556 550/435/557 547/432/554
f 543/430/550 546/434/556 545/431/553
f 548/433/555 547/432/554 549/436/558 639/437/559
f 547/432/554 550/435/557 551/438/560 549/436/558
f 551/438/560 550/435/557 552/439/561 553/440/562
f 546/434/556 554/441/563 552/439/561 550/435/557
f 552/439/561 554/441/563 556/442/564 553/440/562
f 555/443/565 557/444/566 554/441/563
f 543/430/550 555/443/565 554/441/563 546/434/556
f 556/442/564 554/441/563 557/444/566
f 560/445/567 563/446/568 558/447/569 557/444/566
f 557/444/566 558/447/569 559/448/570
f 559/448/570 556/442/564 557/444/566
f 560/445/567 557/444/566 561/449/571
f 557/444/566 555/443/565 561/449/571
f 535/395/535 562/399/539 560/450/567 561/451/571
f 535/395/535 561/451/571 540/396/536
f 540/396/536 561/451/571 555/452/565
f 560/450/567 562/399/539 682/453/572 683/454/573 686/455/573 684/456/573 685/457/573 687/458/574
f 689/459/575 688/460/576 560/450/567 687/458/574 692/461/575 691/462/575 690/463/575
f 693/464/577 564/465/578 563/466/568 560/450/567 688/460/576 694/467/579
f 563/466/568 564/465/578 566/468/580 565/469/581
f 563/446/568 565/470/581 568/471/582 558/447/569
f 565/469/581 566/468/580 598/472/583 567/473/584
f 565/474/581 567/475/584 569/476/585 568/477/582
f 568/477/582 569/476/585 589/478/586 570/479/587
f 568/471/582 571/480/588 576/481/589 558/447/569
f 570/482/587 575/483/590 571/480/588 568/471/582
f 572/484/591 574/485/592 571/480/588
f 638/486/593 572/484/591 571/480/588 573/487/594
f 573/487/594 571/480/588 575/483/590 580/488/595
f 576/481/589 571/480/588 574/485/592 578/489/596
f 577/490/597 558/447/569 576/481/589
f 579/491/598 577/490/597 576/481/589 578/489/596
f 559/448/570 579/491/598 578/489/596
f 559/448/570 578/489/596 553/440/562 556/442/564
f 551/438/560 553/440/562 578/489/596 574/485/592
f 559/448/570 558/447/569 577/490/597 579/491/598
f 573/487/594 580/488/595 581/483/599 582/480/600
f 583/482/601 584/471/602 582/480/600 581/483/599
f 584/492/602 583/493/601 585/494/603 586/495/604
f 586/495/604 585/494/603 587/496/605 588/497/606
f 569/476/585 588/497/606 587/496/605 589/478/586
f 592/498/607 586/495/604 588/497/606 590/499/608
f 567/475/584 590/499/608 588/497/606 569/476/585
f 592/500/607 590/501/608 591/502/609 594/503/610
f 567/473/584 598/472/583 591/502/609 590/501/608
f 593/504/611 584/492/602 586/495/604 592/498/607
f 593/505/611 592/500/607 594/503/610 595/506/612
f 595/506/612 594/503/610 596/507/613 597/508/614
f 594/503/610 591/502/609 596/507/613
f 566/468/580 597/508/614 596/507/613 598/472/583
f 598/472/583 596/507/613 591/502/609
f 595/506/612 597/508/614 599/509/615 603/510/616
f 566/468/580 600/511/617 599/509/615 597/508/614
f 602/512/618 599/509/615 600/511/617
f 604/513/619 599/509/615 601/514/620
f 602/512/618 601/514/620 599/509/615
f 604/513/619 603/510/616 599/509/615
f 697/515/621 604/513/619 601/514/620 607/516/622 605/517/623 698/518/624 696/519/624 695/520/624
f 702/521/625 603/510/616 604/513/619 697/515/621 708/522/626 707/523/626 705/524/626 706/525/626 704/526/626 703/527/626 699/528/626 700/529/626 701/530/626
f 712/531/627 605/517/623 607/516/622 608/413/544 606/532/628 710/533/629 709/534/627 713/535/627 711/536/627
f 710/533/629 606/532/628 714/537/630 715/538/631 716/539/631
f 719/540/632 536/400/540 608/413/544 607/516/622 722/541/633 718/542/634 717/543/634 721/544/634 720/545/634
f 607/516/622 601/514/620 602/512/618 725/546/635 723/547/636 724/548/636 722/541/633
f 727/549/637 725/546/635 602/512/618 600/511/617 735/550/638 733/551/637 734/552/637 730/553/637 728/554/637 729/555/637 731/556/637 732/557/637 726/558/637
f 737/559/639 536/400/540 719/540/632 736/560/640 738/561/640
f 600/511/617 564/465/578 693/464/577 743/562/641 742/563/641 744/564/641 740/565/641 741/566/641 739/567/641 747/568/641 748/569/641 746/570/641 745/571/641 735/550/638
f 671/401/541 536/400/540 737/559/639 749/572/642 751/573/642
f 750/574/643 682/453/572 562/399/539 678/398/538
f 606/532/628 608/413/544 537/412/543 623/575/644
f 641/576/645 603/510/616 702/521/625 754/577/646 752/578/646 753/579/646 755/580/646 760/581/646 761/582/646 759/583/646 762/584/646 757/585/646 758/586/646 756/587/647
f 609/588/648 764/589/649 763/590/650 765/591/651
f 714/537/630 606/532/628 768/592/652 766/593/653 767/594/653
f 609/588/648 610/595/654 773/596/655 770/597/656 769/598/656 771/599/656 772/600/656 764/589/649
f 773/596/655 610/595/654 774/601/657 775/602/658 776/603/658 777/604/658 778/605/658
f 610/445/654 611/449/659 613/444/660
f 622/606/661 611/607/659 610/595/654 609/588/648
f 610/595/654 612/608/662 641/576/645 756/587/647 779/609/663 774/601/657
f 610/445/654 613/444/660 615/447/664 612/446/662
f 614/448/665 613/444/660 616/442/666
f 613/444/660 614/448/665 615/447/664
f 616/442/666 613/444/660 617/441/667
f 618/443/668 617/441/667 613/444/660
f 611/449/659 618/443/668 613/444/660
f 619/430/669 626/434/670 617/441/667 618/443/668
f 654/610/671 653/611/672 619/612/669 618/613/668 620/614/673 652/615/674 651/616/671 655/617/671
f 611/607/659 620/614/673 618/613/668
f 661/618/675 652/615/674 620/614/673 621/619/676 624/620/677 619/612/669 653/611/672 662/621/675 656/622/675 657/623/675 658/624/675 660/625/675 659/626/675 663/627/675 664/628/675 665/629/675
f 623/575/644 621/619/676 620/614/673 622/606/661
f 622/606/661 620/614/673 611/607/659
f 787/630/678 768/592/652 606/532/628 623/575/644 622/606/661 609/588/648 765/591/651 780/631/678 784/632/678 783/633/678 782/634/678 781/635/678 789/636/678 785/637/678 788/638/678 786/639/678
f 537/412/543 539/414/545 621/619/676 623/575/644
f 539/414/545 542/416/547 624/620/677 621/619/676
f 619/430/669 624/429/677 625/431/679
f 544/427/552 625/431/679 624/429/677
f 542/428/547 544/427/552 624/429/677
f 544/427/552 548/433/555 627/432/680 625/431/679
f 619/430/669 625/431/679 626/434/670
f 625/431/679 627/432/680 629/435/681 626/434/670
f 627/432/680 628/436/682 630/438/683 629/435/681
f 548/433/555 639/437/559 628/436/682 627/432/680
f 630/438/683 632/440/684 631/439/685 629/435/681
f 626/434/670 629/435/681 631/439/685 617/441/667
f 631/439/685 632/440/684 616/442/666 617/441/667
f 614/448/665 616/442/666 632/440/684 633/489/686
f 630/438/683 636/485/687 633/489/686 632/440/684
f 614/448/665 633/489/686 634/491/688
f 634/491/688 633/489/686 635/481/689 640/490/690
f 635/481/689 633/489/686 636/485/687 582/480/600
f 637/484/691 582/480/600 636/485/687
f 628/436/682 637/484/691 636/485/687 630/438/683
f 638/486/593 573/487/594 582/480/600 637/484/691
f 639/437/559 638/486/593 637/484/691 628/436/682
f 639/437/559 549/436/558 572/484/591 638/486/593
f 640/490/690 635/481/689 615/447/664
f 584/471/602 615/447/664 635/481/689 582/480/600
f 614/448/665 634/491/688 640/490/690 615/447/664
f 612/446/662 615/447/664 584/471/602 593/470/611
f 612/608/662 593/505/611 595/506/612 641/576/645
f 641/576/645 595/506/612 603/510/616
f 564/465/578 600/511/617 566/468/580
f 549/436/558 551/438/560 574/485/592 572/484/591
f 667/640/692 648/420/551 540/396/536 555/452/565 543/419/550 647/418/549 669/641/692 668/642/692 666/643/692
o male_player.003
v 0.054247 1.777384 0.091091
v 0.053826 1.770693 0.090542
v 0.052489 1.763974 0.090357
v 0.055277 1.783380 0.100001
v 0.055959 1.776926 0.100001
v 0.055643 1.770206 0.100001
v 0.054341 1.763478 0.100001
v 0.052105 1.757001 0.100001
v 0.049018 1.751023 0.100001
v 0.045201 1.745775 0.100001
v 0.040800 1.741457 0.100001
v 0.035983 1.738237 0.100001
v 0.050034 1.794793 0.105358
v 0.052314 1.789670 0.106820
v 0.053737 1.783792 0.108019
v 0.054247 1.777384 0.108910
v 0.053826 1.770693 0.109459
v 0.052489 1.763974 0.109644
v 0.050287 1.757488 0.109459
v 0.047307 1.751482 0.108910
v 0.043661 1.746188 0.108019
v 0.039490 1.741809 0.106820
v 0.034954 1.738513 0.105358
v 0.030228 1.736427 0.103691
v 0.044965 1.799503 0.106820
v 0.047103 1.795578 0.109900
v 0.048583 1.790670 0.112601
v 0.049349 1.784968 0.114817
v 0.049372 1.778691 0.116463
v 0.048651 1.772079 0.117477
v 0.047212 1.765388 0.117820
v 0.045112 1.758874 0.117477
v 0.042432 1.752788 0.116463
v 0.039273 1.747363 0.114817
v 0.035759 1.742808 0.112601
v 0.032023 1.739298 0.109900
v 0.028209 1.736968 0.106820
v 0.024464 1.735907 0.103477
v 0.041943 1.800312 0.108910
v 0.042715 1.796753 0.112935
v 0.042999 1.792166 0.116463
v 0.042783 1.786727 0.119359
v 0.042076 1.780645 0.121510
v 0.040905 1.774155 0.122835
v 0.039315 1.767504 0.123282
v 0.037367 1.760950 0.122835
v 0.035136 1.754743 0.121510
v 0.032707 1.749123 0.119359
v 0.030175 1.744304 0.116463
v 0.027635 1.740474 0.112935
v 0.025187 1.737778 0.108910
v 0.022923 1.736320 0.104543
v 0.038378 1.801267 0.109644
v 0.037540 1.798140 0.114001
v 0.036412 1.793931 0.117820
v 0.035038 1.788803 0.120954
v 0.033470 1.782951 0.123282
v 0.031769 1.776603 0.124716
v 0.030000 1.770000 0.125200
v 0.028231 1.763398 0.124716
v 0.026530 1.757049 0.123282
v 0.024962 1.751198 0.120954
v 0.023588 1.746069 0.117820
v 0.022460 1.741860 0.114001
v 0.021622 1.738733 0.109644
v 0.021106 1.736807 0.104917
v 0.032365 1.799527 0.112935
v 0.029826 1.795696 0.116463
v 0.027293 1.790878 0.119359
v 0.024864 1.785257 0.121510
v 0.022633 1.779051 0.122835
v -0.005985 1.768538 0.108830
v 0.020685 1.772496 0.123282
v 0.019095 1.765846 0.122835
v 0.017924 1.759355 0.121510
v 0.017217 1.753273 0.119359
v 0.017001 1.747834 0.116463
v 0.017285 1.743247 0.112935
v 0.018057 1.739688 0.108910
v 0.019289 1.737294 0.104543
v 0.017569 1.787212 0.116463
v 0.014888 1.781126 0.117477
v 0.012788 1.774612 0.117820
v 0.011350 1.767921 0.117477
v 0.010628 1.761310 0.116463
v 0.010651 1.755033 0.114817
v 0.011417 1.749330 0.112601
v 0.012898 1.744423 0.109900
v 0.015035 1.740498 0.106820
v 0.006175 1.769308 0.109459
v -0.054247 1.777384 0.091091
v -0.053826 1.770693 0.090542
v -0.052489 1.763974 0.090357
v -0.055277 1.783380 0.100001
v -0.055959 1.776926 0.100001
v -0.055643 1.770206 0.100001
v -0.054341 1.763478 0.100001
v -0.052105 1.757001 0.100001
v -0.049018 1.751023 0.100001
v -0.045201 1.745775 0.100001
v -0.040800 1.741457 0.100001
v -0.035983 1.738237 0.100001
v -0.050034 1.794793 0.105358
v -0.052314 1.789670 0.106820
v -0.053737 1.783792 0.108019
v -0.054247 1.777384 0.108910
v -0.053826 1.770693 0.109459
v -0.052489 1.763974 0.109644
v -0.050287 1.757488 0.109459
v -0.047307 1.751482 0.108910
v -0.043661 1.746188 0.108019
v -0.039490 1.741809 0.106820
v -0.034954 1.738513 0.105358
v -0.030228 1.736427 0.103691
v -0.044965 1.799503 0.106820
v -0.047103 1.795578 0.109900
v -0.048583 1.790670 0.112601
v -0.049349 1.784968 0.114817
v -0.049372 1.778691 0.116463
v -0.048651 1.772079 0.117477
v -0.047212 1.765388 0.117820
v -0.045112 1.758874 0.117477
v -0.042432 1.752788 0.116463
v -0.039273 1.747363 0.114817
v -0.035759 1.742808 0.112601
v -0.032023 1.739298 0.109900
v -0.028209 1.736968 0.106820
v -0.024464 1.735907 0.103477
v -0.041943 1.800312 0.108910
v -0.042715 1.796753 0.112935
v -0.042999 1.792166 0.116463
v -0.042783 1.786727 0.119359
v -0.042076 1.780645 0.121510
v -0.040905 1.774155 0.122835
v -0.039315 1.767504 0.123282
v -0.037367 1.760950 0.122835
v -0.035136 1.754743 0.121510
v -0.032707 1.749123 0.119359
v -0.030175 1.744304 0.116463
v -0.027635 1.740474 0.112935
v -0.025187 1.737778 0.108910
v -0.022923 1.736320 0.104543
v -0.038378 1.801267 0.109644
v -0.037540 1.798140 0.114001
v -0.036412 1.793931 0.117820
v -0.035038 1.788803 0.120954
v -0.033470 1.782951 0.123282
v -0.031769 1.776603 0.124716
v -0.030000 1.770000 0.125200
v -0.028231 1.763398 0.124716
v -0.026530 1.757049 0.123282
v -0.024962 1.751198 0.120954
v -0.023588 1.746069 0.117820
v -0.022460 1.741860 0.114001
v -0.021622 1.738733 0.109644
v -0.021106 1.736807 0.104917
v -0.032365 1.799527 0.112935
v -0.029826 1.795696 0.116463
v -0.027293 1.790878 0.119359
v -0.024864 1.785257 0.121510
v -0.022633 1.779051 0.122835
v -0.020685 1.772496 0.123282
v -0.019095 1.765846 0.122835
v -0.017924 1.759355 0.121510
v -0.017217 1.753273 0.119359
v -0.017001 1.747834 0.116463
v -0.017285 1.743247 0.112935
v -0.018057 1.739688 0.108910
v -0.019289 1.737294 0.104543
v -0.017569 1.787212 0.116463
v -0.014888 1.781126 0.117477
v -0.012788 1.774612 0.117820
v -0.011350 1.767921 0.117477
v -0.010628 1.761310 0.116463
v -0.010651 1.755033 0.114817
v -0.011417 1.749330 0.112601
v -0.012898 1.744423 0.109900
v -0.015035 1.740498 0.106820
v -0.006175 1.769308 0.109459
v 0.027412 1.796343 0.114793
v 0.025999 1.793834 0.116257
v 0.030998 1.799893 0.111989
v 0.034130 1.801470 0.110034
v 0.035787 1.801962 0.109111
v 0.044124 1.800368 0.105783
v 0.045939 1.799242 0.105311
v 0.041320 1.801523 0.106701
v 0.051238 1.792447 0.105069
v 0.049160 1.795988 0.104880
v 0.050136 1.794765 0.104826
v 0.038579 1.802017 0.107805
v 0.052585 1.790465 0.102850
v 0.053564 1.789335 0.100314
v 0.053903 1.783748 0.092846
v 0.053809 1.782884 0.091856
v 0.053664 1.789177 0.100001
v 0.052666 1.779743 0.089159
v 0.051372 1.760021 0.091541
v 0.052054 1.762692 0.090394
v 0.052271 1.764033 0.090020
v 0.052835 1.770958 0.089007
v 0.052838 1.777762 0.088907
v 0.049809 1.755010 0.094204
v 0.050701 1.757377 0.092697
v -0.005847 1.762591 0.109055
v -0.005841 1.764003 0.109024
v -0.006285 1.759289 0.108880
v -0.005998 1.768138 0.108832
v -0.019173 1.737325 0.104462
v -0.019349 1.737252 0.104377
v -0.021057 1.736625 0.103543
v -0.021117 1.736607 0.103514
v -0.006013 1.768526 0.108816
v -0.006011 1.768474 0.108821
v -0.018753 1.737628 0.104655
v -0.015992 1.739514 0.105641
v -0.011224 1.744871 0.107307
v -0.014595 1.740616 0.106137
v -0.008574 1.750092 0.108195
v -0.006745 1.756079 0.108765
v -0.008985 1.775631 0.111927
v -0.009253 1.776037 0.112099
v -0.006121 1.769322 0.109182
v -0.006030 1.768641 0.108875
v -0.006310 1.769988 0.109478
v -0.006016 1.768568 0.108821
v -0.017717 1.789196 0.114583
v -0.016368 1.787534 0.114603
v -0.012475 1.781773 0.113738
v 0.006123 1.769321 0.109191
v 0.006075 1.768963 0.109029
v 0.009811 1.776873 0.112463
v 0.008990 1.775630 0.111935
v 0.006306 1.769966 0.109477
v 0.006035 1.768593 0.108916
v 0.005884 1.762581 0.109113
v 0.005881 1.764650 0.109077
v 0.006521 1.757688 0.108833
v 0.008550 1.750099 0.108158
v 0.006746 1.756079 0.108767
v 0.019023 1.737365 0.104359
v 0.016181 1.739319 0.105407
v 0.019126 1.737324 0.104321
v 0.014519 1.740636 0.106019
v 0.011174 1.744885 0.107230
v 0.021052 1.736604 0.103379
v 0.019421 1.737203 0.104177
v 0.021322 1.736520 0.103246
v 0.012553 1.781752 0.113859
v 0.017906 1.789310 0.114704
v 0.016447 1.787513 0.114725
v 0.030852 1.736260 0.100443
v 0.035773 1.738293 0.098906
v 0.032278 1.736768 0.100001
v 0.044447 1.745977 0.096077
v 0.048028 1.751289 0.094847
v 0.040309 1.741589 0.097448
v 0.022241 1.736264 0.102985
v 0.023577 1.735970 0.102604
v 0.025744 1.735674 0.101978
v 0.025358 1.735668 0.102091
v 0.019556 1.790625 0.115427
v 0.051776 1.791690 0.104079
v 0.022379 1.792194 0.115960
v -0.023742 1.735958 0.102767
v -0.025192 1.735712 0.102349
v -0.022323 1.736271 0.103172
v -0.026051 1.735725 0.102095
v -0.049609 1.754617 0.094216
v -0.044448 1.745977 0.096081
v -0.048021 1.751290 0.094809
v -0.035793 1.738288 0.099012
v -0.030817 1.736269 0.100627
v -0.032755 1.736958 0.100001
v -0.040319 1.741586 0.097500
v -0.051749 1.791748 0.104072
v -0.052483 1.790636 0.102956
v -0.051261 1.792435 0.104971
v -0.022323 1.792210 0.115920
v -0.019596 1.790694 0.115406
v -0.025897 1.793829 0.116214
v -0.053869 1.783757 0.092671
v -0.053794 1.783068 0.091881
v -0.053624 1.789319 0.100001
v -0.053624 1.789319 0.100001
v -0.052569 1.779702 0.088992
v -0.051359 1.760170 0.091235
v -0.051849 1.762089 0.090411
v -0.052169 1.764060 0.089862
v -0.052732 1.770986 0.088848
v -0.052735 1.777789 0.088748
v -0.050654 1.757389 0.092450
v -0.050130 1.794767 0.104858
v -0.041425 1.801319 0.107074
v -0.044344 1.800141 0.106055
v -0.045718 1.799301 0.105653
v -0.049305 1.795789 0.104960
v -0.036417 1.801793 0.109240
v -0.031227 1.799832 0.112148
v -0.027455 1.796331 0.114823
v -0.033745 1.801047 0.110666
v -0.038529 1.801831 0.108262
vn -0.3630 0.0237 0.9315
vn -0.5230 -0.2567 0.8128
vn -0.4742 -0.1622 0.8654
vn -0.5972 -0.4315 0.6762
vn 0.8395 -0.0083 -0.5433
vn 0.8191 -0.1477 -0.5542
vn 0.7833 -0.2817 -0.5541
vn 0.8428 0.1394 -0.5198
vn 0.7951 -0.5783 -0.1826
vn 0.6902 -0.7036 -0.1689
vn 0.9496 0.2642 -0.1688
vn 0.5497 -0.8221 -0.1480
vn 0.9778 0.1033 -0.1825
vn 0.3658 -0.9232 -0.1181
vn 0.9806 -0.0461 -0.1908
vn 0.9630 -0.1863 -0.1946
vn 0.9271 -0.3202 -0.1946
vn 0.8722 -0.4503 -0.1908
vn 0.1365 -0.9876 0.0772
vn 0.9630 -0.1863 0.1946
vn 0.9271 -0.3202 0.1946
vn 0.8722 -0.4504 0.1908
vn 0.7784 0.6166 0.1176
vn 0.7951 -0.5783 0.1826
vn 0.8872 0.4371 0.1479
vn 0.6902 -0.7036 0.1689
vn 0.9496 0.2643 0.1688
vn 0.5497 -0.8221 0.1479
vn 0.9778 0.1033 0.1825
vn 0.3658 -0.9232 0.1178
vn 0.9806 -0.0461 0.1908
vn 0.5654 -0.6702 0.4808
vn 0.8247 0.2977 0.4808
vn 0.4404 -0.7928 0.4213
vn 0.8428 0.1394 0.5199
vn 0.2787 -0.8998 0.3355
vn 0.8395 -0.0083 0.5433
vn 0.0795 -0.9724 0.2195
vn 0.8191 -0.1477 0.5542
vn -0.1452 -0.9864 0.0768
vn 0.7833 -0.2816 0.5542
vn 0.5550 0.8024 0.2194
vn 0.7312 -0.4126 0.5433
vn 0.6913 0.6399 0.3355
vn 0.6602 -0.5422 0.5198
vn 0.7778 0.4664 0.4213
vn -0.1822 -0.9765 0.1151
vn 0.5174 -0.2104 0.8295
vn 0.4498 0.8305 0.3285
vn 0.4706 -0.3427 0.8131
vn 0.5304 0.6830 0.5022
vn 0.4108 -0.4753 0.7780
vn 0.5757 0.5206 0.6305
vn 0.3348 -0.6084 0.7196
vn 0.5941 0.3595 0.7196
vn 0.2382 -0.7387 0.6306
vn 0.5934 0.2062 0.7780
vn 0.1178 -0.8567 0.5021
vn 0.5789 0.0615 0.8131
vn -0.0258 -0.9441 0.3285
vn 0.5533 -0.0765 0.8295
vn 0.2928 0.4403 0.8488
vn -0.0258 -0.6680 0.7438
vn 0.2676 0.2935 0.9177
vn -0.0924 -0.8004 0.5923
vn 0.2384 0.1527 0.9591
vn -0.1632 -0.9073 0.3875
vn 0.2059 0.0166 0.9784
vn -0.2302 -0.9636 0.1357
vn 0.1700 -0.1173 0.9784
vn 0.3122 0.8674 0.3876
vn 0.1301 -0.2515 0.9591
vn 0.3201 0.7394 0.5923
vn 0.0850 -0.3880 0.9177
vn 0.3116 0.5913 0.7438
vn 0.0334 -0.5276 0.8488
vn -0.2059 -0.0166 0.9784
vn 0.1634 0.9073 0.3875
vn -0.2384 -0.1527 0.9591
vn 0.0925 0.8004 0.5924
vn -0.2677 -0.2935 0.9177
vn 0.0258 0.6679 0.7438
vn -0.2928 -0.4402 0.8488
vn -0.0334 0.5276 0.8488
vn -0.3116 -0.5913 0.7438
vn -0.0850 0.3880 0.9177
vn -0.3201 -0.7394 0.5923
vn -0.1301 0.2515 0.9591
vn -0.3122 -0.8674 0.3875
vn -0.1701 0.1173 0.9784
vn -0.2824 -0.9497 0.1356
vn -0.5757 -0.5206 0.6305
vn -0.4108 0.4753 0.7780
vn -0.5304 -0.6830 0.5022
vn -0.4706 0.3427 0.8131
vn -0.4498 -0.8305 0.3285
vn -0.5174 0.2104 0.8295
vn -0.3305 -0.9368 0.1152
vn -0.5533 0.0765 0.8295
vn -0.5789 -0.0615 0.8131
vn -0.1178 0.8567 0.5022
vn -0.5934 -0.2062 0.7780
vn -0.2382 0.7387 0.6306
vn -0.5941 -0.3595 0.7196
vn -0.3347 0.6084 0.7196
vn -0.8395 0.0083 0.5433
vn -0.8428 -0.1394 0.5198
vn -0.8247 -0.2977 0.4808
vn -0.7778 -0.4665 0.4213
vn -0.6602 0.5421 0.5199
vn -0.6913 -0.6399 0.3355
vn -0.7312 0.4126 0.5433
vn -0.5551 -0.8024 0.2193
vn -0.7833 0.2816 0.5542
vn -0.8192 0.1477 0.5542
vn -0.9630 0.1863 0.1946
vn -0.9806 0.0461 0.1907
vn -0.8395 -0.0083 -0.5433
vn -0.8191 -0.1477 -0.5542
vn -0.7832 -0.2816 -0.5543
vn -0.8428 0.1394 -0.5199
vn -0.7951 -0.5783 -0.1825
vn -0.6902 -0.7036 -0.1689
vn -0.9496 0.2643 -0.1688
vn -0.5497 -0.8221 -0.1479
vn -0.9778 0.1033 -0.1825
vn -0.3658 -0.9232 -0.1176
vn -0.9806 -0.0461 -0.1908
vn -0.9630 -0.1863 -0.1946
vn -0.9271 -0.3202 -0.1946
vn -0.8722 -0.4503 -0.1908
vn -0.1365 -0.9876 0.0771
vn -0.9630 -0.1863 0.1946
vn -0.9271 -0.3202 0.1946
vn -0.8722 -0.4504 0.1908
vn -0.7785 0.6165 0.1177
vn -0.7951 -0.5783 0.1826
vn -0.8872 0.4371 0.1479
vn -0.6902 -0.7036 0.1689
vn -0.9496 0.2643 0.1688
vn -0.5497 -0.8221 0.1479
vn -0.9778 0.1033 0.1825
vn -0.3658 -0.9232 0.1178
vn -0.9806 -0.0461 0.1908
vn -0.5654 -0.6702 0.4808
vn -0.8247 0.2977 0.4808
vn -0.4404 -0.7928 0.4213
vn -0.8428 0.1394 0.5199
vn -0.2787 -0.8999 0.3355
vn -0.8395 -0.0083 0.5433
vn -0.0796 -0.9724 0.2194
vn -0.8191 -0.1477 0.5542
vn 0.1454 -0.9864 0.0769
vn -0.7833 -0.2816 0.5542
vn -0.5550 0.8024 0.2195
vn -0.7312 -0.4126 0.5433
vn -0.6913 0.6399 0.3355
vn -0.6602 -0.5421 0.5199
vn -0.7778 0.4664 0.4214
vn 0.1821 -0.9765 0.1150
vn -0.5174 -0.2104 0.8295
vn -0.4498 0.8306 0.3284
vn -0.4706 -0.3427 0.8131
vn -0.5304 0.6830 0.5022
vn -0.4108 -0.4753 0.7780
vn -0.5757 0.5206 0.6305
vn -0.3348 -0.6084 0.7196
vn -0.5941 0.3595 0.7196
vn -0.2382 -0.7387 0.6305
vn -0.5934 0.2062 0.7780
vn -0.1178 -0.8567 0.5021
vn -0.5789 0.0615 0.8131
vn 0.0258 -0.9441 0.3285
vn -0.5533 -0.0765 0.8295
vn -0.2927 0.4402 0.8488
vn 0.0258 -0.6680 0.7438
vn -0.2676 0.2935 0.9177
vn 0.0924 -0.8004 0.5923
vn -0.2384 0.1528 0.9591
vn 0.1632 -0.9073 0.3875
vn -0.2059 0.0166 0.9784
vn 0.2303 -0.9636 0.1355
vn -0.1700 -0.1173 0.9784
vn -0.3122 0.8674 0.3875
vn -0.1301 -0.2515 0.9591
vn -0.3201 0.7394 0.5923
vn -0.0850 -0.3880 0.9177
vn -0.3116 0.5914 0.7438
vn -0.0334 -0.5276 0.8488
vn 0.2059 -0.0166 0.9784
vn -0.1634 0.9073 0.3875
vn 0.2384 -0.1527 0.9591
vn -0.0925 0.8004 0.5923
vn 0.2676 -0.2935 0.9177
vn -0.0258 0.6679 0.7438
vn 0.2928 -0.4402 0.8488
vn 0.0334 0.5276 0.8488
vn 0.3116 -0.5913 0.7438
vn 0.0850 0.3880 0.9177
vn 0.3201 -0.7394 0.5923
vn 0.1301 0.2515 0.9591
vn 0.3122 -0.8674 0.3875
vn 0.1701 0.1173 0.9784
vn 0.2824 -0.9497 0.1355
vn 0.5757 -0.5206 0.6305
vn 0.4108 0.4753 0.7780
vn 0.5304 -0.6830 0.5022
vn 0.4706 0.3427 0.8131
vn 0.4498 -0.8305 0.3285
vn 0.5174 0.2104 0.8295
vn 0.3305 -0.9367 0.1160
vn 0.5533 0.0765 0.8295
vn 0.5789 -0.0615 0.8131
vn 0.1177 0.8568 0.5021
vn 0.5934 -0.2062 0.7780
vn 0.2382 0.7387 0.6306
vn 0.5941 -0.3595 0.7196
vn 0.3348 0.6084 0.7196
vn 0.8395 0.0083 0.5433
vn 0.8428 -0.1394 0.5199
vn 0.8247 -0.2977 0.4808
vn 0.7778 -0.4664 0.4213
vn 0.6602 0.5422 0.5199
vn 0.6913 -0.6399 0.3355
vn 0.7312 0.4126 0.5433
vn 0.5550 -0.8024 0.2195
vn 0.7833 0.2816 0.5542
vn 0.8191 0.1477 0.5542
vn 0.9630 0.1863 0.1948
vn 0.9805 0.0461 0.1908
vt 0.969607 0.544474
vt 0.970361 0.543996
vt 0.970281 0.543958
vt 0.970192 0.544029
vt 0.970331 0.543899
vt 0.970387 0.543726
vt 0.877081 0.435560
vt 0.881156 0.439424
vt 0.872460 0.450460
vt 0.869332 0.448079
vt 0.864675 0.462479
vt 0.863948 0.462036
vt 0.863270 0.464913
vt 0.879901 0.432135
vt 0.889369 0.430495
vt 0.862213 0.492791
vt 0.872584 0.495025
vt 0.870356 0.507344
vt 0.862029 0.506979
vt 0.869777 0.519656
vt 0.864243 0.520410
vt 0.903364 0.441133
vt 0.892275 0.430216
vt 0.912329 0.431929
vt 0.871001 0.531480
vt 0.868711 0.532176
vt 0.895342 0.450764
vt 0.872703 0.539926
vt 0.888143 0.460880
vt 0.881818 0.471759
vt 0.876644 0.483129
vt 0.862618 0.477500
vt 0.862640 0.471193
vt 0.863427 0.483776
vt 0.874753 0.542745
vt 0.881686 0.541364
vt 0.882707 0.551683
vt 0.902407 0.469666
vt 0.896904 0.479385
vt 0.892049 0.489416
vt 0.888170 0.499694
vt 0.933458 0.431931
vt 0.930928 0.434038
vt 0.930295 0.433091
vt 0.884931 0.510099
vt 0.922487 0.442439
vt 0.913096 0.432130
vt 0.918845 0.434898
vt 0.923013 0.435410
vt 0.925833 0.436228
vt 0.882933 0.520516
vt 0.915074 0.451037
vt 0.881667 0.530974
vt 0.908383 0.460189
vt 0.897644 0.514179
vt 0.894204 0.523363
vt 0.932488 0.450445
vt 0.926543 0.459308
vt 0.891337 0.532580
vt 0.920863 0.468251
vt 0.888901 0.542038
vt 0.915559 0.477358
vt 0.886953 0.552187
vt 0.883371 0.552254
vt 0.910512 0.486542
vt 0.886590 0.554842
vt 0.905857 0.495742
vt 0.943652 0.430216
vt 0.948476 0.430735
vt 0.946134 0.433266
vt 0.901478 0.504938
vt 0.938948 0.441802
vt 0.890733 0.553374
vt 0.889163 0.556595
vt 0.923457 0.493519
vt 0.918505 0.502400
vt 0.955165 0.432848
vt 0.952633 0.437747
vt 0.913651 0.511041
vt 0.947768 0.447390
vt 0.908988 0.519510
vt 0.943009 0.456821
vt 0.904370 0.527831
vt 0.938232 0.466162
vt 0.899873 0.536082
vt 0.933300 0.475358
vt 0.895376 0.544478
vt 0.928416 0.484514
vt 0.954443 0.461612
vt 0.950699 0.471919
vt 0.913506 0.533947
vt 0.907419 0.541268
vt 0.946292 0.481858
vt 0.901006 0.548409
vt 0.941538 0.491541
vt 0.893932 0.555641
vt 0.936276 0.500829
vt 0.890976 0.557742
vt 0.891609 0.557968
vt 0.930889 0.509740
vt 0.960025 0.440433
vt 0.960890 0.436181
vt 0.925198 0.518226
vt 0.957558 0.451099
vt 0.919416 0.526289
vt 0.949756 0.508955
vt 0.943326 0.518267
vt 0.965967 0.440789
vt 0.936484 0.526798
vt 0.968481 0.452800
vt 0.968554 0.444301
vt 0.929357 0.534700
vt 0.967431 0.464793
vt 0.921822 0.541842
vt 0.964668 0.476831
vt 0.913900 0.548228
vt 0.960604 0.488103
vt 0.905483 0.553950
vt 0.955591 0.498896
vt 0.896331 0.558872
vt 0.895572 0.559257
vt 0.929223 0.552109
vt 0.919063 0.557180
vt 0.979953 0.486452
vt 0.976987 0.494694
vt 0.977155 0.480006
vt 0.908516 0.560792
vt 0.971248 0.507177
vt 0.896538 0.559548
vt 0.904026 0.561968
vt 0.964386 0.518519
vt 0.896300 0.559462
vt 0.956620 0.528689
vt 0.948075 0.537749
vt 0.972143 0.452455
vt 0.938941 0.545587
vt 0.973862 0.465023
vt 0.972754 0.472208
vt 0.970619 0.541942
vt 0.963403 0.548887
vt 0.959712 0.551199
vt 0.950298 0.556546
vt 0.947131 0.557908
vt 0.933882 0.562140
vt 0.920860 0.563707
vt 0.981610 0.491067
vt 0.981188 0.496162
vt 0.908770 0.562838
vt 0.979360 0.511357
vt 0.976624 0.523659
vt 0.976088 0.526952
vt 0.971601 0.540973
vt 0.971005 0.542356
vt 0.970648 0.543110
vt 0.970198 0.543804
vt 0.871826 0.451053
vt 0.880355 0.439856
vt 0.875903 0.435767
vt 0.868319 0.448477
vt 0.864248 0.463242
vt 0.863158 0.462606
vt 0.862238 0.466896
vt 0.888731 0.430474
vt 0.878575 0.432400
vt 0.870591 0.507759
vt 0.872669 0.495493
vt 0.862207 0.493436
vt 0.862390 0.507525
vt 0.864943 0.520631
vt 0.870204 0.519880
vt 0.902607 0.441240
vt 0.911686 0.431673
vt 0.891048 0.430216
vt 0.869394 0.532251
vt 0.871453 0.531634
vt 0.894719 0.450993
vt 0.872872 0.538931
vt 0.887676 0.461225
vt 0.881543 0.472181
vt 0.876438 0.483603
vt 0.861885 0.471370
vt 0.861947 0.478002
vt 0.863031 0.485374
vt 0.882141 0.541407
vt 0.875678 0.542721
vt 0.883086 0.550935
vt 0.896642 0.479589
vt 0.902024 0.469825
vt 0.892111 0.489685
vt 0.888239 0.499912
vt 0.931931 0.432041
vt 0.929292 0.432979
vt 0.929901 0.433845
vt 0.885222 0.510280
vt 0.918467 0.434798
vt 0.911703 0.431675
vt 0.921688 0.442252
vt 0.924745 0.435922
vt 0.922212 0.435225
vt 0.883160 0.520671
vt 0.914428 0.450977
vt 0.882042 0.531085
vt 0.907879 0.460205
vt 0.894486 0.523429
vt 0.897777 0.514264
vt 0.926050 0.459122
vt 0.931858 0.450166
vt 0.891685 0.532615
vt 0.920536 0.468119
vt 0.889319 0.542035
vt 0.915263 0.477275
vt 0.884557 0.552191
vt 0.887434 0.552126
vt 0.910354 0.486536
vt 0.887142 0.554254
vt 0.905832 0.495788
vt 0.946827 0.430605
vt 0.943175 0.430216
vt 0.945152 0.432523
vt 0.901546 0.505013
vt 0.938158 0.441278
vt 0.889826 0.556094
vt 0.891191 0.553300
vt 0.918522 0.502300
vt 0.923388 0.493357
vt 0.951839 0.436875
vt 0.953846 0.432719
vt 0.913747 0.510989
vt 0.947146 0.446736
vt 0.909164 0.519504
vt 0.942521 0.456336
vt 0.904623 0.527784
vt 0.937872 0.465774
vt 0.900199 0.536040
vt 0.933043 0.475123
vt 0.895774 0.544426
vt 0.928241 0.484276
vt 0.950464 0.471401
vt 0.954110 0.460986
vt 0.907741 0.541162
vt 0.913766 0.533847
vt 0.946132 0.481450
vt 0.901401 0.548309
vt 0.941429 0.491198
vt 0.894383 0.555561
vt 0.936346 0.500572
vt 0.892316 0.557615
vt 0.892179 0.557565
vt 0.930977 0.509537
vt 0.959411 0.439409
vt 0.959981 0.436177
vt 0.925327 0.518035
vt 0.957088 0.450324
vt 0.919658 0.526161
vt 0.943423 0.517999
vt 0.949889 0.508672
vt 0.963941 0.439537
vt 0.936701 0.526656
vt 0.968163 0.451835
vt 0.968152 0.445109
vt 0.929556 0.534521
vt 0.967278 0.464043
vt 0.922070 0.541659
vt 0.964590 0.476179
vt 0.914220 0.548041
vt 0.960599 0.487596
vt 0.905887 0.553764
vt 0.955610 0.498492
vt 0.896710 0.558808
vt 0.896374 0.558975
vt 0.919393 0.556907
vt 0.929451 0.551834
vt 0.977245 0.494134
vt 0.980229 0.485561
vt 0.977415 0.479288
vt 0.908950 0.560565
vt 0.971538 0.506809
vt 0.905263 0.561584
vt 0.896795 0.559094
vt 0.897905 0.559389
vt 0.964563 0.518293
vt 0.956779 0.528528
vt 0.948131 0.537526
vt 0.971266 0.451505
vt 0.939088 0.545344
vt 0.973575 0.464220
vt 0.972912 0.471542
vt 0.959819 0.551223
vt 0.962342 0.549693
vt 0.970699 0.541866
vt 0.947175 0.557560
vt 0.953583 0.554794
vt 0.934048 0.561666
vt 0.921151 0.563173
vt 0.981824 0.495694
vt 0.982204 0.490896
vt 0.909181 0.562285
vt 0.980016 0.511171
vt 0.976361 0.526915
vt 0.976546 0.525849
vt 0.971721 0.540871
vt 0.971093 0.542300
s 1
usemtl moth
f 997/644/693 861/645/694 1002/646/695 1003/647/693
f 1015/648/696 1002/646/695 861/645/694 1013/649/696
f 991/650/697 790/651/697 791/652/697 990/653/697
f 990/653/698 791/652/698 792/654/698 989/655/698
f 989/655/699 792/654/699 988/656/699
f 986/657/700 984/658/700 790/651/700 991/650/700
f 1045/659/701 798/660/701 799/661/701 1044/662/701
f 1044/662/702 799/661/702 800/663/702 1046/664/702
f 793/665/703 983/666/703 985/667/703
f 1046/664/704 800/663/704 801/668/704 1042/669/704
f 794/670/705 790/651/705 984/658/705 983/666/705 793/665/705
f 1042/669/706 801/668/706 1043/671/706
f 791/652/707 790/651/707 794/670/707 795/672/707
f 792/654/708 791/652/708 795/672/708 796/673/708
f 796/673/709 797/674/709 993/675/709 987/676/709 988/656/709 792/654/709
f 993/675/710 797/674/710 798/660/710 1045/659/710 992/677/710
f 1041/678/711 813/679/711 1049/680/711
f 796/673/712 795/672/712 806/681/712 807/682/712
f 797/674/713 796/673/713 807/682/713 808/683/713
f 798/660/714 797/674/714 808/683/714 809/684/714
f 978/685/715 802/686/715 979/687/715
f 799/661/716 798/660/716 809/684/716 810/688/716
f 979/687/717 802/686/717 803/689/717 982/690/717 981/691/717 1052/692/717 977/693/717
f 800/663/718 799/661/718 810/688/718 811/694/718
f 804/695/719 793/665/719 985/667/719 982/690/719 803/689/719
f 801/668/720 800/663/720 811/694/720 812/696/720
f 794/670/721 793/665/721 804/695/721 805/697/721
f 812/696/722 813/679/722 1041/678/722 1043/671/722 801/668/722
f 795/672/723 794/670/723 805/697/723 806/681/723
f 811/694/724 810/688/724 823/698/724 824/699/724
f 804/695/725 803/689/725 816/700/725 817/701/725
f 812/696/726 811/694/726 824/699/726 825/702/726
f 805/697/727 804/695/727 817/701/727 818/703/727
f 813/679/728 812/696/728 825/702/728 826/704/728
f 806/681/729 805/697/729 818/703/729 819/705/729
f 826/704/730 827/706/730 1050/707/730 1049/680/730 813/679/730
f 807/682/731 806/681/731 819/705/731 820/708/731
f 1050/707/732 827/706/732 1048/709/732
f 808/683/733 807/682/733 820/708/733 821/710/733
f 975/711/734 974/712/734 814/713/734
f 809/684/735 808/683/735 821/710/735 822/714/735
f 975/711/736 814/713/736 815/715/736 802/686/736 978/685/736
f 810/688/737 809/684/737 822/714/737 823/698/737
f 803/689/738 802/686/738 815/715/738 816/700/738
f 841/716/739 1047/717/739 1048/709/739 827/706/739
f 821/710/740 820/708/740 834/718/740 835/719/740
f 976/720/741 828/721/741 814/713/741 974/712/741
f 822/714/742 821/710/742 835/719/742 836/722/742
f 815/715/743 814/713/743 828/721/743 829/723/743
f 823/698/744 822/714/744 836/722/744 837/724/744
f 816/700/745 815/715/745 829/723/745 830/725/745
f 824/699/746 823/698/746 837/724/746 838/726/746
f 817/701/747 816/700/747 830/725/747 831/727/747
f 825/702/748 824/699/748 838/726/748 839/728/748
f 818/703/749 817/701/749 831/727/749 832/729/749
f 826/704/750 825/702/750 839/728/750 840/730/750
f 819/705/751 818/703/751 832/729/751 833/731/751
f 827/706/752 826/704/752 840/730/752 841/716/752
f 820/708/753 819/705/753 833/731/753 834/718/753
f 831/727/754 830/725/754 844/732/754 845/733/754
f 839/728/755 838/726/755 852/734/755 853/735/755
f 832/729/756 831/727/756 845/733/756 846/736/756
f 840/730/757 839/728/757 853/735/757 854/737/757
f 833/731/758 832/729/758 846/736/758 847/738/758
f 841/716/759 840/730/759 854/737/759 855/739/759
f 834/718/760 833/731/760 847/738/760 848/740/760
f 1037/741/761 1047/717/761 841/716/761 855/739/761 1035/742/761
f 835/719/762 834/718/762 848/740/762 849/743/762
f 842/744/763 828/721/763 976/720/763 980/745/763
f 836/722/764 835/719/764 849/743/764 850/746/764
f 829/723/765 828/721/765 842/744/765 843/747/765
f 837/724/766 836/722/766 850/746/766 851/748/766
f 830/725/767 829/723/767 843/747/767 844/732/767
f 838/726/768 837/724/768 851/748/768 852/734/768
f 849/743/769 848/740/769 862/749/769 863/750/769
f 973/751/770 842/744/770 980/745/770
f 850/746/771 849/743/771 863/750/771 864/752/771
f 856/753/772 843/747/772 842/744/772 973/751/772 972/754/772
f 851/748/773 850/746/773 864/752/773 865/755/773
f 844/732/774 843/747/774 856/753/774 857/756/774
f 852/734/775 851/748/775 865/755/775 866/757/775
f 845/733/776 844/732/776 857/756/776 858/758/776
f 853/735/777 852/734/777 866/757/777 867/759/777
f 846/736/778 845/733/778 858/758/778 859/760/778
f 854/737/779 853/735/779 867/759/779 868/761/779
f 847/738/780 846/736/780 859/760/780 860/762/780
f 855/739/781 854/737/781 868/761/781 869/763/781
f 848/740/782 847/738/782 860/762/782 862/749/782
f 1035/742/783 855/739/783 869/763/783 1036/764/783
f 867/759/784 866/757/784 876/765/784 877/766/784
f 1051/767/785 870/768/785 859/760/785 858/758/785 1053/769/785
f 868/761/786 867/759/786 877/766/786 878/770/786
f 860/762/787 859/760/787 870/768/787 871/771/787
f 1030/772/788 869/763/788 868/761/788 878/770/788 1031/773/788
f 862/749/789 860/762/789 871/771/789 872/774/789
f 1036/764/790 869/763/790 1030/772/790 1032/775/790
f 863/750/791 862/749/791 872/774/791 873/776/791
f 864/752/792 863/750/792 873/776/792 874/777/792
f 971/778/793 856/753/793 972/754/793
f 865/755/794 864/752/794 874/777/794 875/779/794
f 969/780/795 857/756/795 856/753/795 971/778/795
f 866/757/796 865/755/796 875/779/796 876/765/796
f 858/758/797 857/756/797 969/780/797 970/781/797 1053/769/797
f 874/777/798 873/776/798 879/782/798 1026/783/798 1025/784/798
f 875/779/799 874/777/799 1025/784/799 1027/785/799 1029/786/799
f 876/765/800 875/779/800 1029/786/800 1028/787/800
f 877/766/801 876/765/801 1028/787/801 1034/788/801
f 870/768/802 1051/767/802 1039/789/802 1040/790/802
f 878/770/803 877/766/803 1034/788/803 1033/791/803
f 871/771/804 870/768/804 1040/790/804 1038/792/804
f 1031/773/805 878/770/805 1033/791/805
f 872/774/806 871/771/806 1038/792/806 1021/793/806 1022/794/806
f 873/776/807 872/774/807 1022/794/807 1023/795/807 879/782/807
f 879/782/808 1023/795/808 1019/796/808
f 1026/783/809 879/782/809 1019/796/809 1020/797/809 1024/798/809
f 881/799/810 880/800/810 1080/801/810 1079/802/810
f 882/803/811 881/799/811 1079/802/811 1078/804/811
f 1077/805/812 882/803/812 1078/804/812
f 880/800/813 1072/806/813 1075/807/813 1080/801/813
f 889/808/814 888/809/814 1060/810/814 1059/811/814
f 1064/812/815 890/813/815 889/808/815 1059/811/815
f 883/814/816 1073/815/816 1071/816/816
f 1061/817/817 891/818/817 890/813/817 1064/812/817
f 880/800/818 884/819/818 883/814/818 1071/816/818 1072/806/818
f 891/818/819 1061/817/819 1063/820/819
f 881/799/820 885/821/820 884/819/820 880/800/820
f 882/803/821 886/822/821 885/821/821 881/799/821
f 887/823/822 886/822/822 882/803/822 1077/805/822 1076/824/822 1081/825/822
f 888/809/823 887/823/823 1081/825/823 1058/826/823 1060/810/823
f 903/827/824 1062/828/824 1057/829/824
f 886/822/825 897/830/825 896/831/825 885/821/825
f 887/823/826 898/832/826 897/830/826 886/822/826
f 888/809/827 899/833/827 898/832/827 887/823/827
f 1086/834/828 1082/835/828 892/836/828
f 889/808/829 900/837/829 899/833/829 888/809/829
f 1066/838/830 1074/839/830 893/840/830 892/836/830 1082/835/830 1067/841/830 1065/842/830
f 890/813/831 901/843/831 900/837/831 889/808/831
f 883/814/832 894/844/832 893/840/832 1074/839/832 1073/815/832
f 891/818/833 902/845/833 901/843/833 890/813/833
f 884/819/834 895/846/834 894/844/834 883/814/834
f 1062/828/835 903/827/835 902/845/835 891/818/835 1063/820/835
f 885/821/836 896/831/836 895/846/836 884/819/836
f 901/843/837 914/847/837 913/848/837 900/837/837
f 894/844/838 907/849/838 906/850/838 893/840/838
f 902/845/839 915/851/839 914/847/839 901/843/839
f 895/846/840 908/852/840 907/849/840 894/844/840
f 903/827/841 916/853/841 915/851/841 902/845/841
f 896/831/842 909/854/842 908/852/842 895/846/842
f 1055/855/843 917/856/843 916/853/843 903/827/843 1057/829/843
f 897/830/844 910/857/844 909/854/844 896/831/844
f 1054/858/845 917/856/845 1055/855/845
f 898/832/846 911/859/846 910/857/846 897/830/846
f 1084/860/847 1085/861/847 904/862/847
f 899/833/848 912/863/848 911/859/848 898/832/848
f 892/836/849 905/864/849 904/862/849 1085/861/849 1086/834/849
f 900/837/850 913/848/850 912/863/850 899/833/850
f 893/840/851 906/850/851 905/864/851 892/836/851
f 1056/865/852 931/866/852 917/856/852 1054/858/852
f 911/859/853 925/867/853 924/868/853 910/857/853
f 904/862/854 918/869/854 1083/870/854 1084/860/854
f 912/863/855 926/871/855 925/867/855 911/859/855
f 905/864/856 919/872/856 918/869/856 904/862/856
f 913/848/857 927/873/857 926/871/857 912/863/857
f 906/850/858 920/874/858 919/872/858 905/864/858
f 914/847/859 928/875/859 927/873/859 913/848/859
f 907/849/860 921/876/860 920/874/860 906/850/860
f 915/851/861 929/877/861 928/875/861 914/847/861
f 908/852/862 922/878/862 921/876/862 907/849/862
f 916/853/863 930/879/863 929/877/863 915/851/863
f 909/854/864 923/880/864 922/878/864 908/852/864
f 917/856/865 931/866/865 930/879/865 916/853/865
f 910/857/866 924/868/866 923/880/866 909/854/866
f 921/876/867 935/881/867 934/882/867 920/874/867
f 929/877/868 943/883/868 942/884/868 928/875/868
f 922/878/869 936/885/869 935/881/869 921/876/869
f 930/879/870 944/886/870 943/883/870 929/877/870
f 923/880/871 937/887/871 936/885/871 922/878/871
f 931/866/872 945/888/872 944/886/872 930/879/872
f 924/868/873 938/889/873 937/887/873 923/880/873
f 1000/890/874 945/888/874 931/866/874 1056/865/874 1001/891/874
f 925/867/875 939/892/875 938/889/875 924/868/875
f 918/869/876 932/893/876 1091/894/876 1083/870/876
f 926/871/877 940/895/877 939/892/877 925/867/877
f 919/872/878 933/896/878 932/893/878 918/869/878
f 927/873/879 941/897/879 940/895/879 926/871/879
f 920/874/880 934/882/880 933/896/880 919/872/880
f 928/875/881 942/884/881 941/897/881 927/873/881
f 939/892/882 952/898/882 951/899/882 938/889/882
f 1091/894/883 932/893/883 1087/900/883
f 940/895/884 953/901/884 952/898/884 939/892/884
f 1087/900/885 932/893/885 933/896/885 946/902/885 1090/903/885
f 941/897/886 954/904/886 953/901/886 940/895/886
f 934/882/887 947/905/887 946/902/887 933/896/887
f 942/884/888 955/906/888 954/904/888 941/897/888
f 935/881/889 948/907/889 947/905/889 934/882/889
f 943/883/890 956/908/890 955/906/890 942/884/890
f 936/885/891 949/909/891 948/907/891 935/881/891
f 944/886/892 957/910/892 956/908/892 943/883/892
f 937/887/893 950/911/893 949/909/893 936/885/893
f 945/888/894 958/912/894 957/910/894 944/886/894
f 938/889/895 951/899/895 950/911/895 937/887/895
f 999/913/896 958/912/896 945/888/896 1000/890/896
f 956/908/897 966/914/897 965/915/897 955/906/897
f 948/907/898 949/909/898 959/916/898 1069/917/898 1068/918/898
f 957/910/899 967/919/899 966/914/899 956/908/899
f 950/911/900 960/920/900 959/916/900 949/909/900
f 1005/921/901 967/919/901 957/910/901 958/912/901 998/922/901 1004/923/901
f 951/899/902 961/924/902 960/920/902 950/911/902
f 998/922/903 958/912/903 999/913/903
f 952/898/904 962/925/904 961/924/904 951/899/904
f 953/901/905 963/926/905 962/925/905 952/898/905
f 1090/903/906 946/902/906 1088/927/906
f 954/904/907 964/928/907 963/926/907 953/901/907
f 946/902/908 947/905/908 1089/929/908 1088/927/908
f 955/906/909 965/915/909 964/928/909 954/904/909
f 1089/929/910 947/905/910 948/907/910 1068/918/910 1070/930/910
f 962/925/911 963/926/911 994/931/911 995/932/911 968/933/911
f 994/931/912 963/926/912 964/928/912 1009/934/912 996/935/912
f 1009/934/913 964/928/913 965/915/913 1008/936/913
f 1008/936/914 965/915/914 966/914/914 1006/937/914
f 959/916/915 1017/938/915 1016/939/915 1069/917/915
f 1006/937/916 966/914/916 967/919/916 1007/940/916
f 1017/938/917 959/916/917 960/920/917 1018/941/917
f 1007/940/918 967/919/918 1005/921/918
f 1018/941/919 960/920/919 961/924/919 1010/942/919 1011/943/919
f 1010/942/920 961/924/920 962/925/920 968/933/920 1014/944/920
f 968/933/921 1012/945/921 1014/944/921
f 1012/945/922 968/933/922 995/932/922 997/644/922 1003/647/922 1002/646/922 1015/648/922 1013/649/922
o male_player.007
v 0.066016 1.896377 0.210409
v 0.068000 1.896450 0.210012
v 0.069427 1.897440 0.208972
v 0.069752 1.898970 0.207685
v 0.068851 1.900455 0.206645
v 0.067067 1.901328 0.206248
v 0.065083 1.901255 0.206645
v 0.063656 1.900265 0.207685
v 0.063331 1.898735 0.208972
v 0.064232 1.897250 0.210012
v 0.067342 1.902620 0.049524
v 0.079907 1.961774 0.059360
v 0.089091 2.005005 0.087212
v 0.097774 2.045885 0.117775
v 0.103153 2.071205 0.182283
v 0.099192 2.052562 0.251560
v 0.091175 2.014817 0.290565
v 0.074262 1.935197 0.275108
v 0.082565 1.935500 0.273445
v 0.097151 2.012694 0.288700
v 0.105710 2.049021 0.250614
v 0.109699 2.067451 0.182599
v 0.104426 2.042568 0.119189
v 0.095509 2.002297 0.089004
v 0.087334 1.959222 0.061707
v 0.075232 1.900533 0.052142
v 0.088538 1.939645 0.269091
v 0.100498 2.009749 0.283819
v 0.108863 2.042709 0.248139
v 0.112784 2.060606 0.183424
v 0.107763 2.036875 0.122890
v 0.098929 1.998047 0.093694
v 0.091527 1.955779 0.067849
v 0.079941 1.898457 0.058995
v 0.089898 1.946048 0.263709
v 0.099937 2.007108 0.277785
v 0.107445 2.036036 0.245080
v 0.111229 2.053285 0.184443
v 0.106511 2.030980 0.127464
v 0.098044 1.993881 0.099491
v 0.090886 1.952760 0.075441
v 0.079671 1.897186 0.067467
v 0.086126 1.952263 0.259355
v 0.095682 2.005777 0.272903
v 0.101999 2.031549 0.242605
v 0.105628 2.048285 0.185268
v 0.101148 2.027134 0.131165
v 0.093192 1.991389 0.104181
v 0.085655 1.951319 0.081583
v 0.074525 1.897204 0.074321
v 0.078663 1.955916 0.257692
v 0.089359 2.006267 0.271038
v 0.094605 2.030965 0.241660
v 0.098121 2.047515 0.185583
v 0.093722 2.026807 0.132578
v 0.086227 1.991524 0.105972
v 0.077832 1.952006 0.083930
v 0.066468 1.898505 0.076939
v 0.070359 1.955612 0.259355
v 0.083382 2.008390 0.272903
v 0.088087 2.034504 0.242605
v 0.091574 2.051270 0.185268
v 0.087070 2.030124 0.131165
v 0.079808 1.994232 0.104181
v 0.070406 1.954558 0.081583
v 0.058578 1.900591 0.074321
v 0.064387 1.951468 0.263709
v 0.080035 2.011335 0.277785
v 0.084935 2.040817 0.245080
v 0.088489 2.058115 0.184443
v 0.083733 2.035818 0.127464
v 0.076388 1.998482 0.099491
v 0.066213 1.958001 0.075441
v 0.053868 1.902667 0.067467
v 0.063027 1.945064 0.269091
v 0.080596 2.013977 0.283819
v 0.086352 2.047490 0.248139
v 0.090045 2.065436 0.183424
v 0.084985 2.041713 0.122890
v 0.077273 2.002648 0.093694
v 0.066854 1.961020 0.067849
v 0.054138 1.903939 0.058995
v 0.066799 1.938850 0.273445
v 0.084851 2.015306 0.288700
v 0.091798 2.051977 0.250614
v 0.095646 2.070436 0.182599
v 0.090348 2.045558 0.119189
v 0.082125 2.005139 0.089004
v 0.072085 1.962461 0.061707
v 0.059285 1.903921 0.052142
v -0.066016 1.896377 0.210409
v -0.068000 1.896450 0.210012
v -0.069427 1.897440 0.208972
v -0.069752 1.898970 0.207685
v -0.068851 1.900455 0.206645
v -0.067067 1.901328 0.206248
v -0.065083 1.901255 0.206645
v -0.063656 1.900265 0.207685
v -0.063331 1.898735 0.208972
v -0.064232 1.897250 0.210012
v -0.067342 1.902620 0.049524
v -0.079907 1.961774 0.059360
v -0.089090 2.005005 0.087212
v -0.097774 2.045885 0.117775
v -0.103153 2.071205 0.182283
v -0.099192 2.052562 0.251560
v -0.091175 2.014817 0.290565
v -0.074262 1.935197 0.275108
v -0.082565 1.935500 0.273445
v -0.097151 2.012694 0.288700
v -0.105710 2.049021 0.250614
v -0.109699 2.067451 0.182599
v -0.104426 2.042568 0.119189
v -0.095509 2.002297 0.089004
v -0.087334 1.959222 0.061707
v -0.075232 1.900533 0.052142
v -0.088538 1.939645 0.269091
v -0.100498 2.009749 0.283819
v -0.108863 2.042709 0.248139
v -0.112784 2.060606 0.183424
v -0.107763 2.036875 0.122890
v -0.098929 1.998047 0.093694
v -0.091527 1.955779 0.067849
v -0.079941 1.898457 0.058995
v -0.089898 1.946048 0.263709
v -0.099937 2.007108 0.277785
v -0.107445 2.036036 0.245080
v -0.111229 2.053285 0.184443
v -0.106511 2.030980 0.127464
v -0.098044 1.993881 0.099491
v -0.090886 1.952760 0.075441
v -0.079671 1.897186 0.067467
v -0.086126 1.952263 0.259355
v -0.095682 2.005777 0.272903
v -0.101999 2.031549 0.242605
v -0.105628 2.048285 0.185268
v -0.101148 2.027134 0.131165
v -0.093192 1.991389 0.104181
v -0.085655 1.951319 0.081583
v -0.074524 1.897204 0.074321
v -0.078663 1.955916 0.257692
v -0.089359 2.006267 0.271038
v -0.094605 2.030965 0.241660
v -0.098121 2.047515 0.185583
v -0.093722 2.026807 0.132578
v -0.086227 1.991524 0.105972
v -0.077832 1.952006 0.083930
v -0.066468 1.898505 0.076939
v -0.070359 1.955612 0.259355
v -0.083382 2.008390 0.272903
v -0.088087 2.034504 0.242605
v -0.091574 2.051270 0.185268
v -0.087070 2.030124 0.131165
v -0.079808 1.994232 0.104181
v -0.070406 1.954558 0.081583
v -0.058578 1.900591 0.074321
v -0.064387 1.951468 0.263709
v -0.080035 2.011335 0.277785
v -0.084935 2.040817 0.245080
v -0.088489 2.058115 0.184443
v -0.083733 2.035818 0.127464
v -0.076388 1.998482 0.099491
v -0.066213 1.958001 0.075441
v -0.053868 1.902667 0.067467
v -0.063027 1.945064 0.269091
v -0.080596 2.013977 0.283819
v -0.086352 2.047490 0.248139
v -0.090045 2.065436 0.183424
v -0.084985 2.041713 0.122890
v -0.077273 2.002648 0.093694
v -0.066854 1.961020 0.067849
v -0.054138 1.903939 0.058995
v -0.066799 1.938850 0.273445
v -0.084851 2.015306 0.288700
v -0.091798 2.051977 0.250614
v -0.095646 2.070436 0.182599
v -0.090348 2.045558 0.119189
v -0.082125 2.005139 0.089004
v -0.072085 1.962461 0.061707
v -0.059285 1.903921 0.052142
v 0.046320 1.852644 0.061671
v 0.045585 1.847968 0.068317
v 0.048202 1.853082 0.059232
v 0.048335 1.841738 0.073435
v 0.056277 1.850533 0.054360
v 0.056655 1.850094 0.054538
v 0.057167 1.834408 0.073848
v 0.053272 1.836387 0.075249
v 0.050458 1.853670 0.056228
v -0.063412 1.838054 0.068410
v -0.061507 1.838579 0.071130
v -0.059251 1.856966 0.054230
v -0.062604 1.849973 0.056315
v -0.064489 1.842047 0.062012
v -0.053493 1.861316 0.055050
v -0.051895 1.861850 0.055563
v -0.049941 1.861061 0.058119
v -0.047157 1.858135 0.064175
v -0.047460 1.860124 0.061281
v -0.059646 1.838026 0.073416
v -0.058009 1.858683 0.053603
v -0.046607 1.854716 0.068212
v -0.049283 1.847186 0.073517
v -0.054243 1.840957 0.075373
v 0.061737 1.831963 0.068507
v 0.058392 1.833037 0.073340
v 0.062663 1.835382 0.062368
v 0.060711 1.842394 0.056941
vn 0.1310 -0.8574 0.4977
vn 0.6738 -0.6883 0.2690
vn 0.9525 -0.2873 -0.1011
vn 0.8608 0.1924 -0.4712
vn 0.4337 0.5675 -0.6999
vn -0.1656 0.6948 -0.6999
vn -0.7083 0.5257 -0.4712
vn -0.9870 0.1247 -0.1011
vn -0.1320 -0.6213 -0.7724
vn -0.8954 -0.3549 0.2690
vn -0.4682 -0.7301 0.4977
vn -0.3138 -0.0218 -0.9492
vn -0.2672 0.2125 -0.9399
vn -0.1942 0.5603 -0.8052
vn -0.1796 0.6125 -0.7698
vn -0.1092 0.9284 -0.3552
vn -0.0982 0.9621 0.2544
vn -0.1429 0.7258 0.6729
vn -0.2809 -0.1243 0.9517
vn -0.7983 0.0910 -0.5953
vn -0.7679 0.2625 -0.5844
vn -0.7206 0.4864 -0.4941
vn -0.7128 0.5058 -0.4858
vn -0.6662 0.7116 -0.2233
vn -0.6566 0.7360 0.1646
vn -0.6828 0.5844 0.4384
vn -0.7424 0.0440 0.6685
vn -0.9887 0.1500 -0.0067
vn -0.9761 0.2172 0.0026
vn -0.9720 0.2346 0.0151
vn -0.9799 0.1994 -0.0084
vn -0.9790 0.2036 -0.0041
vn -0.9790 0.2037 -0.0040
vn -0.9782 0.2077 0.0011
vn -0.9782 0.2077 0.0010
vn -0.9782 0.2075 0.0018
vn -0.9819 0.1885 0.0206
vn -0.9689 0.2469 0.0135
vn -0.7985 0.1301 0.5878
vn -0.8020 0.0951 0.5898
vn -0.8457 -0.0986 0.5244
vn -0.8607 -0.1845 0.4745
vn -0.8979 -0.3793 0.2232
vn -0.8985 -0.4045 -0.1704
vn -0.8696 -0.2969 -0.3946
vn -0.6850 0.3332 -0.6479
vn -0.3060 0.0390 0.9512
vn -0.3230 -0.0556 0.9448
vn -0.3949 -0.3822 0.8354
vn -0.4143 -0.4911 0.7663
vn -0.4773 -0.8043 0.3540
vn -0.4788 -0.8339 -0.2745
vn -0.4345 -0.6487 -0.6248
vn -0.1947 0.2892 -0.9373
vn 0.2955 -0.0888 0.9512
vn 0.2725 -0.1821 0.9448
vn 0.2054 -0.5097 0.8355
vn 0.1789 -0.6171 0.7663
vn 0.1092 -0.9289 0.3540
vn 0.0985 -0.9565 -0.2745
vn 0.1333 -0.7693 -0.6248
vn 0.2955 0.1851 -0.9373
vn 0.7824 -0.2057 0.5878
vn 0.7714 -0.2391 0.5898
vn 0.7326 -0.4339 0.5244
vn 0.7114 -0.5184 0.4745
vn 0.6662 -0.7116 0.2232
vn 0.6565 -0.7348 -0.1704
vn 0.6738 -0.6247 -0.3945
vn 0.7613 0.0260 -0.6479
vn 0.9643 -0.2649 -0.0061
vn 0.9801 -0.1983 0.0026
vn 0.9834 -0.1808 0.0151
vn 0.9763 -0.2161 -0.0085
vn 0.9773 -0.2119 -0.0040
vn 0.9773 -0.2119 -0.0041
vn 0.9782 -0.2078 0.0010
vn 0.9782 -0.2079 0.0011
vn 0.9781 -0.2080 0.0018
vn 0.9737 -0.2270 0.0206
vn 0.9856 -0.1683 0.0135
vn 0.7670 -0.2413 -0.5946
vn 0.8083 -0.0723 -0.5844
vn 0.8561 0.1514 -0.4941
vn 0.8569 0.1724 -0.4858
vn 0.8979 0.3793 -0.2233
vn 0.8991 0.4055 0.1646
vn 0.8614 0.2564 0.4384
vn 0.6962 -0.2615 0.6685
vn 0.2780 -0.1475 -0.9492
vn 0.3305 0.0856 -0.9399
vn 0.4052 0.4330 -0.8052
vn 0.4131 0.4866 -0.7698
vn 0.4772 0.8038 -0.3552
vn 0.4808 0.8391 0.2544
vn 0.4256 0.6051 0.6729
vn 0.2061 -0.2278 0.9517
vn -0.1310 -0.8574 0.4977
vn -0.6738 -0.6883 0.2690
vn -0.9525 -0.2873 -0.1011
vn -0.8608 0.1924 -0.4712
vn -0.4337 0.5675 -0.6999
vn 0.1656 0.6948 -0.6999
vn 0.7083 0.5257 -0.4712
vn 0.9870 0.1247 -0.1011
vn 0.1320 -0.6213 -0.7724
vn 0.8954 -0.3549 0.2690
vn 0.4682 -0.7301 0.4977
vn 0.3136 -0.0219 -0.9493
vn 0.2672 0.2125 -0.9399
vn 0.1942 0.5603 -0.8052
vn 0.1796 0.6125 -0.7698
vn 0.1092 0.9284 -0.3552
vn 0.0982 0.9621 0.2544
vn 0.1429 0.7258 0.6729
vn 0.2809 -0.1243 0.9517
vn 0.7980 0.0909 -0.5958
vn 0.7678 0.2625 -0.5844
vn 0.7206 0.4864 -0.4941
vn 0.7128 0.5058 -0.4858
vn 0.6662 0.7116 -0.2233
vn 0.6566 0.7360 0.1646
vn 0.6828 0.5844 0.4384
vn 0.7424 0.0440 0.6685
vn 0.9887 0.1498 -0.0072
vn 0.9761 0.2172 0.0026
vn 0.9720 0.2346 0.0151
vn 0.9799 0.1994 -0.0085
vn 0.9790 0.2037 -0.0040
vn 0.9790 0.2036 -0.0041
vn 0.9782 0.2077 0.0010
vn 0.9782 0.2077 0.0011
vn 0.9782 0.2075 0.0018
vn 0.9819 0.1885 0.0206
vn 0.9689 0.2469 0.0135
vn 0.7985 0.1301 0.5878
vn 0.8020 0.0951 0.5898
vn 0.8457 -0.0986 0.5244
vn 0.8607 -0.1845 0.4745
vn 0.8979 -0.3793 0.2232
vn 0.8985 -0.4045 -0.1704
vn 0.8696 -0.2969 -0.3946
vn 0.6850 0.3332 -0.6479
vn 0.3060 0.0390 0.9512
vn 0.3230 -0.0556 0.9448
vn 0.3949 -0.3822 0.8354
vn 0.4143 -0.4911 0.7663
vn 0.4773 -0.8043 0.3540
vn 0.4788 -0.8339 -0.2745
vn 0.4345 -0.6487 -0.6248
vn 0.1947 0.2892 -0.9373
vn -0.2954 -0.0887 0.9512
vn -0.2725 -0.1821 0.9448
vn -0.2054 -0.5097 0.8355
vn -0.1789 -0.6171 0.7663
vn -0.1092 -0.9289 0.3540
vn -0.0985 -0.9565 -0.2745
vn -0.1333 -0.7693 -0.6248
vn -0.2955 0.1851 -0.9373
vn -0.7824 -0.2057 0.5878
vn -0.7714 -0.2391 0.5898
vn -0.7326 -0.4339 0.5244
vn -0.7114 -0.5184 0.4745
vn -0.6662 -0.7116 0.2232
vn -0.6565 -0.7348 -0.1704
vn -0.6738 -0.6247 -0.3945
vn -0.7613 0.0260 -0.6479
vn -0.9643 -0.2649 -0.0064
vn -0.9801 -0.1983 0.0026
vn -0.9834 -0.1808 0.0151
vn -0.9763 -0.2161 -0.0085
vn -0.9773 -0.2119 -0.0041
vn -0.9773 -0.2119 -0.0040
vn -0.9782 -0.2079 0.0011
vn -0.9782 -0.2078 0.0010
vn -0.9781 -0.2080 0.0018
vn -0.9737 -0.2270 0.0206
vn -0.9856 -0.1683 0.0135
vn -0.7666 -0.2412 -0.5951
vn -0.8083 -0.0723 -0.5844
vn -0.8561 0.1514 -0.4941
vn -0.8569 0.1724 -0.4858
vn -0.8979 0.3793 -0.2233
vn -0.8991 0.4055 0.1646
vn -0.8614 0.2564 0.4384
vn -0.6962 -0.2615 0.6685
vn -0.2778 -0.1474 -0.9493
vn -0.3305 0.0856 -0.9399
vn -0.4052 0.4330 -0.8052
vn -0.4131 0.4866 -0.7698
vn -0.4772 0.8038 -0.3552
vn -0.4808 0.8391 0.2544
vn -0.4256 0.6051 0.6729
vn -0.2061 -0.2278 0.9517
vt 0.663543 0.276221
vt 0.658119 0.310373
vt 0.657089 0.310240
vt 0.660004 0.275426
vt 0.656052 0.310177
vt 0.656553 0.273990
vt 0.655018 0.310181
vt 0.653158 0.272089
vt 0.653980 0.310260
vt 0.649227 0.270462
vt 0.652952 0.310428
vt 0.644631 0.269743
vt 0.683537 0.275906
vt 0.663066 0.312062
vt 0.662079 0.311558
vt 0.678925 0.275162
vt 0.661128 0.311152
vt 0.674700 0.275500
vt 0.660146 0.310828
vt 0.670882 0.276259
vt 0.653467 0.313590
vt 0.652537 0.313122
vt 0.652061 0.312196
vt 0.652219 0.311167
vt 0.654909 0.310729
vt 0.655386 0.311655
vt 0.655227 0.312684
vt 0.654494 0.313423
vt 0.659141 0.310566
vt 0.667154 0.276558
vt 0.696295 0.069335
vt 0.700824 0.040199
vt 0.704575 0.041805
vt 0.700732 0.069896
vt 0.695563 0.100402
vt 0.691452 0.099785
vt 0.691234 0.127491
vt 0.687164 0.126884
vt 0.686694 0.153424
vt 0.683056 0.152854
vt 0.681604 0.184873
vt 0.678096 0.184213
vt 0.676604 0.217041
vt 0.673015 0.216337
vt 0.672323 0.239938
vt 0.669369 0.239388
vt 0.706756 0.041420
vt 0.708538 0.041132
vt 0.705246 0.070199
vt 0.699779 0.100972
vt 0.695291 0.128033
vt 0.690406 0.154012
vt 0.685063 0.185676
vt 0.680058 0.217980
vt 0.675113 0.240768
vt 0.712650 0.038638
vt 0.709875 0.070366
vt 0.704163 0.101551
vt 0.699336 0.128564
vt 0.694252 0.154631
vt 0.688574 0.186594
vt 0.683458 0.219079
vt 0.677913 0.241871
vt 0.716614 0.035565
vt 0.714658 0.070571
vt 0.708752 0.102238
vt 0.703378 0.129168
vt 0.698294 0.155309
vt 0.692325 0.187507
vt 0.687023 0.220192
vt 0.681174 0.242900
vt 0.720379 0.033159
vt 0.719672 0.070978
vt 0.713470 0.103114
vt 0.707579 0.129948
vt 0.702476 0.156064
vt 0.696434 0.188317
vt 0.691150 0.221231
vt 0.684983 0.243654
vt 0.687335 0.027697
vt 0.688394 0.027353
vt 0.678372 0.064821
vt 0.673503 0.063659
vt 0.684648 0.027579
vt 0.674235 0.096775
vt 0.669476 0.096152
vt 0.671035 0.124051
vt 0.666798 0.123498
vt 0.667804 0.150486
vt 0.663593 0.149914
vt 0.663545 0.182955
vt 0.659387 0.182458
vt 0.658501 0.215681
vt 0.654255 0.215395
vt 0.657056 0.239085
vt 0.653202 0.238627
vt 0.682992 0.066100
vt 0.691825 0.028090
vt 0.678814 0.097539
vt 0.675067 0.124724
vt 0.671858 0.151089
vt 0.667395 0.183245
vt 0.662236 0.215723
vt 0.660476 0.239113
vt 0.694828 0.030979
vt 0.687473 0.067369
vt 0.683165 0.098342
vt 0.679079 0.125468
vt 0.675707 0.151687
vt 0.671017 0.183454
vt 0.665809 0.215726
vt 0.663480 0.238928
vt 0.697723 0.035473
vt 0.691891 0.068478
vt 0.687351 0.099102
vt 0.683104 0.126205
vt 0.679420 0.152273
vt 0.674555 0.183758
vt 0.669384 0.215899
vt 0.666390 0.238999
vt 0.700582 0.039953
vt 0.660762 0.275304
vt 0.657096 0.274585
vt 0.656463 0.310363
vt 0.657522 0.310431
vt 0.653483 0.273186
vt 0.655399 0.310366
vt 0.649884 0.271286
vt 0.654340 0.310438
vt 0.645661 0.269664
vt 0.653291 0.310599
vt 0.685227 0.276217
vt 0.680657 0.274482
vt 0.662551 0.311816
vt 0.663539 0.312353
vt 0.676189 0.273864
vt 0.661592 0.311394
vt 0.672026 0.274297
vt 0.660609 0.311044
vt 0.668209 0.275149
vt 0.659600 0.310777
vt 0.654836 0.313665
vt 0.655590 0.312918
vt 0.655761 0.311871
vt 0.655283 0.310924
vt 0.652537 0.311346
vt 0.652367 0.312393
vt 0.652844 0.313341
vt 0.653788 0.313827
vt 0.664456 0.275548
vt 0.658569 0.310562
vt 0.698893 0.043840
vt 0.694235 0.067954
vt 0.698606 0.068586
vt 0.702654 0.045571
vt 0.701701 0.045283
vt 0.689223 0.098203
vt 0.693310 0.098831
vt 0.684995 0.125148
vt 0.689038 0.125753
vt 0.680799 0.151058
vt 0.684444 0.151634
vt 0.675716 0.182466
vt 0.679222 0.183156
vt 0.670409 0.214501
vt 0.674002 0.215201
vt 0.666986 0.237736
vt 0.669990 0.238287
vt 0.706822 0.044681
vt 0.704503 0.045161
vt 0.703038 0.068962
vt 0.697496 0.099414
vt 0.693068 0.126290
vt 0.688165 0.152225
vt 0.682681 0.183991
vt 0.677452 0.216130
vt 0.672829 0.239124
vt 0.708600 0.043731
vt 0.707575 0.069208
vt 0.711128 0.042036
vt 0.701846 0.100005
vt 0.697088 0.126813
vt 0.692022 0.152845
vt 0.686189 0.184944
vt 0.680834 0.217205
vt 0.675694 0.240245
vt 0.712247 0.069490
vt 0.715366 0.038499
vt 0.706395 0.100702
vt 0.701105 0.127404
vt 0.696076 0.153519
vt 0.689940 0.185902
vt 0.684365 0.218278
vt 0.679053 0.241293
vt 0.717039 0.069965
vt 0.719281 0.035866
vt 0.711071 0.101582
vt 0.705120 0.128141
vt 0.700275 0.154267
vt 0.693960 0.186739
vt 0.688145 0.219191
vt 0.682923 0.242077
vt 0.721909 0.070679
vt 0.722962 0.035067
vt 0.715765 0.102666
vt 0.709069 0.129034
vt 0.704588 0.155098
vt 0.698064 0.187430
vt 0.692011 0.219863
vt 0.686829 0.242462
vt 0.688290 0.029730
vt 0.686855 0.028701
vt 0.676310 0.063050
vt 0.681018 0.064452
vt 0.690197 0.030263
vt 0.672031 0.095142
vt 0.676616 0.095916
vt 0.668887 0.122277
vt 0.673000 0.122979
vt 0.665517 0.148656
vt 0.669586 0.149271
vt 0.661099 0.181096
vt 0.665018 0.181415
vt 0.655577 0.213821
vt 0.659589 0.213878
vt 0.654461 0.237365
vt 0.657964 0.237443
vt 0.685498 0.065818
vt 0.693136 0.033618
vt 0.680963 0.096733
vt 0.676973 0.123726
vt 0.673441 0.149878
vt 0.668638 0.181652
vt 0.663186 0.213885
vt 0.661008 0.237271
vt 0.689885 0.067016
vt 0.695902 0.038742
vt 0.685139 0.097506
vt 0.680965 0.124466
vt 0.677158 0.150472
vt 0.672176 0.181983
vt 0.666773 0.214061
vt 0.663963 0.237348
vt 0.698120 0.042849
s 1
usemtl moth
f 1109/946/923 1092/947/923 1093/948/923 1110/949/923
f 1110/949/924 1093/948/924 1094/950/924 1118/951/924
f 1118/951/925 1094/950/925 1095/952/925 1126/953/925
f 1126/953/926 1095/952/926 1096/954/926 1134/955/926
f 1134/955/927 1096/954/927 1097/956/927 1142/957/927
f 1142/958/928 1097/959/928 1098/960/928 1150/961/928
f 1150/961/929 1098/960/929 1099/962/929 1158/963/929
f 1158/963/930 1099/962/930 1100/964/930 1166/965/930
f 1101/966/931 1100/967/931 1099/968/931 1098/969/931 1097/956/931 1096/954/931 1095/970/931 1094/971/931 1093/972/931 1092/973/931
f 1166/965/932 1100/964/932 1101/974/932 1174/975/932
f 1174/975/933 1101/974/933 1092/947/933 1109/946/933
f 1102/976/934 1276/977/934 1280/978/934 1181/979/934
f 1181/979/935 1180/980/935 1103/981/935 1102/976/935
f 1180/980/936 1179/982/936 1104/983/936 1103/981/936
f 1179/982/937 1178/984/937 1105/985/937 1104/983/937
f 1178/984/938 1177/986/938 1106/987/938 1105/985/938
f 1177/986/939 1176/988/939 1107/989/939 1106/987/939
f 1176/988/940 1175/990/940 1108/991/940 1107/989/940
f 1175/990/941 1174/975/941 1109/946/941 1108/991/941
f 1280/978/942 1274/992/942 1272/993/942 1173/994/942 1181/979/942
f 1173/994/943 1172/995/943 1180/980/943 1181/979/943
f 1172/995/944 1171/996/944 1179/982/944 1180/980/944
f 1171/996/945 1170/997/945 1178/984/945 1179/982/945
f 1170/997/946 1169/998/946 1177/986/946 1178/984/946
f 1169/998/947 1168/999/947 1176/988/947 1177/986/947
f 1168/999/948 1167/1000/948 1175/990/948 1176/988/948
f 1167/1000/949 1166/965/949 1174/975/949 1175/990/949
f 1273/1001/950 1165/1002/950 1173/994/950 1272/993/950
f 1165/1002/951 1164/1003/951 1172/995/951 1173/994/951
f 1164/1003/952 1163/1004/952 1171/996/952 1172/995/952
f 1163/1004/953 1162/1005/954 1170/997/955 1171/996/953
f 1162/1005/954 1161/1006/956 1169/998/957 1170/997/955
f 1161/1006/956 1160/1007/958 1168/999/958 1169/998/957
f 1160/1007/959 1159/1008/959 1167/1000/959 1168/999/959
f 1159/1008/960 1158/963/960 1166/965/960 1167/1000/960
f 1275/1009/961 1157/1010/961 1165/1002/961 1273/1001/961
f 1157/1010/962 1156/1011/962 1164/1003/962 1165/1002/962
f 1156/1011/963 1155/1012/963 1163/1004/963 1164/1003/963
f 1155/1012/964 1154/1013/964 1162/1005/964 1163/1004/964
f 1154/1013/965 1153/1014/965 1161/1006/965 1162/1005/965
f 1153/1014/966 1152/1015/966 1160/1007/966 1161/1006/966
f 1152/1015/967 1151/1016/967 1159/1008/967 1160/1007/967
f 1151/1016/968 1150/961/968 1158/963/968 1159/1008/968
f 1279/1017/969 1149/1018/969 1157/1010/969 1275/1009/969
f 1149/1018/970 1148/1019/970 1156/1011/970 1157/1010/970
f 1148/1019/971 1147/1020/971 1155/1012/971 1156/1011/971
f 1147/1020/972 1146/1021/972 1154/1013/972 1155/1012/972
f 1146/1021/973 1145/1022/973 1153/1014/973 1154/1013/973
f 1145/1022/974 1144/1023/974 1152/1015/974 1153/1014/974
f 1144/1023/975 1143/1024/975 1151/1016/975 1152/1015/975
f 1143/1024/976 1142/958/976 1150/961/976 1151/1016/976
f 1278/1025/977 1297/1026/977 1141/1027/977 1149/1028/977 1279/1029/977
f 1141/1027/978 1140/1030/978 1148/1031/978 1149/1028/978
f 1140/1030/979 1139/1032/979 1147/1033/979 1148/1031/979
f 1139/1032/980 1138/1034/980 1146/1035/980 1147/1033/980
f 1138/1034/981 1137/1036/981 1145/1037/981 1146/1035/981
f 1137/1036/982 1136/1038/982 1144/1039/982 1145/1037/982
f 1136/1038/983 1135/1040/983 1143/1041/983 1144/1039/983
f 1135/1040/984 1134/955/984 1142/957/984 1143/1041/984
f 1133/1042/985 1141/1027/985 1297/1026/985 1296/1043/985
f 1133/1042/986 1132/1044/986 1140/1030/986 1141/1027/986
f 1132/1044/987 1131/1045/987 1139/1032/987 1140/1030/987
f 1131/1045/988 1130/1046/988 1138/1034/988 1139/1032/988
f 1130/1046/989 1129/1047/989 1137/1036/989 1138/1034/989
f 1129/1047/990 1128/1048/990 1136/1038/990 1137/1036/990
f 1128/1048/991 1127/1049/991 1135/1040/991 1136/1038/991
f 1127/1049/992 1126/953/992 1134/955/992 1135/1040/992
f 1133/1042/993 1296/1043/993 1298/1050/993 1125/1051/993
f 1125/1051/994 1124/1052/994 1132/1044/994 1133/1042/994
f 1124/1052/995 1123/1053/995 1131/1045/995 1132/1044/995
f 1123/1053/996 1122/1054/997 1130/1046/998 1131/1045/996
f 1122/1054/997 1121/1055/999 1129/1047/1000 1130/1046/998
f 1121/1055/999 1120/1056/1001 1128/1048/1001 1129/1047/1000
f 1120/1056/1002 1119/1057/1002 1127/1049/1002 1128/1048/1002
f 1119/1057/1003 1118/951/1003 1126/953/1003 1127/1049/1003
f 1125/1051/1004 1298/1050/1004 1299/1058/1004 1117/1059/1004
f 1117/1059/1005 1116/1060/1005 1124/1052/1005 1125/1051/1005
f 1116/1060/1006 1115/1061/1006 1123/1053/1006 1124/1052/1006
f 1115/1061/1007 1114/1062/1007 1122/1054/1007 1123/1053/1007
f 1114/1062/1008 1113/1063/1008 1121/1055/1008 1122/1054/1008
f 1113/1063/1009 1112/1064/1009 1120/1056/1009 1121/1055/1009
f 1112/1064/1010 1111/1065/1010 1119/1057/1010 1120/1056/1010
f 1111/1065/1011 1110/949/1011 1118/951/1011 1119/1057/1011
f 1277/1066/1012 1276/977/1012 1102/976/1012 1117/1059/1012 1299/1058/1012
f 1102/976/1013 1103/981/1013 1116/1060/1013 1117/1059/1013
f 1103/981/1014 1104/983/1014 1115/1061/1014 1116/1060/1014
f 1104/983/1015 1105/985/1015 1114/1062/1015 1115/1061/1015
f 1105/985/1016 1106/987/1016 1113/1063/1016 1114/1062/1016
f 1106/987/1017 1107/989/1017 1112/1064/1017 1113/1063/1017
f 1107/989/1018 1108/991/1018 1111/1065/1018 1112/1064/1018
f 1108/991/1019 1109/946/1019 1110/949/1019 1111/1065/1019
f 1199/1067/1020 1200/1068/1020 1183/1069/1020 1182/1070/1020
f 1200/1068/1021 1208/1071/1021 1184/1072/1021 1183/1069/1021
f 1208/1071/1022 1216/1073/1022 1185/1074/1022 1184/1072/1022
f 1216/1073/1023 1224/1075/1023 1186/1076/1023 1185/1074/1023
f 1224/1077/1024 1232/1078/1024 1187/1079/1024 1186/1080/1024
f 1232/1078/1025 1240/1081/1025 1188/1082/1025 1187/1079/1025
f 1240/1081/1026 1248/1083/1026 1189/1084/1026 1188/1082/1026
f 1248/1083/1027 1256/1085/1027 1190/1086/1027 1189/1084/1027
f 1191/1087/1028 1182/1088/1028 1183/1089/1028 1184/1090/1028 1185/1074/1028 1186/1076/1028 1187/1091/1028 1188/1092/1028 1189/1093/1028 1190/1094/1028
f 1256/1085/1029 1264/1095/1029 1191/1096/1029 1190/1086/1029
f 1264/1095/1030 1199/1067/1030 1182/1070/1030 1191/1096/1030
f 1292/1097/1031 1192/1098/1031 1271/1099/1031 1287/1100/1031 1286/1101/1031
f 1271/1099/1032 1192/1098/1032 1193/1102/1032 1270/1103/1032
f 1270/1103/1033 1193/1102/1033 1194/1104/1033 1269/1105/1033
f 1269/1105/1034 1194/1104/1034 1195/1106/1034 1268/1107/1034
f 1268/1107/1035 1195/1106/1035 1196/1108/1035 1267/1109/1035
f 1267/1109/1036 1196/1108/1036 1197/1110/1036 1266/1111/1036
f 1266/1111/1037 1197/1110/1037 1198/1112/1037 1265/1113/1037
f 1265/1113/1038 1198/1112/1038 1199/1067/1038 1264/1095/1038
f 1290/1114/1039 1288/1115/1039 1287/1100/1039 1271/1099/1039 1263/1116/1039
f 1263/1116/1040 1271/1099/1040 1270/1103/1040 1262/1117/1040
f 1262/1117/1041 1270/1103/1041 1269/1105/1041 1261/1118/1041
f 1261/1118/1042 1269/1105/1042 1268/1107/1042 1260/1119/1042
f 1260/1119/1043 1268/1107/1043 1267/1109/1043 1259/1120/1043
f 1259/1120/1044 1267/1109/1044 1266/1111/1044 1258/1121/1044
f 1258/1121/1045 1266/1111/1045 1265/1113/1045 1257/1122/1045
f 1257/1122/1046 1265/1113/1046 1264/1095/1046 1256/1085/1046
f 1289/1123/1047 1290/1114/1047 1263/1116/1047 1255/1124/1047 1293/1125/1047
f 1255/1124/1048 1263/1116/1048 1262/1117/1048 1254/1126/1048
f 1254/1126/1049 1262/1117/1049 1261/1118/1049 1253/1127/1049
f 1253/1127/1050 1261/1118/1050 1260/1119/1051 1252/1128/1052
f 1252/1128/1052 1260/1119/1051 1259/1120/1053 1251/1129/1054
f 1251/1129/1054 1259/1120/1053 1258/1121/1055 1250/1130/1055
f 1250/1130/1056 1258/1121/1056 1257/1122/1056 1249/1131/1056
f 1249/1131/1057 1257/1122/1057 1256/1085/1057 1248/1083/1057
f 1293/1125/1058 1255/1124/1058 1247/1132/1058 1294/1133/1058
f 1247/1132/1059 1255/1124/1059 1254/1126/1059 1246/1134/1059
f 1246/1134/1060 1254/1126/1060 1253/1127/1060 1245/1135/1060
f 1245/1135/1061 1253/1127/1061 1252/1128/1061 1244/1136/1061
f 1244/1136/1062 1252/1128/1062 1251/1129/1062 1243/1137/1062
f 1243/1137/1063 1251/1129/1063 1250/1130/1063 1242/1138/1063
f 1242/1138/1064 1250/1130/1064 1249/1131/1064 1241/1139/1064
f 1241/1139/1065 1249/1131/1065 1248/1083/1065 1240/1081/1065
f 1247/1132/1066 1239/1140/1066 1295/1141/1066 1294/1133/1066
f 1239/1140/1067 1247/1132/1067 1246/1134/1067 1238/1142/1067
f 1238/1142/1068 1246/1134/1068 1245/1135/1068 1237/1143/1068
f 1237/1143/1069 1245/1135/1069 1244/1136/1069 1236/1144/1069
f 1236/1144/1070 1244/1136/1070 1243/1137/1070 1235/1145/1070
f 1235/1145/1071 1243/1137/1071 1242/1138/1071 1234/1146/1071
f 1234/1146/1072 1242/1138/1072 1241/1139/1072 1233/1147/1072
f 1233/1147/1073 1241/1139/1073 1240/1081/1073 1232/1078/1073
f 1239/1140/1074 1231/1148/1074 1291/1149/1074 1295/1141/1074
f 1231/1148/1075 1239/1140/1075 1238/1142/1075 1230/1150/1075
f 1230/1150/1076 1238/1142/1076 1237/1143/1076 1229/1151/1076
f 1229/1151/1077 1237/1143/1077 1236/1144/1077 1228/1152/1077
f 1228/1152/1078 1236/1144/1078 1235/1145/1078 1227/1153/1078
f 1227/1153/1079 1235/1145/1079 1234/1146/1079 1226/1154/1079
f 1226/1154/1080 1234/1146/1080 1233/1147/1080 1225/1155/1080
f 1225/1155/1081 1233/1147/1081 1232/1078/1081 1224/1077/1081
f 1282/1156/1082 1291/1157/1082 1231/1158/1082 1223/1159/1082 1281/1160/1082
f 1223/1159/1083 1231/1158/1083 1230/1161/1083 1222/1162/1083
f 1222/1162/1084 1230/1161/1084 1229/1163/1084 1221/1164/1084
f 1221/1164/1085 1229/1163/1085 1228/1165/1085 1220/1166/1085
f 1220/1166/1086 1228/1165/1086 1227/1167/1086 1219/1168/1086
f 1219/1168/1087 1227/1167/1087 1226/1169/1087 1218/1170/1087
f 1218/1170/1088 1226/1169/1088 1225/1171/1088 1217/1172/1088
f 1217/1172/1089 1225/1171/1089 1224/1075/1089 1216/1073/1089
f 1281/1160/1090 1223/1159/1090 1215/1173/1090 1285/1174/1090
f 1215/1173/1091 1223/1159/1091 1222/1162/1091 1214/1175/1091
f 1214/1175/1092 1222/1162/1092 1221/1164/1092 1213/1176/1092
f 1213/1176/1093 1221/1164/1093 1220/1166/1094 1212/1177/1095
f 1212/1177/1095 1220/1166/1094 1219/1168/1096 1211/1178/1097
f 1211/1178/1097 1219/1168/1096 1218/1170/1098 1210/1179/1098
f 1210/1179/1099 1218/1170/1099 1217/1172/1099 1209/1180/1099
f 1209/1180/1100 1217/1172/1100 1216/1073/1100 1208/1071/1100
f 1285/1174/1101 1215/1173/1101 1207/1181/1101 1284/1182/1101
f 1207/1181/1102 1215/1173/1102 1214/1175/1102 1206/1183/1102
f 1206/1183/1103 1214/1175/1103 1213/1176/1103 1205/1184/1103
f 1205/1184/1104 1213/1176/1104 1212/1177/1104 1204/1185/1104
f 1204/1185/1105 1212/1177/1105 1211/1178/1105 1203/1186/1105
f 1203/1186/1106 1211/1178/1106 1210/1179/1106 1202/1187/1106
f 1202/1187/1107 1210/1179/1107 1209/1180/1107 1201/1188/1107
f 1201/1188/1108 1209/1180/1108 1208/1071/1108 1200/1068/1108
f 1284/1182/1109 1207/1181/1109 1192/1098/1109 1292/1097/1109 1283/1189/1109
f 1192/1098/1110 1207/1181/1110 1206/1183/1110 1193/1102/1110
f 1193/1102/1111 1206/1183/1111 1205/1184/1111 1194/1104/1111
f 1194/1104/1112 1205/1184/1112 1204/1185/1112 1195/1106/1112
f 1195/1106/1113 1204/1185/1113 1203/1186/1113 1196/1108/1113
f 1196/1108/1114 1203/1186/1114 1202/1187/1114 1197/1110/1114
f 1197/1110/1115 1202/1187/1115 1201/1188/1115 1198/1112/1115
f 1198/1112/1116 1201/1188/1116 1200/1068/1116 1199/1067/1116
o Plane
v -0.132810 1.603317 -0.173371
v -0.404658 1.096920 -0.231087
v -0.786494 0.138815 -0.364509
v -0.606541 0.845952 -0.323960
v -0.078372 1.624277 -0.114145
v -0.834216 0.597103 -0.381080
v -0.061616 1.608539 -0.044685
v -0.890811 0.341541 -0.376078
v -0.028321 1.594727 -0.187032
v -0.166860 0.087873 -0.409858
v -0.034490 1.620670 -0.124456
v -0.045349 1.607201 -0.053801
v -0.261405 1.319264 -0.202580
v -0.047514 1.301679 -0.223964
v -0.061659 1.068721 -0.261714
v -0.069583 0.801806 -0.367392
v -0.081902 0.535253 -0.439723
v -0.103444 0.276808 -0.437505
v -0.200111 1.414562 -0.193843
v -0.164620 1.478536 -0.189486
v -0.152085 1.544397 -0.189290
v -0.031043 1.534445 -0.203872
v -0.036408 1.467995 -0.204611
v -0.040998 1.401481 -0.211234
v -0.380906 0.068809 -0.401306
v -0.585911 0.085663 -0.395742
v -0.100644 1.600673 -0.184936
v -0.073366 1.598430 -0.189353
v -0.065402 1.623211 -0.122643
v -0.054288 1.622297 -0.127036
v -0.057087 1.603478 -0.036239
v -0.050329 1.602923 -0.040757
v -0.132048 1.308629 -0.225143
v -0.193470 1.313678 -0.220496
v -0.192327 1.079464 -0.261493
v -0.294424 1.087858 -0.256561
v -0.273478 0.818569 -0.365502
v -0.433483 0.831724 -0.360263
v -0.363501 0.558404 -0.435581
v -0.590741 0.577086 -0.429889
v -0.396571 0.300908 -0.432873
v -0.635668 0.320565 -0.427072
v -0.082963 1.538714 -0.206119
v -0.114673 1.541321 -0.201695
v -0.090782 1.472465 -0.206769
v -0.124839 1.475265 -0.202326
v -0.106220 1.406843 -0.213035
v -0.150170 1.410456 -0.208518
v -0.146942 1.576621 -0.185540
v -0.497672 0.970784 -0.274451
v -0.054565 1.197741 -0.235232
v -0.690614 0.098927 -0.378974
v -0.729834 0.722305 -0.361121
v -0.043335 1.364046 -0.216819
v -0.105406 1.619749 -0.148829
v -0.887104 0.468587 -0.383950
v -0.323631 1.219862 -0.209791
v -0.065298 1.617845 -0.075029
v -0.052742 1.596735 -0.188688
v -0.855295 0.225115 -0.365995
v -0.045304 1.621559 -0.126341
v -0.048152 1.603339 -0.042183
v -0.040217 1.615783 -0.084674
v -0.030255 1.613570 -0.160780
v -0.120175 0.164678 -0.423203
v -0.066102 0.935303 -0.310905
v -0.074527 0.668430 -0.412788
v -0.091951 0.403215 -0.445802
v -0.226208 1.316370 -0.212720
v -0.348013 1.092264 -0.245761
v -0.517609 0.838640 -0.345134
v -0.709496 0.586850 -0.409757
v -0.760284 0.330810 -0.406065
v -0.223569 1.378864 -0.197903
v -0.180112 1.446364 -0.190884
v -0.156272 1.511295 -0.189614
v -0.028891 1.566916 -0.199974
v -0.033717 1.501219 -0.204305
v -0.038828 1.434748 -0.206977
v -0.132304 1.542770 -0.196124
v -0.143649 1.476812 -0.196580
v -0.174010 1.412416 -0.202038
v -0.264163 0.063867 -0.402917
v -0.486008 0.077450 -0.401613
v -0.115794 1.601918 -0.179700
v -0.087971 1.599631 -0.188186
v -0.071485 1.623711 -0.118630
v -0.060357 1.622796 -0.125670
v -0.059616 1.604281 -0.034622
v -0.053605 1.603192 -0.039233
v -0.092255 1.305357 -0.224804
v -0.164004 1.311256 -0.224252
v -0.130054 1.074344 -0.261561
v -0.244908 1.083787 -0.260921
v -0.176246 0.810575 -0.366006
v -0.355793 0.825337 -0.365463
v -0.228543 0.547309 -0.436729
v -0.479980 0.567980 -0.436085
v -0.255812 0.289335 -0.434176
v -0.518968 0.310970 -0.433450
v -0.059167 1.536757 -0.205463
v -0.099906 1.540107 -0.205006
v -0.065770 1.470409 -0.206140
v -0.108905 1.473955 -0.205672
v -0.075886 1.404349 -0.212512
v -0.129341 1.408744 -0.212012
v -0.136026 1.442739 -0.204505
v -0.097756 1.439593 -0.208981
v -0.118364 1.508179 -0.202109
v -0.086177 1.505532 -0.206536
v -0.110465 1.573622 -0.197803
v -0.079500 1.571077 -0.202228
v -0.629498 0.447408 -0.435335
v -0.388342 0.427582 -0.441138
v -0.518161 0.704902 -0.404236
v -0.321576 0.688740 -0.409711
v -0.617193 0.200884 -0.412686
v -0.392061 0.182375 -0.418393
v -0.237547 1.212784 -0.230989
v -0.158425 1.206279 -0.235770
v -0.166700 1.374188 -0.213821
v -0.116057 1.370025 -0.218386
v -0.050561 1.616038 -0.085203
v -0.058023 1.616652 -0.080762
v -0.063402 1.616295 -0.163262
v -0.082591 1.617873 -0.158866
v -0.358763 0.959364 -0.304860
v -0.230284 0.948801 -0.309930
v -0.152024 0.942367 -0.310194
v -0.093287 1.618753 -0.154240
v -0.061608 1.617046 -0.077377
v -0.082060 1.367230 -0.217932
v -0.109143 1.202228 -0.235622
v -0.259986 0.172292 -0.419669
v -0.203475 0.679031 -0.410548
v -0.246081 0.415886 -0.442445
v -0.056298 1.569169 -0.201573
v -0.062118 1.503554 -0.205884
v -0.070503 1.437352 -0.208398
v -0.156971 1.444461 -0.198447
v -0.118004 1.441257 -0.207915
v -0.136239 1.509648 -0.196502
v -0.103362 1.506945 -0.205427
v -0.127662 1.575036 -0.192288
v -0.096043 1.572437 -0.201104
v -0.755275 0.457749 -0.414172
v -0.511829 0.437734 -0.441741
v -0.621227 0.713376 -0.386383
v -0.422521 0.697040 -0.409976
v -0.734215 0.211280 -0.393003
v -0.507363 0.191854 -0.418857
v -0.279275 1.216215 -0.221899
v -0.199319 1.209641 -0.235010
v -0.193960 1.376430 -0.206844
v -0.142568 1.372205 -0.217415
v -0.045732 1.615740 -0.084900
v -0.054505 1.616362 -0.083750
v -0.048314 1.615055 -0.162568
v -0.073771 1.617148 -0.162003
v -0.426282 0.964915 -0.292087
v -0.296419 0.954238 -0.309603
v 0.132810 1.603317 -0.173371
v 0.404658 1.096920 -0.231087
v 0.786494 0.138815 -0.364509
v 0.606541 0.845952 -0.323960
v 0.078372 1.624277 -0.114145
v 0.834216 0.597103 -0.381080
v 0.061616 1.608539 -0.044685
v 0.890811 0.341541 -0.376078
v 0.028321 1.594727 -0.187032
v 0.166860 0.087873 -0.409858
v 0.034490 1.620670 -0.124456
v 0.045349 1.607201 -0.053801
v 0.261405 1.319264 -0.202580
v 0.047514 1.301679 -0.223964
v 0.061659 1.068721 -0.261714
v 0.069583 0.801806 -0.367392
v 0.081902 0.535253 -0.439723
v 0.103444 0.276809 -0.437505
v 0.200111 1.414562 -0.193843
v 0.164620 1.478536 -0.189486
v 0.152085 1.544397 -0.189290
v 0.031043 1.534445 -0.203872
v 0.036408 1.467995 -0.204611
v 0.040998 1.401481 -0.211234
v 0.380906 0.068809 -0.401306
v 0.585911 0.085664 -0.395742
v 0.100644 1.600673 -0.184936
v 0.073366 1.598430 -0.189353
v 0.065402 1.623211 -0.122643
v 0.054288 1.622297 -0.127036
v 0.057087 1.603478 -0.036239
v 0.050329 1.602923 -0.040757
v 0.132048 1.308629 -0.225143
v 0.193470 1.313678 -0.220496
v 0.192327 1.079464 -0.261493
v 0.294424 1.087858 -0.256561
v 0.273478 0.818569 -0.365502
v 0.433483 0.831724 -0.360263
v 0.363501 0.558404 -0.435581
v 0.590741 0.577086 -0.429889
v 0.396571 0.300908 -0.432873
v 0.635668 0.320565 -0.427072
v 0.082963 1.538714 -0.206119
v 0.114673 1.541321 -0.201695
v 0.090782 1.472465 -0.206769
v 0.124839 1.475265 -0.202326
v 0.106220 1.406843 -0.213035
v 0.150170 1.410456 -0.208518
v 0.146942 1.576621 -0.185540
v 0.497672 0.970784 -0.274451
v 0.054565 1.197741 -0.235232
v 0.690614 0.098927 -0.378974
v 0.729834 0.722305 -0.361121
v 0.043335 1.364046 -0.216819
v 0.105405 1.619749 -0.148829
v 0.887104 0.468587 -0.383950
v 0.323631 1.219862 -0.209791
v 0.065298 1.617845 -0.075029
v 0.052742 1.596735 -0.188688
v 0.855295 0.225115 -0.365995
v 0.045304 1.621559 -0.126341
v 0.048152 1.603339 -0.042183
v 0.040217 1.615783 -0.084674
v 0.030255 1.613570 -0.160780
v 0.120175 0.164678 -0.423203
v 0.066102 0.935303 -0.310905
v 0.074527 0.668430 -0.412788
v 0.091951 0.403215 -0.445802
v 0.226208 1.316370 -0.212720
v 0.348013 1.092264 -0.245761
v 0.517609 0.838640 -0.345134
v 0.709496 0.586850 -0.409757
v 0.760284 0.330810 -0.406065
v 0.223569 1.378864 -0.197903
v 0.180112 1.446364 -0.190884
v 0.156272 1.511295 -0.189614
v 0.028891 1.566916 -0.199974
v 0.033717 1.501219 -0.204305
v 0.038828 1.434748 -0.206977
v 0.132303 1.542770 -0.196124
v 0.143649 1.476812 -0.196580
v 0.174009 1.412416 -0.202038
v 0.264163 0.063867 -0.402917
v 0.486008 0.077450 -0.401613
v 0.115794 1.601918 -0.179700
v 0.087971 1.599631 -0.188186
v 0.071485 1.623711 -0.118630
v 0.060357 1.622796 -0.125670
v 0.059616 1.604281 -0.034622
v 0.053605 1.603192 -0.039233
v 0.092255 1.305357 -0.224804
v 0.164004 1.311256 -0.224252
v 0.130053 1.074344 -0.261561
v 0.244908 1.083787 -0.260921
v 0.176246 0.810575 -0.366006
v 0.355793 0.825337 -0.365463
v 0.228543 0.547309 -0.436729
v 0.479980 0.567980 -0.436085
v 0.255812 0.289335 -0.434176
v 0.518968 0.310970 -0.433450
v 0.059167 1.536757 -0.205463
v 0.099906 1.540107 -0.205006
v 0.065770 1.470409 -0.206140
v 0.108905 1.473955 -0.205672
v 0.075886 1.404349 -0.212512
v 0.129341 1.408744 -0.212012
v 0.136026 1.442739 -0.204505
v 0.097756 1.439593 -0.208981
v 0.118364 1.508179 -0.202109
v 0.086177 1.505532 -0.206536
v 0.110465 1.573622 -0.197803
v 0.079500 1.571077 -0.202228
v 0.629498 0.447408 -0.435335
v 0.388342 0.427582 -0.441138
v 0.518161 0.704902 -0.404236
v 0.321576 0.688740 -0.409711
v 0.617193 0.200884 -0.412686
v 0.392061 0.182375 -0.418393
v 0.237547 1.212784 -0.230989
v 0.158425 1.206279 -0.235770
v 0.166700 1.374188 -0.213821
v 0.116057 1.370025 -0.218386
v 0.050561 1.616038 -0.085203
v 0.058023 1.616652 -0.080762
v 0.063401 1.616295 -0.163262
v 0.082591 1.617873 -0.158866
v 0.358763 0.959364 -0.304860
v 0.230284 0.948801 -0.309930
v 0.152024 0.942367 -0.310194
v 0.093287 1.618753 -0.154240
v 0.061608 1.617046 -0.077377
v 0.082060 1.367230 -0.217932
v 0.109143 1.202228 -0.235622
v 0.259986 0.172292 -0.419669
v 0.203475 0.679031 -0.410548
v 0.246081 0.415886 -0.442445
v 0.056298 1.569169 -0.201573
v 0.062118 1.503554 -0.205884
v 0.070503 1.437352 -0.208398
v 0.156971 1.444461 -0.198447
v 0.118004 1.441257 -0.207915
v 0.136239 1.509648 -0.196502
v 0.103362 1.506945 -0.205427
v 0.127661 1.575036 -0.192288
v 0.096043 1.572437 -0.201104
v 0.755275 0.457749 -0.414172
v 0.511829 0.437734 -0.441741
v 0.621227 0.713376 -0.386383
v 0.422521 0.697039 -0.409976
v 0.734215 0.211281 -0.393003
v 0.507363 0.191854 -0.418857
v 0.279274 1.216215 -0.221899
v 0.199319 1.209641 -0.235010
v 0.193960 1.376430 -0.206844
v 0.142567 1.372205 -0.217415
v 0.045732 1.615740 -0.084900
v 0.054505 1.616362 -0.083750
v 0.048314 1.615055 -0.162568
v 0.073771 1.617148 -0.162003
v 0.426282 0.964915 -0.292087
v 0.296419 0.954238 -0.309603
vn 0.0214 0.3431 -0.9390
vn 0.0244 0.3426 -0.9392
vn 0.0245 0.3425 -0.9392
vn 0.0256 0.3415 -0.9395
vn 0.0230 0.3437 -0.9388
vn 0.0275 0.3851 -0.9225
vn 0.0218 0.3878 -0.9215
vn 0.0220 0.3877 -0.9215
vn 0.0291 0.3850 -0.9224
vn 0.0278 0.3850 -0.9225
vn -0.1133 0.8677 -0.4839
vn -0.1162 0.8765 -0.4672
vn 0.0066 0.9894 -0.1451
vn 0.0087 0.9902 -0.1397
vn 0.0076 0.9898 -0.1424
vn 0.0123 0.9879 -0.1546
vn 0.0122 0.9879 -0.1544
vn 0.1805 0.9765 0.1179
vn 0.1931 0.9757 0.1039
vn 0.4603 0.8591 0.2237
vn 0.3802 0.8900 0.2517
vn 0.0264 0.1385 -0.9900
vn 0.0437 0.1410 -0.9890
vn 0.0197 0.1059 -0.9942
vn 0.0322 0.1084 -0.9936
vn 0.0265 0.1060 -0.9940
vn 0.0214 0.1047 -0.9943
vn 0.0194 0.1058 -0.9942
vn 0.0191 0.1055 -0.9942
vn 0.0207 0.1036 -0.9944
vn 0.0137 0.1009 -0.9948
vn 0.0208 0.1037 -0.9944
vn 0.0175 0.1967 -0.9803
vn 0.0182 0.1980 -0.9800
vn 0.0174 0.1966 -0.9803
vn 0.0168 0.1953 -0.9806
vn -0.0186 -0.1221 -0.9923
vn -0.0315 -0.1218 -0.9921
vn -0.0192 -0.1221 -0.9923
vn -0.0061 -0.1218 -0.9925
vn -0.0317 -0.1218 -0.9920
vn -0.0268 -0.1514 -0.9881
vn -0.0332 -0.1514 -0.9879
vn -0.0326 -0.1514 -0.9879
vn -0.0200 -0.1512 -0.9883
vn -0.0094 -0.1502 -0.9886
vn 0.0265 0.3143 -0.9489
vn 0.0198 0.3164 -0.9484
vn 0.0120 0.3200 -0.9473
vn 0.0206 0.3161 -0.9485
vn 0.0117 0.3202 -0.9473
vn 0.0078 0.1929 -0.9812
vn -0.0024 0.1969 -0.9804
vn -0.0021 0.1968 -0.9804
vn 0.0183 0.1897 -0.9817
vn 0.0089 0.1926 -0.9812
vn 0.0075 0.0413 -0.9991
vn -0.0054 0.0438 -0.9990
vn -0.0171 0.0465 -0.9988
vn -0.0048 0.0437 -0.9990
vn -0.0173 0.0465 -0.9988
vn -0.0207 -0.0636 -0.9978
vn -0.0269 -0.0631 -0.9976
vn -0.0074 -0.0646 -0.9979
vn -0.0076 -0.0646 -0.9979
vn 0.0615 0.4149 -0.9078
vn 0.0910 0.4154 -0.9051
vn 0.0663 0.1138 -0.9913
vn 0.0372 0.1156 -0.9926
vn 0.0281 0.0100 -0.9996
vn 0.0273 0.0071 -0.9996
vn 0.0273 0.0070 -0.9996
vn 0.0567 0.0080 -0.9984
vn 0.0553 0.0057 -0.9985
vn 0.0553 0.0056 -0.9985
vn 0.0540 0.0033 -0.9985
vn 0.0264 0.0041 -0.9996
vn 0.0283 0.0626 -0.9976
vn 0.0534 0.0637 -0.9965
vn 0.0500 0.1195 -0.9916
vn 0.0287 0.1173 -0.9927
vn -0.2968 0.1800 -0.9378
vn -0.2687 0.1608 -0.9497
vn -0.2448 0.2300 -0.9419
vn -0.2756 0.2550 -0.9268
vn -0.1839 0.1233 -0.9752
vn -0.0496 0.0798 -0.9956
vn -0.0366 0.1348 -0.9902
vn -0.1574 0.1833 -0.9704
vn -0.3218 0.0495 -0.9455
vn -0.2966 0.0455 -0.9539
vn -0.2901 0.0655 -0.9548
vn -0.3163 0.0753 -0.9457
vn -0.2144 0.0354 -0.9761
vn -0.2070 0.0444 -0.9773
vn -0.2143 0.0356 -0.9761
vn -0.0634 0.0190 -0.9978
vn -0.0622 0.0178 -0.9979
vn -0.0622 0.0177 -0.9979
vn -0.0610 0.0166 -0.9980
vn -0.2069 0.0446 -0.9774
vn -0.2555 0.5050 -0.8245
vn -0.2381 0.4912 -0.8379
vn -0.2884 0.1527 -0.9453
vn -0.3127 0.1576 -0.9367
vn -0.1710 0.4684 -0.8668
vn -0.0306 0.4338 -0.9005
vn -0.0558 0.1257 -0.9905
vn -0.2075 0.1426 -0.9678
vn -0.2139 0.1094 -0.9707
vn -0.1587 0.0893 -0.9833
vn -0.1703 -0.0560 -0.9838
vn -0.2275 -0.0534 -0.9723
vn -0.0504 0.0563 -0.9971
vn 0.0080 0.0412 -0.9991
vn -0.0006 -0.0652 -0.9979
vn -0.0594 -0.0619 -0.9963
vn -0.1720 0.4352 -0.8838
vn -0.1268 0.4014 -0.9071
vn -0.1406 0.2724 -0.9519
vn -0.1904 0.3063 -0.9327
vn -0.0310 0.3439 -0.9385
vn 0.0270 0.3142 -0.9490
vn 0.0190 0.1894 -0.9817
vn -0.0386 0.2162 -0.9756
vn -0.2326 -0.1549 -0.9602
vn -0.1763 -0.1446 -0.9737
vn -0.1790 -0.1903 -0.9653
vn -0.2327 -0.2059 -0.9505
vn -0.0654 -0.1283 -0.9896
vn -0.0057 -0.1218 -0.9925
vn -0.0089 -0.1501 -0.9886
vn -0.0699 -0.1626 -0.9842
vn -0.2460 0.2196 -0.9441
vn -0.2018 0.1915 -0.9605
vn -0.1746 0.2759 -0.9452
vn -0.2208 0.3035 -0.9269
vn -0.1013 0.1430 -0.9845
vn -0.0214 0.1164 -0.9930
vn -0.0141 0.1088 -0.9940
vn -0.0136 0.1083 -0.9940
vn 0.0024 0.1995 -0.9799
vn -0.0738 0.2294 -0.9705
vn -0.2622 0.2732 -0.9255
vn -0.2278 0.2468 -0.9419
vn -0.2177 0.2059 -0.9541
vn -0.2570 0.2332 -0.9379
vn -0.1367 0.1986 -0.9705
vn -0.0271 0.1533 -0.9878
vn -0.0220 0.1171 -0.9929
vn -0.1215 0.1572 -0.9801
vn 0.0341 0.9905 0.1331
vn 0.0640 0.9880 0.1408
vn 0.0289 0.9591 0.2815
vn -0.0883 0.9603 0.2647
vn 0.1190 0.9836 0.1355
vn 0.1682 0.9778 0.1250
vn 0.3015 0.9159 0.2648
vn 0.1912 0.9420 0.2759
vn 0.1133 0.8077 -0.5786
vn 0.0886 0.8071 -0.5838
vn 0.1030 0.9779 -0.1817
vn 0.0911 0.9787 -0.1842
vn 0.0918 0.9786 -0.1840
vn 0.1035 0.9779 -0.1816
vn 0.0130 0.8253 -0.5646
vn -0.0830 0.8529 -0.5154
vn 0.0124 0.9879 -0.1548
vn 0.0530 0.9833 -0.1743
vn -0.1861 0.4371 -0.8799
vn -0.1414 0.4118 -0.9003
vn -0.1244 0.4574 -0.8805
vn -0.1680 0.4845 -0.8585
vn -0.0452 0.3692 -0.9283
vn 0.0211 0.3432 -0.9390
vn 0.0294 0.3850 -0.9224
vn -0.0309 0.4112 -0.9110
vn -0.0214 0.3431 -0.9391
vn -0.0256 0.3415 -0.9395
vn -0.0245 0.3425 -0.9392
vn -0.0244 0.3426 -0.9392
vn -0.0230 0.3437 -0.9388
vn -0.0275 0.3851 -0.9225
vn -0.0220 0.3877 -0.9215
vn -0.0218 0.3878 -0.9215
vn -0.0292 0.3850 -0.9224
vn -0.0277 0.3850 -0.9225
vn 0.1133 0.8677 -0.4839
vn 0.1162 0.8765 -0.4672
vn -0.0066 0.9894 -0.1451
vn -0.0076 0.9898 -0.1424
vn -0.0087 0.9902 -0.1397
vn -0.0123 0.9879 -0.1546
vn -0.0122 0.9879 -0.1544
vn -0.1805 0.9765 0.1179
vn -0.1931 0.9757 0.1039
vn -0.4603 0.8591 0.2237
vn -0.3802 0.8900 0.2517
vn -0.0264 0.1385 -0.9900
vn -0.0437 0.1410 -0.9890
vn -0.0197 0.1059 -0.9942
vn -0.0214 0.1047 -0.9943
vn -0.0265 0.1060 -0.9940
vn -0.0322 0.1084 -0.9936
vn -0.0194 0.1058 -0.9942
vn -0.0191 0.1056 -0.9942
vn -0.0137 0.1009 -0.9948
vn -0.0207 0.1036 -0.9944
vn -0.0208 0.1037 -0.9944
vn -0.0175 0.1967 -0.9803
vn -0.0174 0.1966 -0.9803
vn -0.0182 0.1980 -0.9800
vn -0.0168 0.1953 -0.9806
vn 0.0186 -0.1221 -0.9923
vn 0.0061 -0.1218 -0.9925
vn 0.0192 -0.1221 -0.9923
vn 0.0315 -0.1218 -0.9921
vn 0.0317 -0.1218 -0.9920
vn 0.0268 -0.1514 -0.9881
vn 0.0326 -0.1514 -0.9879
vn 0.0332 -0.1514 -0.9879
vn 0.0200 -0.1512 -0.9883
vn 0.0094 -0.1502 -0.9886
vn -0.0265 0.3143 -0.9489
vn -0.0206 0.3161 -0.9485
vn -0.0120 0.3200 -0.9473
vn -0.0198 0.3164 -0.9484
vn -0.0117 0.3202 -0.9473
vn -0.0078 0.1929 -0.9812
vn 0.0021 0.1968 -0.9804
vn 0.0024 0.1969 -0.9804
vn -0.0183 0.1897 -0.9817
vn -0.0089 0.1926 -0.9812
vn -0.0075 0.0413 -0.9991
vn 0.0048 0.0437 -0.9990
vn 0.0171 0.0465 -0.9988
vn 0.0054 0.0438 -0.9990
vn 0.0173 0.0465 -0.9988
vn 0.0207 -0.0636 -0.9978
vn 0.0269 -0.0631 -0.9976
vn 0.0074 -0.0646 -0.9979
vn 0.0076 -0.0646 -0.9979
vn -0.0615 0.4149 -0.9078
vn -0.0910 0.4154 -0.9051
vn -0.0663 0.1138 -0.9913
vn -0.0372 0.1156 -0.9926
vn -0.0281 0.0100 -0.9996
vn -0.0273 0.0070 -0.9996
vn -0.0273 0.0071 -0.9996
vn -0.0567 0.0080 -0.9984
vn -0.0553 0.0056 -0.9985
vn -0.0553 0.0057 -0.9985
vn -0.0540 0.0033 -0.9985
vn -0.0264 0.0041 -0.9996
vn -0.0283 0.0626 -0.9976
vn -0.0534 0.0637 -0.9965
vn -0.0500 0.1195 -0.9916
vn -0.0287 0.1173 -0.9927
vn 0.2968 0.1800 -0.9378
vn 0.2687 0.1608 -0.9497
vn 0.2448 0.2300 -0.9419
vn 0.2756 0.2550 -0.9268
vn 0.1839 0.1233 -0.9752
vn 0.0496 0.0798 -0.9956
vn 0.0366 0.1348 -0.9902
vn 0.1574 0.1833 -0.9704
vn 0.3218 0.0495 -0.9455
vn 0.2966 0.0455 -0.9539
vn 0.2901 0.0655 -0.9548
vn 0.3163 0.0753 -0.9457
vn 0.2144 0.0354 -0.9761
vn 0.2143 0.0356 -0.9761
vn 0.2070 0.0444 -0.9773
vn 0.0634 0.0190 -0.9978
vn 0.0622 0.0177 -0.9979
vn 0.0622 0.0178 -0.9979
vn 0.0610 0.0166 -0.9980
vn 0.2069 0.0446 -0.9774
vn 0.2555 0.5050 -0.8245
vn 0.2381 0.4912 -0.8379
vn 0.2884 0.1527 -0.9453
vn 0.3127 0.1576 -0.9367
vn 0.1710 0.4684 -0.8668
vn 0.0306 0.4338 -0.9005
vn 0.0558 0.1257 -0.9905
vn 0.2075 0.1426 -0.9678
vn 0.2139 0.1094 -0.9707
vn 0.1587 0.0893 -0.9833
vn 0.1703 -0.0560 -0.9838
vn 0.2275 -0.0534 -0.9723
vn 0.0504 0.0563 -0.9971
vn -0.0080 0.0412 -0.9991
vn 0.0006 -0.0652 -0.9979
vn 0.0594 -0.0619 -0.9963
vn 0.1720 0.4352 -0.8838
vn 0.1268 0.4014 -0.9071
vn 0.1406 0.2724 -0.9519
vn 0.1904 0.3063 -0.9327
vn 0.0310 0.3439 -0.9385
vn -0.0270 0.3142 -0.9490
vn -0.0190 0.1894 -0.9817
vn 0.0386 0.2162 -0.9756
vn 0.2326 -0.1549 -0.9602
vn 0.1763 -0.1446 -0.9737
vn 0.1790 -0.1903 -0.9653
vn 0.2327 -0.2059 -0.9505
vn 0.0654 -0.1283 -0.9896
vn 0.0057 -0.1218 -0.9925
vn 0.0089 -0.1501 -0.9886
vn 0.0699 -0.1626 -0.9842
vn 0.2460 0.2196 -0.9441
vn 0.2018 0.1915 -0.9605
vn 0.1746 0.2759 -0.9452
vn 0.2208 0.3035 -0.9269
vn 0.1013 0.1430 -0.9845
vn 0.0214 0.1164 -0.9930
vn 0.0136 0.1083 -0.9940
vn 0.0141 0.1088 -0.9940
vn -0.0024 0.1995 -0.9799
vn 0.0738 0.2294 -0.9705
vn 0.2622 0.2732 -0.9255
vn 0.2278 0.2468 -0.9419
vn 0.2177 0.2059 -0.9541
vn 0.2570 0.2332 -0.9379
vn 0.1367 0.1986 -0.9705
vn 0.0271 0.1533 -0.9878
vn 0.0220 0.1171 -0.9929
vn 0.1215 0.1572 -0.9801
vn -0.0341 0.9905 0.1331
vn -0.0640 0.9880 0.1408
vn -0.0289 0.9591 0.2815
vn 0.0882 0.9603 0.2647
vn -0.1190 0.9836 0.1355
vn -0.1683 0.9778 0.1250
vn -0.3016 0.9159 0.2648
vn -0.1912 0.9420 0.2759
vn -0.1133 0.8077 -0.5786
vn -0.0886 0.8071 -0.5838
vn -0.1030 0.9779 -0.1817
vn -0.0918 0.9786 -0.1840
vn -0.0911 0.9787 -0.1842
vn -0.1035 0.9779 -0.1816
vn -0.0130 0.8253 -0.5646
vn 0.0830 0.8529 -0.5154
vn -0.0124 0.9879 -0.1548
vn -0.0530 0.9833 -0.1743
vn 0.1861 0.4371 -0.8799
vn 0.1414 0.4118 -0.9003
vn 0.1244 0.4574 -0.8805
vn 0.1680 0.4845 -0.8585
vn 0.0452 0.3692 -0.9283
vn -0.0211 0.3432 -0.9390
vn -0.0294 0.3850 -0.9224
vn 0.0309 0.4112 -0.9110
vt 0.593924 0.443896
vt 0.593931 0.458321
vt 0.626600 0.455886
vt 0.626694 0.437833
vt 0.593956 0.474106
vt 0.626568 0.475678
vt 0.659761 0.477592
vt 0.659784 0.453062
vt 0.659901 0.430734
vt 0.471635 0.456311
vt 0.471123 0.452823
vt 0.463672 0.456742
vt 0.464350 0.459244
vt 0.470477 0.448772
vt 0.462877 0.453862
vt 0.454248 0.458851
vt 0.455058 0.460519
vt 0.455786 0.461990
vt 0.445422 0.461782
vt 0.446076 0.462692
vt 0.445019 0.460859
vt 0.437822 0.461146
vt 0.435346 0.461516
vt 0.435601 0.462168
vt 0.516257 0.458174
vt 0.516333 0.465194
vt 0.525046 0.464366
vt 0.524968 0.456519
vt 0.516412 0.473260
vt 0.525128 0.473304
vt 0.539584 0.473350
vt 0.539492 0.463028
vt 0.539399 0.453844
vt 0.563579 0.460849
vt 0.563493 0.449437
vt 0.563661 0.473449
vt 0.781983 0.412053
vt 0.782424 0.444315
vt 0.809433 0.445141
vt 0.809136 0.414817
vt 0.782817 0.479354
vt 0.808945 0.477253
vt 0.827483 0.467720
vt 0.834595 0.445799
vt 0.835238 0.419003
vt 0.691981 0.449487
vt 0.692011 0.422448
vt 0.692046 0.479119
vt 0.723241 0.479939
vt 0.723048 0.446246
vt 0.722906 0.415383
vt 0.753337 0.444521
vt 0.753016 0.411966
vt 0.753646 0.479939
vt 0.471875 0.462271
vt 0.471514 0.466758
vt 0.478303 0.466782
vt 0.478484 0.461667
vt 0.470945 0.472255
vt 0.477971 0.473020
vt 0.485549 0.473339
vt 0.485659 0.466868
vt 0.485682 0.461503
vt 0.493247 0.466801
vt 0.493186 0.461284
vt 0.493270 0.473375
vt 0.500974 0.473306
vt 0.500902 0.466497
vt 0.500815 0.460708
vt 0.508598 0.465919
vt 0.508515 0.459599
vt 0.508678 0.473257
vt 0.500097 0.443111
vt 0.500370 0.448202
vt 0.508008 0.445593
vt 0.507680 0.439984
vt 0.500584 0.452740
vt 0.508267 0.450637
vt 0.516003 0.447930
vt 0.515708 0.442228
vt 0.515328 0.435929
vt 0.500718 0.456505
vt 0.508420 0.454893
vt 0.516168 0.452816
vt 0.484951 0.445451
vt 0.485259 0.450197
vt 0.492785 0.449579
vt 0.492531 0.444738
vt 0.485491 0.454341
vt 0.492979 0.453851
vt 0.485622 0.457712
vt 0.493099 0.457353
vt 0.477952 0.450879
vt 0.477504 0.446275
vt 0.478297 0.454854
vt 0.471908 0.459123
vt 0.478476 0.458066
vt 0.720864 0.307321
vt 0.721819 0.336597
vt 0.751752 0.328266
vt 0.751175 0.297320
vt 0.722531 0.363869
vt 0.752263 0.357184
vt 0.781019 0.357533
vt 0.780693 0.328737
vt 0.780410 0.297993
vt 0.722810 0.388929
vt 0.752668 0.383867
vt 0.781479 0.384119
vt 0.657446 0.353662
vt 0.658910 0.374572
vt 0.691015 0.353988
vt 0.689678 0.328497
vt 0.659894 0.394087
vt 0.691929 0.377731
vt 0.660085 0.411882
vt 0.692127 0.399462
vt 0.807815 0.336002
vt 0.806888 0.307386
vt 0.808151 0.363207
vt 0.834402 0.371749
vt 0.833281 0.347208
vt 0.825840 0.324275
vt 0.808590 0.388387
vt 0.834748 0.394808
vt 0.538249 0.423411
vt 0.538733 0.431847
vt 0.562667 0.421121
vt 0.562003 0.410509
vt 0.539095 0.439605
vt 0.563151 0.431016
vt 0.593651 0.420117
vt 0.592952 0.407440
vt 0.591958 0.393949
vt 0.539289 0.446462
vt 0.563385 0.439943
vt 0.593902 0.431679
vt 0.524386 0.438299
vt 0.523969 0.431183
vt 0.524705 0.444777
vt 0.524877 0.450400
vt 0.455442 0.468982
vt 0.456113 0.466589
vt 0.446706 0.465582
vt 0.446554 0.466823
vt 0.456478 0.464589
vt 0.446879 0.464498
vt 0.436428 0.463807
vt 0.436727 0.464320
vt 0.439428 0.465158
vt 0.456325 0.463197
vt 0.446651 0.463570
vt 0.436170 0.463033
vt 0.464379 0.466874
vt 0.463667 0.470906
vt 0.464814 0.463559
vt 0.464780 0.461264
vt 0.625690 0.392318
vt 0.624368 0.375438
vt 0.626589 0.408139
vt 0.626810 0.422568
vt 0.593924 0.443982
vt 0.626694 0.437918
vt 0.626600 0.455971
vt 0.593931 0.458406
vt 0.626568 0.475764
vt 0.593956 0.474191
vt 0.659784 0.453148
vt 0.659760 0.477677
vt 0.659901 0.430820
vt 0.471635 0.456396
vt 0.464350 0.459329
vt 0.463672 0.456827
vt 0.471123 0.452908
vt 0.462877 0.453947
vt 0.470477 0.448857
vt 0.455058 0.460604
vt 0.454248 0.458936
vt 0.455786 0.462075
vt 0.446076 0.462778
vt 0.445422 0.461868
vt 0.445019 0.460945
vt 0.435346 0.461601
vt 0.437822 0.461231
vt 0.435600 0.462253
vt 0.516257 0.458260
vt 0.524968 0.456604
vt 0.525046 0.464451
vt 0.516333 0.465280
vt 0.525128 0.473389
vt 0.516412 0.473346
vt 0.539492 0.463114
vt 0.539584 0.473435
vt 0.539398 0.453929
vt 0.563493 0.449523
vt 0.563579 0.460934
vt 0.563661 0.473535
vt 0.781983 0.412139
vt 0.809136 0.414903
vt 0.809433 0.445226
vt 0.782424 0.444401
vt 0.808945 0.477339
vt 0.782817 0.479439
vt 0.834595 0.445884
vt 0.827483 0.467805
vt 0.835238 0.419089
vt 0.692011 0.422534
vt 0.691981 0.449573
vt 0.692046 0.479205
vt 0.723048 0.446332
vt 0.723240 0.480024
vt 0.722906 0.415469
vt 0.753016 0.412052
vt 0.753337 0.444606
vt 0.753646 0.480024
vt 0.471875 0.462356
vt 0.478484 0.461753
vt 0.478303 0.466867
vt 0.471514 0.466843
vt 0.477971 0.473105
vt 0.470945 0.472340
vt 0.485659 0.466953
vt 0.485549 0.473424
vt 0.485682 0.461588
vt 0.493186 0.461370
vt 0.493247 0.466887
vt 0.493270 0.473460
vt 0.500902 0.466583
vt 0.500974 0.473391
vt 0.500815 0.460793
vt 0.508515 0.459685
vt 0.508598 0.466005
vt 0.508678 0.473342
vt 0.500097 0.443196
vt 0.507680 0.440070
vt 0.508008 0.445679
vt 0.500370 0.448287
vt 0.508267 0.450723
vt 0.500584 0.452825
vt 0.515708 0.442313
vt 0.516003 0.448015
vt 0.515328 0.436014
vt 0.508420 0.454978
vt 0.500718 0.456591
vt 0.516168 0.452901
vt 0.484951 0.445537
vt 0.492531 0.444824
vt 0.492785 0.449664
vt 0.485259 0.450282
vt 0.492978 0.453937
vt 0.485491 0.454426
vt 0.493099 0.457438
vt 0.485622 0.457798
vt 0.477504 0.446360
vt 0.477951 0.450964
vt 0.478297 0.454939
vt 0.478476 0.458152
vt 0.471907 0.459209
vt 0.720864 0.307406
vt 0.751175 0.297405
vt 0.751752 0.328352
vt 0.721819 0.336683
vt 0.752263 0.357269
vt 0.722531 0.363954
vt 0.780693 0.328822
vt 0.781019 0.357619
vt 0.780410 0.298079
vt 0.752668 0.383953
vt 0.722810 0.389015
vt 0.781479 0.384205
vt 0.657446 0.353748
vt 0.689678 0.328582
vt 0.691015 0.354073
vt 0.658910 0.374658
vt 0.691929 0.377817
vt 0.659894 0.394172
vt 0.692127 0.399547
vt 0.660085 0.411967
vt 0.806888 0.307471
vt 0.807815 0.336088
vt 0.808151 0.363293
vt 0.833281 0.347293
vt 0.834402 0.371835
vt 0.825841 0.324361
vt 0.808590 0.388473
vt 0.834748 0.394893
vt 0.538249 0.423496
vt 0.562003 0.410594
vt 0.562667 0.421206
vt 0.538733 0.431933
vt 0.563151 0.431102
vt 0.539095 0.439691
vt 0.592952 0.407526
vt 0.593651 0.420203
vt 0.591958 0.394034
vt 0.563384 0.440028
vt 0.539289 0.446547
vt 0.593902 0.431764
vt 0.523968 0.431268
vt 0.524386 0.438385
vt 0.524705 0.444862
vt 0.524877 0.450485
vt 0.455442 0.469067
vt 0.446554 0.466908
vt 0.446706 0.465668
vt 0.456113 0.466674
vt 0.446879 0.464583
vt 0.456478 0.464674
vt 0.436727 0.464405
vt 0.436428 0.463892
vt 0.439428 0.465243
vt 0.446651 0.463655
vt 0.456324 0.463282
vt 0.436170 0.463118
vt 0.463667 0.470991
vt 0.464379 0.466959
vt 0.464813 0.463645
vt 0.464780 0.461349
vt 0.624368 0.375523
vt 0.625690 0.392404
vt 0.626589 0.408225
vt 0.626810 0.422654
s 1
usemtl moth
f 1334/1190/1117 1392/1191/1118 1428/1192/1119 1427/1193/1120
f 1392/1191/1118 1314/1194/1121 1365/1195/1121 1428/1192/1119
f 1428/1192/1122 1365/1195/1123 1315/1196/1123 1394/1197/1124
f 1427/1193/1125 1428/1192/1122 1394/1197/1124 1336/1198/1126
f 1326/1199/1127 1384/1200/1127 1429/1201/1127 1425/1202/1127
f 1384/1200/1128 1300/1203/1128 1354/1204/1128 1429/1201/1128
f 1429/1201/1129 1354/1204/1130 1304/1205/1130 1386/1206/1131
f 1425/1202/1132 1429/1201/1129 1386/1206/1131 1328/1207/1133
f 1328/1207/1134 1386/1206/1134 1430/1208/1134 1423/1209/1134
f 1386/1206/1135 1304/1205/1135 1357/1210/1135 1430/1208/1135
f 1430/1208/1136 1357/1210/1136 1306/1211/1136 1388/1212/1136
f 1423/1209/1137 1430/1208/1137 1388/1212/1137 1330/1213/1137
f 1346/1214/1138 1404/1215/1138 1431/1216/1138 1421/1217/1138
f 1404/1215/1139 1323/1218/1139 1353/1219/1139 1431/1216/1139
f 1431/1216/1140 1353/1219/1141 1313/1220/1142 1390/1221/1143
f 1421/1217/1144 1431/1216/1140 1390/1221/1143 1332/1222/1145
f 1332/1222/1145 1390/1221/1143 1432/1223/1146 1419/1224/1147
f 1390/1221/1143 1313/1220/1142 1350/1225/1148 1432/1223/1146
f 1432/1223/1149 1350/1225/1150 1314/1194/1150 1392/1191/1151
f 1419/1224/1152 1432/1223/1149 1392/1191/1151 1334/1190/1152
f 1340/1226/1153 1398/1227/1154 1433/1228/1155 1417/1229/1156
f 1398/1227/1154 1317/1230/1157 1364/1231/1157 1433/1228/1155
f 1433/1228/1158 1364/1231/1159 1309/1232/1159 1382/1233/1160
f 1417/1229/1161 1433/1228/1158 1382/1233/1160 1324/1234/1162
f 1336/1198/1163 1394/1197/1164 1434/1235/1165 1415/1236/1166
f 1394/1197/1164 1315/1196/1167 1366/1237/1167 1434/1235/1165
f 1434/1235/1168 1366/1237/1169 1316/1238/1169 1396/1239/1170
f 1415/1236/1171 1434/1235/1168 1396/1239/1170 1338/1240/1172
f 1338/1240/1173 1396/1239/1174 1435/1241/1175 1413/1242/1176
f 1396/1239/1174 1316/1238/1177 1367/1243/1177 1435/1241/1175
f 1435/1241/1178 1367/1243/1179 1317/1230/1179 1398/1227/1178
f 1413/1242/1180 1435/1241/1178 1398/1227/1178 1340/1226/1181
f 1327/1244/1182 1358/1245/1182 1436/1246/1182 1411/1247/1182
f 1358/1245/1183 1308/1248/1183 1376/1249/1183 1436/1246/1183
f 1436/1246/1184 1376/1249/1184 1321/1250/1184 1400/1251/1184
f 1411/1247/1185 1436/1246/1185 1400/1251/1185 1342/1252/1185
f 1342/1252/1186 1400/1251/1186 1437/1253/1187 1409/1254/1188
f 1400/1251/1189 1321/1250/1189 1377/1255/1190 1437/1253/1191
f 1437/1253/1191 1377/1255/1190 1322/1256/1192 1402/1257/1192
f 1409/1254/1188 1437/1253/1187 1402/1257/1193 1344/1258/1193
f 1344/1258/1194 1402/1257/1194 1438/1259/1194 1407/1260/1194
f 1402/1257/1195 1322/1256/1195 1378/1261/1195 1438/1259/1195
f 1438/1259/1196 1378/1261/1196 1323/1218/1196 1404/1215/1196
f 1407/1260/1197 1438/1259/1197 1404/1215/1197 1346/1214/1197
f 1319/1262/1198 1380/1263/1198 1439/1264/1198 1374/1265/1198
f 1380/1263/1199 1345/1266/1199 1406/1267/1199 1439/1264/1199
f 1439/1264/1200 1406/1267/1200 1347/1268/1200 1381/1269/1200
f 1374/1265/1201 1439/1264/1201 1381/1269/1201 1318/1270/1201
f 1345/1266/1202 1403/1271/1202 1440/1272/1202 1406/1267/1202
f 1403/1271/1203 1344/1258/1203 1407/1260/1203 1440/1272/1203
f 1440/1272/1204 1407/1260/1204 1346/1214/1204 1405/1273/1204
f 1406/1267/1205 1440/1272/1205 1405/1273/1205 1347/1268/1205
f 1320/1274/1206 1379/1275/1206 1441/1276/1206 1375/1277/1206
f 1379/1275/1207 1343/1278/1207 1408/1279/1207 1441/1276/1207
f 1441/1276/1208 1408/1279/1208 1345/1266/1208 1380/1263/1208
f 1375/1277/1209 1441/1276/1209 1380/1263/1209 1319/1262/1209
f 1343/1278/1210 1401/1280/1210 1442/1281/1211 1408/1279/1212
f 1401/1280/1213 1342/1252/1213 1409/1254/1214 1442/1281/1215
f 1442/1281/1215 1409/1254/1214 1344/1258/1216 1403/1271/1216
f 1408/1279/1212 1442/1281/1211 1403/1271/1217 1345/1266/1217
f 1300/1203/1218 1384/1200/1218 1443/1282/1218 1348/1283/1218
f 1384/1200/1219 1326/1199/1219 1410/1284/1219 1443/1282/1219
f 1443/1282/1220 1410/1284/1220 1343/1278/1220 1379/1275/1220
f 1348/1283/1221 1443/1282/1221 1379/1275/1221 1320/1274/1221
f 1326/1199/1222 1385/1285/1222 1444/1286/1222 1410/1284/1222
f 1385/1285/1223 1327/1244/1223 1411/1247/1223 1444/1286/1223
f 1444/1286/1224 1411/1247/1224 1342/1252/1224 1401/1280/1224
f 1410/1284/1225 1444/1286/1225 1401/1280/1225 1343/1278/1225
f 1305/1287/1226 1371/1288/1226 1445/1289/1226 1355/1290/1226
f 1371/1288/1227 1339/1291/1227 1412/1292/1227 1445/1289/1227
f 1445/1289/1228 1412/1292/1228 1341/1293/1228 1372/1294/1228
f 1355/1290/1229 1445/1289/1229 1372/1294/1229 1307/1295/1229
f 1339/1291/1230 1397/1296/1230 1446/1297/1230 1412/1292/1230
f 1397/1296/1231 1338/1240/1173 1413/1242/1176 1446/1297/1231
f 1446/1297/1232 1413/1242/1180 1340/1226/1181 1399/1298/1232
f 1412/1292/1233 1446/1297/1233 1399/1298/1233 1341/1293/1233
f 1303/1299/1234 1370/1300/1234 1447/1301/1234 1352/1302/1234
f 1370/1300/1235 1337/1303/1235 1414/1304/1235 1447/1301/1235
f 1447/1301/1236 1414/1304/1236 1339/1291/1236 1371/1288/1236
f 1352/1302/1237 1447/1301/1237 1371/1288/1237 1305/1287/1237
f 1337/1303/1238 1395/1305/1238 1448/1306/1238 1414/1304/1238
f 1395/1305/1239 1336/1198/1163 1415/1236/1166 1448/1306/1239
f 1448/1306/1240 1415/1236/1171 1338/1240/1172 1397/1296/1240
f 1414/1304/1241 1448/1306/1241 1397/1296/1241 1339/1291/1241
f 1307/1295/1242 1372/1294/1242 1449/1307/1242 1359/1308/1242
f 1372/1294/1243 1341/1293/1243 1416/1309/1243 1449/1307/1243
f 1449/1307/1244 1416/1309/1244 1325/1310/1244 1351/1311/1244
f 1359/1308/1245 1449/1307/1245 1351/1311/1245 1302/1312/1245
f 1341/1293/1246 1399/1298/1246 1450/1313/1246 1416/1309/1246
f 1399/1298/1247 1340/1226/1153 1417/1229/1156 1450/1313/1247
f 1450/1313/1248 1417/1229/1161 1324/1234/1162 1383/1314/1248
f 1416/1309/1249 1450/1313/1249 1383/1314/1249 1325/1310/1249
f 1312/1315/1250 1368/1316/1250 1451/1317/1250 1356/1318/1250
f 1368/1316/1251 1333/1319/1251 1418/1320/1251 1451/1317/1251
f 1451/1317/1252 1418/1320/1252 1335/1321/1252 1369/1322/1252
f 1356/1318/1253 1451/1317/1253 1369/1322/1253 1301/1323/1253
f 1333/1319/1254 1391/1324/1254 1452/1325/1254 1418/1320/1254
f 1391/1324/1255 1332/1222/1256 1419/1224/1257 1452/1325/1257
f 1452/1325/1258 1419/1224/1258 1334/1190/1258 1393/1326/1258
f 1418/1320/1259 1452/1325/1259 1393/1326/1259 1335/1321/1259
f 1318/1270/1260 1381/1269/1260 1453/1327/1260 1373/1328/1260
f 1381/1269/1261 1347/1268/1261 1420/1329/1261 1453/1327/1261
f 1453/1327/1262 1420/1329/1262 1333/1319/1262 1368/1316/1262
f 1373/1328/1263 1453/1327/1263 1368/1316/1263 1312/1315/1263
f 1347/1268/1264 1405/1273/1264 1454/1330/1264 1420/1329/1264
f 1405/1273/1265 1346/1214/1265 1421/1217/1265 1454/1330/1265
f 1454/1330/1266 1421/1217/1266 1332/1222/1256 1391/1324/1255
f 1420/1329/1267 1454/1330/1267 1391/1324/1267 1333/1319/1267
f 1310/1331/1268 1360/1332/1268 1455/1333/1268 1362/1334/1268
f 1360/1332/1269 1329/1335/1269 1422/1336/1269 1455/1333/1269
f 1455/1333/1270 1422/1336/1270 1331/1337/1270 1361/1338/1270
f 1362/1334/1271 1455/1333/1271 1361/1338/1271 1311/1339/1271
f 1329/1335/1272 1387/1340/1272 1456/1341/1272 1422/1336/1272
f 1387/1340/1273 1328/1207/1273 1423/1209/1273 1456/1341/1273
f 1456/1341/1274 1423/1209/1274 1330/1213/1274 1389/1342/1274
f 1422/1336/1275 1456/1341/1275 1389/1342/1275 1331/1337/1275
f 1308/1248/1276 1358/1245/1276 1457/1343/1276 1363/1344/1276
f 1358/1245/1277 1327/1244/1277 1424/1345/1277 1457/1343/1277
f 1457/1343/1278 1424/1345/1279 1329/1335/1279 1360/1332/1280
f 1363/1344/1281 1457/1343/1278 1360/1332/1280 1310/1331/1281
f 1327/1244/1282 1385/1285/1282 1458/1346/1282 1424/1345/1282
f 1385/1285/1283 1326/1199/1283 1425/1202/1283 1458/1346/1283
f 1458/1346/1284 1425/1202/1132 1328/1207/1133 1387/1340/1284
f 1424/1345/1285 1458/1346/1285 1387/1340/1285 1329/1335/1285
f 1301/1323/1286 1369/1322/1286 1459/1347/1286 1349/1348/1286
f 1369/1322/1287 1335/1321/1287 1426/1349/1287 1459/1347/1287
f 1459/1347/1288 1426/1349/1288 1337/1303/1288 1370/1300/1288
f 1349/1348/1289 1459/1347/1289 1370/1300/1289 1303/1299/1289
f 1335/1321/1290 1393/1326/1290 1460/1350/1290 1426/1349/1290
f 1393/1326/1291 1334/1190/1117 1427/1193/1120 1460/1350/1291
f 1460/1350/1292 1427/1193/1125 1336/1198/1126 1395/1305/1292
f 1426/1349/1293 1460/1350/1293 1395/1305/1293 1337/1303/1293
f 1495/1351/1294 1588/1352/1295 1589/1353/1296 1553/1354/1297
f 1553/1354/1297 1589/1353/1296 1526/1355/1298 1475/1356/1298
f 1589/1353/1299 1555/1357/1300 1476/1358/1301 1526/1355/1301
f 1588/1352/1302 1497/1359/1303 1555/1357/1300 1589/1353/1299
f 1487/1360/1304 1586/1361/1304 1590/1362/1304 1545/1363/1304
f 1545/1363/1305 1590/1362/1305 1515/1364/1305 1461/1365/1305
f 1590/1362/1306 1547/1366/1307 1465/1367/1308 1515/1364/1308
f 1586/1361/1309 1489/1368/1310 1547/1366/1307 1590/1362/1306
f 1489/1368/1311 1584/1369/1311 1591/1370/1311 1547/1366/1311
f 1547/1366/1312 1591/1370/1312 1518/1371/1312 1465/1367/1312
f 1591/1370/1313 1549/1372/1313 1467/1373/1313 1518/1371/1313
f 1584/1369/1314 1491/1374/1314 1549/1372/1314 1591/1370/1314
f 1507/1375/1315 1582/1376/1315 1592/1377/1315 1565/1378/1315
f 1565/1378/1316 1592/1377/1316 1514/1379/1316 1484/1380/1316
f 1592/1377/1317 1551/1381/1318 1474/1382/1319 1514/1379/1320
f 1582/1376/1321 1493/1383/1322 1551/1381/1318 1592/1377/1317
f 1493/1383/1322 1580/1384/1323 1593/1385/1324 1551/1381/1318
f 1551/1381/1318 1593/1385/1324 1511/1386/1325 1474/1382/1319
f 1593/1385/1326 1553/1354/1327 1475/1356/1328 1511/1386/1328
f 1580/1384/1329 1495/1351/1329 1553/1354/1327 1593/1385/1326
f 1501/1387/1330 1578/1388/1331 1594/1389/1332 1559/1390/1333
f 1559/1390/1333 1594/1389/1332 1525/1391/1334 1478/1392/1334
f 1594/1389/1335 1543/1393/1336 1470/1394/1337 1525/1391/1337
f 1578/1388/1338 1485/1395/1339 1543/1393/1336 1594/1389/1335
f 1497/1359/1340 1576/1396/1341 1595/1397/1342 1555/1357/1343
f 1555/1357/1343 1595/1397/1342 1527/1398/1344 1476/1358/1344
f 1595/1397/1345 1557/1399/1346 1477/1400/1347 1527/1398/1347
f 1576/1396/1348 1499/1401/1349 1557/1399/1346 1595/1397/1345
f 1499/1401/1350 1574/1402/1351 1596/1403/1352 1557/1399/1353
f 1557/1399/1353 1596/1403/1352 1528/1404/1354 1477/1400/1354
f 1596/1403/1355 1559/1390/1355 1478/1392/1356 1528/1404/1356
f 1574/1402/1357 1501/1387/1358 1559/1390/1355 1596/1403/1355
f 1488/1405/1359 1572/1406/1359 1597/1407/1359 1519/1408/1359
f 1519/1408/1360 1597/1407/1360 1537/1409/1360 1469/1410/1360
f 1597/1407/1361 1561/1411/1361 1482/1412/1361 1537/1409/1361
f 1572/1406/1362 1503/1413/1362 1561/1411/1362 1597/1407/1362
f 1503/1413/1363 1570/1414/1364 1598/1415/1365 1561/1411/1363
f 1561/1411/1366 1598/1415/1367 1538/1416/1368 1482/1412/1366
f 1598/1415/1367 1563/1417/1369 1483/1418/1369 1538/1416/1368
f 1570/1414/1364 1505/1419/1370 1563/1417/1370 1598/1415/1365
f 1505/1419/1371 1568/1420/1371 1599/1421/1371 1563/1417/1371
f 1563/1417/1372 1599/1421/1372 1539/1422/1372 1483/1418/1372
f 1599/1421/1373 1565/1378/1373 1484/1380/1373 1539/1422/1373
f 1568/1420/1374 1507/1375/1374 1565/1378/1374 1599/1421/1374
f 1480/1423/1375 1535/1424/1375 1600/1425/1375 1541/1426/1375
f 1541/1426/1376 1600/1425/1376 1567/1427/1376 1506/1428/1376
f 1600/1425/1377 1542/1429/1377 1508/1430/1377 1567/1427/1377
f 1535/1424/1378 1479/1431/1378 1542/1429/1378 1600/1425/1378
f 1506/1428/1379 1567/1427/1379 1601/1432/1379 1564/1433/1379
f 1564/1433/1380 1601/1432/1380 1568/1420/1380 1505/1419/1380
f 1601/1432/1381 1566/1434/1381 1507/1375/1381 1568/1420/1381
f 1567/1427/1382 1508/1430/1382 1566/1434/1382 1601/1432/1382
f 1481/1435/1383 1536/1436/1383 1602/1437/1383 1540/1438/1383
f 1540/1438/1384 1602/1437/1384 1569/1439/1384 1504/1440/1384
f 1602/1437/1385 1541/1426/1385 1506/1428/1385 1569/1439/1385
f 1536/1436/1386 1480/1423/1386 1541/1426/1386 1602/1437/1386
f 1504/1440/1387 1569/1439/1388 1603/1441/1389 1562/1442/1387
f 1562/1442/1390 1603/1441/1391 1570/1414/1392 1503/1413/1390
f 1603/1441/1391 1564/1433/1393 1505/1419/1393 1570/1414/1392
f 1569/1439/1388 1506/1428/1394 1564/1433/1394 1603/1441/1389
f 1461/1365/1395 1509/1443/1395 1604/1444/1395 1545/1363/1395
f 1545/1363/1396 1604/1444/1396 1571/1445/1396 1487/1360/1396
f 1604/1444/1397 1540/1438/1397 1504/1440/1397 1571/1445/1397
f 1509/1443/1398 1481/1435/1398 1540/1438/1398 1604/1444/1398
f 1487/1360/1399 1571/1445/1399 1605/1446/1399 1546/1447/1399
f 1546/1447/1400 1605/1446/1400 1572/1406/1400 1488/1405/1400
f 1605/1446/1401 1562/1442/1401 1503/1413/1401 1572/1406/1401
f 1571/1445/1402 1504/1440/1402 1562/1442/1402 1605/1446/1402
f 1466/1448/1403 1516/1449/1403 1606/1450/1403 1532/1451/1403
f 1532/1451/1404 1606/1450/1404 1573/1452/1404 1500/1453/1404
f 1606/1450/1405 1533/1454/1405 1502/1455/1405 1573/1452/1405
f 1516/1449/1406 1468/1456/1406 1533/1454/1406 1606/1450/1406
f 1500/1453/1407 1573/1452/1407 1607/1457/1407 1558/1458/1407
f 1558/1458/1408 1607/1457/1408 1574/1402/1351 1499/1401/1350
f 1607/1457/1409 1560/1459/1409 1501/1387/1358 1574/1402/1357
f 1573/1452/1410 1502/1455/1410 1560/1459/1410 1607/1457/1410
f 1464/1460/1411 1513/1461/1411 1608/1462/1411 1531/1463/1411
f 1531/1463/1412 1608/1462/1412 1575/1464/1412 1498/1465/1412
f 1608/1462/1413 1532/1451/1413 1500/1453/1413 1575/1464/1413
f 1513/1461/1414 1466/1448/1414 1532/1451/1414 1608/1462/1414
f 1498/1465/1415 1575/1464/1415 1609/1466/1415 1556/1467/1415
f 1556/1467/1416 1609/1466/1416 1576/1396/1341 1497/1359/1340
f 1609/1466/1417 1558/1458/1417 1499/1401/1349 1576/1396/1348
f 1575/1464/1418 1500/1453/1418 1558/1458/1418 1609/1466/1418
f 1468/1456/1419 1520/1468/1419 1610/1469/1419 1533/1454/1419
f 1533/1454/1420 1610/1469/1420 1577/1470/1420 1502/1455/1420
f 1610/1469/1421 1512/1471/1421 1486/1472/1421 1577/1470/1421
f 1520/1468/1422 1463/1473/1422 1512/1471/1422 1610/1469/1422
f 1502/1455/1423 1577/1470/1423 1611/1474/1423 1560/1459/1423
f 1560/1459/1424 1611/1474/1424 1578/1388/1331 1501/1387/1330
f 1611/1474/1425 1544/1475/1425 1485/1395/1339 1578/1388/1338
f 1577/1470/1426 1486/1472/1426 1544/1475/1426 1611/1474/1426
f 1473/1476/1427 1517/1477/1427 1612/1478/1427 1529/1479/1427
f 1529/1479/1428 1612/1478/1428 1579/1480/1428 1494/1481/1428
f 1612/1478/1429 1530/1482/1429 1496/1483/1429 1579/1480/1429
f 1517/1477/1430 1462/1484/1430 1530/1482/1430 1612/1478/1430
f 1494/1481/1431 1579/1480/1431 1613/1485/1431 1552/1486/1431
f 1552/1486/1432 1613/1485/1433 1580/1384/1433 1493/1383/1434
f 1613/1485/1435 1554/1487/1435 1495/1351/1435 1580/1384/1435
f 1579/1480/1436 1496/1483/1436 1554/1487/1436 1613/1485/1436
f 1479/1431/1437 1534/1488/1437 1614/1489/1437 1542/1429/1437
f 1542/1429/1438 1614/1489/1438 1581/1490/1438 1508/1430/1438
f 1614/1489/1439 1529/1479/1439 1494/1481/1439 1581/1490/1439
f 1534/1488/1440 1473/1476/1440 1529/1479/1440 1614/1489/1440
f 1508/1430/1441 1581/1490/1441 1615/1491/1441 1566/1434/1441
f 1566/1434/1442 1615/1491/1442 1582/1376/1442 1507/1375/1442
f 1615/1491/1443 1552/1486/1432 1493/1383/1434 1582/1376/1443
f 1581/1490/1444 1494/1481/1444 1552/1486/1444 1615/1491/1444
f 1471/1492/1445 1523/1493/1445 1616/1494/1445 1521/1495/1445
f 1521/1495/1446 1616/1494/1446 1583/1496/1446 1490/1497/1446
f 1616/1494/1447 1522/1498/1447 1492/1499/1447 1583/1496/1447
f 1523/1493/1448 1472/1500/1448 1522/1498/1448 1616/1494/1448
f 1490/1497/1449 1583/1496/1449 1617/1501/1449 1548/1502/1449
f 1548/1502/1450 1617/1501/1450 1584/1369/1450 1489/1368/1450
f 1617/1501/1451 1550/1503/1451 1491/1374/1451 1584/1369/1451
f 1583/1496/1452 1492/1499/1452 1550/1503/1452 1617/1501/1452
f 1469/1410/1453 1524/1504/1453 1618/1505/1453 1519/1408/1453
f 1519/1408/1454 1618/1505/1454 1585/1506/1454 1488/1405/1454
f 1618/1505/1455 1521/1495/1456 1490/1497/1457 1585/1506/1457
f 1524/1504/1458 1471/1492/1458 1521/1495/1456 1618/1505/1455
f 1488/1405/1459 1585/1506/1459 1619/1507/1459 1546/1447/1459
f 1546/1447/1460 1619/1507/1460 1586/1361/1460 1487/1360/1460
f 1619/1507/1461 1548/1502/1461 1489/1368/1310 1586/1361/1309
f 1585/1506/1462 1490/1497/1462 1548/1502/1462 1619/1507/1462
f 1462/1484/1463 1510/1508/1463 1620/1509/1463 1530/1482/1463
f 1530/1482/1464 1620/1509/1464 1587/1510/1464 1496/1483/1464
f 1620/1509/1465 1531/1463/1465 1498/1465/1465 1587/1510/1465
f 1510/1508/1466 1464/1460/1466 1531/1463/1466 1620/1509/1466
f 1496/1483/1467 1587/1510/1467 1621/1511/1467 1554/1487/1467
f 1554/1487/1468 1621/1511/1468 1588/1352/1295 1495/1351/1294
f 1621/1511/1469 1556/1467/1469 1497/1359/1303 1588/1352/1302
f 1587/1510/1470 1498/1465/1470 1556/1467/1470 1621/1511/1470
